-0.00,-0.00,-0.00,-0.00,0.82
-0.00,-0.00,-0.00,-0.00,0.82
-0.00,-0.00,-0.00,-0.00,0.82
-0.00,-0.00,-0.00,-0.00,0.82
-0.00,-0.00,-0.00,-0.00,0.82
-0.00,-0.00,-0.00,-0.00,0.82
-0.00,-0.00,-0.00,-0.00,0.82
-0.00,-0.00,-0.00,-0.00,0.82
-0.00,-0.00,-0.00,-0.00,0.82
-0.00,-0.00,-0.00,-0.00,0.82
5.56,5.56,0.53,3.00,3.75
15.04,15.04,7.79,10.95,12.12
28.29,28.29,18.58,24.53,23.94
51.54,51.54,42.03,46.35,36.74
62.94,62.94,32.32,56.23,34.24
64.38,64.38,29.24,56.74,35.91
63.16,63.16,30.37,57.88,38.32
66.82,66.82,25.38,58.51,45.85
66.30,66.30,29.26,57.94,55.28
71.46,71.46,27.20,53.41,59.68
70.47,70.47,27.77,49.06,61.66
69.50,69.50,29.70,44.90,63.49
70.61,70.61,28.68,40.35,64.88
72.44,72.44,29.49,42.72,66.73
71.35,71.35,31.45,42.19,66.35
70.70,70.70,31.13,40.79,65.95
72.22,72.22,30.91,42.20,65.75
73.79,73.79,32.29,43.68,64.89
74.81,74.81,31.17,42.16,63.63
74.70,74.70,37.39,40.10,62.64
74.12,74.12,28.31,39.22,65.97
76.19,76.19,23.12,34.62,67.54
77.89,77.89,30.28,35.04,69.13
78.98,78.98,28.48,35.83,70.63
78.39,78.39,27.02,37.97,72.68
78.91,78.91,26.50,37.78,74.48
79.39,79.39,28.54,35.54,76.21
79.54,79.54,24.88,34.94,77.41
77.13,77.13,26.24,32.18,78.19
75.90,75.90,25.49,29.81,79.20
72.78,72.78,25.54,30.25,79.38
72.84,72.84,24.39,31.70,79.96
72.82,72.82,26.04,30.07,80.61
75.43,75.43,24.06,30.15,80.85
75.81,75.81,22.34,30.43,80.67
76.50,76.50,22.08,29.56,80.32
75.62,75.62,25.68,33.75,79.22
74.60,74.60,29.56,33.74,78.54
76.27,76.27,30.89,31.12,76.88
76.77,76.77,27.73,37.71,74.24
74.68,74.68,27.45,39.58,69.15
75.28,75.28,25.06,42.52,60.39
75.99,75.99,25.18,51.12,58.51
75.45,75.45,25.26,53.43,65.53
73.89,73.89,24.34,47.77,70.43
69.41,69.41,24.73,43.44,72.56
72.21,72.21,24.67,42.15,72.79
78.37,78.37,24.92,43.96,72.43
79.19,79.19,23.35,45.70,72.43
78.07,78.07,24.94,47.95,72.46
81.20,81.20,26.21,47.17,74.55
81.33,81.33,32.18,48.68,75.06
79.96,79.96,29.31,50.51,74.41
77.01,77.01,28.06,51.11,75.70
75.48,75.48,26.18,50.93,76.27
77.97,77.97,20.36,51.00,75.99
79.36,79.36,23.39,52.50,75.17
77.99,77.99,25.36,53.29,74.24
75.53,75.53,28.01,54.24,75.25
73.19,73.19,25.00,55.58,75.73
77.44,77.44,22.13,56.15,75.36
79.64,79.64,21.08,57.04,75.64
79.42,79.42,25.54,58.50,75.94
77.30,77.30,28.17,59.80,76.23
76.83,76.83,27.55,60.27,75.88
79.33,79.33,29.46,61.89,76.66
79.69,79.69,27.43,62.61,76.79
79.42,79.42,25.03,63.11,76.76
79.69,79.69,25.45,63.46,77.06
78.49,78.49,23.61,63.84,77.53
78.50,78.50,23.93,64.02,78.42
77.13,77.13,25.78,63.67,78.80
75.51,75.51,27.60,63.69,80.20
75.05,75.05,26.84,64.60,80.97
77.15,77.15,23.72,65.08,81.05
78.23,78.23,23.10,65.67,80.90
78.23,78.23,25.92,65.08,80.26
77.35,77.35,31.10,63.83,79.53
75.77,75.77,33.02,63.31,79.11
74.22,74.22,32.66,62.67,77.82
77.73,77.73,31.93,62.65,76.15
76.35,76.35,28.26,62.19,74.18
79.28,79.28,26.02,62.61,71.45
79.20,79.20,26.94,64.30,69.72
77.88,77.88,26.85,65.26,70.96
75.49,75.49,26.56,65.74,73.25
77.18,77.18,28.54,65.34,74.61
78.77,78.77,29.53,65.21,74.81
77.72,77.72,28.05,66.34,74.75
73.90,73.90,27.55,67.03,74.10
72.76,72.76,30.41,67.34,74.17
75.45,75.45,28.95,66.23,74.57
76.13,76.13,27.40,64.77,73.74
73.23,73.23,28.29,64.20,71.83
70.71,70.71,26.83,63.60,68.76
69.13,69.13,26.85,60.98,64.91
73.44,73.44,25.08,59.15,61.38
77.90,77.90,24.20,56.35,58.59
81.60,81.60,24.72,57.88,65.10
80.31,80.31,25.16,60.92,70.30
76.82,76.82,24.93,61.23,72.44
77.06,77.06,25.64,61.69,74.84
80.10,80.10,26.12,62.37,75.76
79.23,79.23,25.14,63.24,75.99
80.71,80.71,24.46,64.43,76.19
78.79,78.79,25.13,65.16,76.55
74.97,74.97,25.44,65.78,76.94
70.45,70.45,27.85,64.83,77.07
75.01,75.01,27.27,63.34,75.84
80.15,80.15,27.08,64.13,75.24
80.66,80.66,29.77,64.98,74.70
79.50,79.50,30.61,65.97,74.76
77.53,77.53,29.44,66.31,74.57
75.43,75.43,30.69,66.45,74.19
77.03,77.03,31.20,67.31,74.21
76.28,76.28,29.47,67.91,73.95
75.17,75.17,32.89,67.94,73.53
73.53,73.53,28.04,68.29,72.77
72.83,72.83,27.83,67.97,71.64
76.17,76.17,28.51,66.69,69.68
77.73,77.73,25.81,65.04,65.00
76.65,76.65,26.23,63.57,60.26
76.46,76.46,26.92,57.18,57.00
76.72,76.72,28.83,55.46,58.78
79.08,79.08,29.60,59.78,61.41
80.04,80.04,28.76,60.96,64.04
78.55,78.55,28.32,60.98,65.39
75.98,75.98,27.15,59.27,66.17
75.87,75.87,27.61,59.65,66.71
75.52,75.52,28.30,60.72,66.08
74.52,74.52,27.53,59.63,64.09
74.79,74.79,27.05,58.08,62.50
74.77,74.77,27.17,56.49,61.50
76.82,76.82,25.74,56.86,59.70
78.82,78.82,26.19,60.58,64.14
80.65,80.65,26.22,60.23,66.67
83.26,83.26,25.79,57.80,69.58
82.69,82.69,26.00,59.60,72.46
80.08,80.08,26.98,62.90,74.54
78.97,78.97,26.73,66.33,76.03
81.46,81.46,26.57,66.91,76.73
83.85,83.85,27.00,66.27,76.68
82.66,82.66,26.21,65.64,76.42
77.44,77.44,26.03,65.70,76.10
79.12,79.12,26.69,64.72,74.62
79.24,79.24,26.31,64.29,74.63
76.19,76.19,26.88,63.20,74.44
75.61,75.61,26.00,62.52,73.88
73.08,73.08,25.39,63.23,72.61
75.16,75.16,26.68,63.67,70.64
77.58,77.58,27.08,63.01,72.38
78.40,78.40,24.48,62.60,73.12
77.23,77.23,25.31,61.52,72.66
79.06,79.06,25.88,59.83,71.17
77.01,77.01,27.83,55.27,67.45
77.75,77.75,27.29,52.74,63.12
76.72,76.72,26.27,51.50,61.35
75.70,75.70,27.51,56.33,59.42
76.36,76.36,27.92,59.67,59.78
75.28,75.28,28.38,61.09,57.77
76.65,76.65,27.32,60.49,57.85
75.59,75.59,27.70,58.01,58.83
74.36,74.36,24.47,59.13,59.07
72.85,72.85,25.21,56.08,60.98
73.61,73.61,24.75,51.56,58.26
74.04,74.04,25.18,56.36,62.05
73.84,73.84,25.00,54.47,60.43
70.68,70.68,24.96,57.01,63.24
67.70,67.70,23.00,55.57,61.47
73.15,73.15,23.78,56.62,66.96
69.67,69.67,24.10,52.99,66.97
70.21,70.21,27.12,54.16,63.80
70.73,70.73,27.60,52.97,65.56
72.15,72.15,26.49,52.99,65.06
73.66,73.66,26.54,53.72,66.02
71.32,71.32,26.73,54.14,65.83
70.39,70.39,26.70,57.37,64.70
72.11,72.11,26.31,52.16,66.96
72.90,72.90,25.28,53.66,67.15
70.60,70.60,24.65,52.99,66.87
74.11,74.11,21.97,54.94,67.79
75.84,75.84,22.62,54.01,65.79
73.38,73.38,20.67,53.87,67.68
73.87,73.87,20.88,55.34,72.04
73.42,73.42,20.73,51.34,74.32
76.14,76.14,20.86,56.34,77.03
77.16,77.16,19.38,56.32,74.53
78.07,78.07,19.37,57.40,73.14
79.15,79.15,19.77,60.42,70.41
77.95,77.95,22.70,60.38,72.35
80.03,80.03,21.53,63.58,73.83
80.32,80.32,22.04,62.25,74.72
79.36,79.36,21.64,64.64,75.47
78.07,78.07,21.75,65.59,76.97
76.53,76.53,21.90,64.47,76.55
73.75,73.75,19.94,67.32,78.99
72.35,72.35,19.65,65.28,79.41
71.84,71.84,19.87,66.02,78.47
71.09,71.09,19.74,66.88,80.18
71.39,71.39,20.66,67.00,79.85
72.45,72.45,19.71,66.11,79.54
74.78,74.78,19.04,66.63,79.31
75.91,75.91,21.06,65.94,79.47
75.56,75.56,23.83,64.91,76.96
75.70,75.70,23.92,65.92,76.50
73.57,73.57,24.27,64.49,76.01
74.47,74.47,24.68,60.24,73.76
75.10,75.10,26.95,60.41,70.27
72.64,72.64,26.09,59.65,68.07
73.89,73.89,23.60,55.51,64.07
75.80,75.80,22.25,53.83,68.34
75.92,75.92,20.40,58.57,70.28
73.95,73.95,19.90,58.45,69.86
72.13,72.13,20.16,54.30,68.56
69.22,69.22,19.28,56.97,68.26
68.89,68.89,19.91,55.71,68.13
74.02,74.02,21.09,56.31,70.96
76.31,76.31,19.25,57.69,71.57
73.11,73.11,17.48,58.92,76.70
74.94,74.94,17.07,59.70,76.76
74.18,74.18,18.04,61.87,77.84
74.74,74.74,19.34,59.99,80.12
73.75,73.75,19.63,60.90,78.49
73.37,73.37,18.49,63.10,79.20
73.48,73.48,18.67,62.15,75.56
75.74,75.74,18.45,63.28,72.44
76.44,76.44,17.46,62.81,78.74
73.69,73.69,17.72,62.19,76.01
73.64,73.64,19.01,61.67,78.68
73.12,73.12,17.53,62.81,77.56
71.47,71.47,18.54,61.84,79.10
69.93,69.93,18.23,62.43,75.95
71.22,71.22,19.09,64.06,76.83
73.90,73.90,21.92,65.27,73.35
76.66,76.66,20.87,64.78,77.15
76.90,76.90,19.24,65.37,79.71
76.33,76.33,19.56,66.12,76.67
77.47,77.47,20.02,64.27,74.89
77.81,77.81,20.78,64.57,73.61
79.29,79.29,24.47,63.50,72.17
80.22,80.22,23.75,66.26,72.90
78.65,78.65,19.76,65.18,69.57
72.01,72.01,17.82,64.26,72.42
70.27,70.27,17.81,63.25,74.67
68.67,68.67,17.36,61.19,72.82
71.33,71.33,17.10,61.20,71.85
69.64,69.64,19.36,63.36,71.89
72.33,72.33,24.09,62.94,68.24
72.59,72.59,27.86,61.79,68.50
68.99,68.99,28.94,58.00,62.85
69.65,69.65,26.82,59.36,65.17
71.62,71.62,22.67,56.66,71.59
71.49,71.49,22.43,60.02,68.27
70.43,70.43,23.15,56.02,65.39
68.68,68.68,24.22,54.79,67.34
69.54,69.54,24.22,54.60,65.99
70.26,70.26,25.58,57.26,70.42
72.79,72.79,23.00,57.00,67.07
74.38,74.38,23.76,57.36,62.28
70.95,70.95,22.75,49.86,64.29
73.46,73.46,23.44,53.09,70.19
73.58,73.58,27.08,49.83,73.67
76.10,76.10,26.13,53.55,72.99
77.07,77.07,22.29,51.29,70.13
77.44,77.44,24.77,48.89,68.69
77.29,77.29,24.47,47.04,73.12
78.95,78.95,27.88,46.80,74.05
78.36,78.36,26.03,48.41,76.14
77.63,77.63,23.96,51.79,77.73
75.78,75.78,24.60,54.08,77.78
73.18,73.18,24.75,48.76,78.55
70.49,70.49,26.03,53.58,79.21
70.67,70.67,23.37,49.46,79.18
70.13,70.13,20.93,53.11,79.71
70.46,70.46,20.46,52.29,80.49
70.49,70.49,21.97,50.05,80.74
74.39,74.39,26.61,48.44,79.34
73.40,73.40,30.90,47.00,78.41
73.78,73.78,33.35,49.04,78.96
72.56,72.56,30.99,52.48,77.81
73.48,73.48,30.39,49.58,75.39
71.72,71.72,28.57,47.90,71.77
70.39,70.39,26.82,52.93,64.53
72.42,72.42,27.16,53.70,60.61
72.93,72.93,27.34,56.20,63.60
71.88,71.88,26.95,53.52,69.05
72.09,72.09,26.49,55.23,69.47
70.16,70.16,25.75,46.44,67.87
68.90,68.90,24.94,48.46,70.00
72.80,72.80,25.26,46.71,71.24
76.14,76.14,24.74,51.88,71.63
72.64,72.64,23.40,44.39,73.15
73.44,73.44,24.33,46.35,75.89
73.69,73.69,25.78,49.37,76.52
73.72,73.72,25.50,48.82,76.47
72.40,72.40,26.30,46.84,75.90
74.44,74.44,26.35,49.54,72.74
74.56,74.56,24.80,46.32,76.33
75.14,75.14,21.45,53.78,78.77
73.14,73.14,21.03,50.50,77.54
73.06,73.06,22.97,51.31,75.83
72.09,72.09,23.79,51.38,76.92
69.37,69.37,22.37,51.58,75.00
69.78,69.78,20.90,54.09,73.96
71.66,71.66,20.09,53.52,77.58
74.76,74.76,21.35,53.17,76.24
75.45,75.45,22.76,49.56,77.46
74.37,74.37,23.76,52.55,75.33
75.53,75.53,26.66,54.68,77.99
77.69,77.69,26.47,51.80,77.62
77.81,77.81,25.58,54.54,77.83
77.98,77.98,28.36,55.62,78.42
75.72,75.72,28.41,55.15,76.48
72.31,72.31,28.40,56.18,74.44
72.27,72.27,27.36,58.48,74.87
74.45,74.45,25.90,58.31,75.68
75.35,75.35,25.31,57.84,78.82
75.66,75.66,25.94,60.17,80.11
72.60,72.60,28.01,59.17,81.02
72.19,72.19,30.49,60.74,80.69
71.18,71.18,28.61,60.67,81.05
71.69,71.69,24.04,60.25,79.77
71.39,71.39,22.03,57.52,77.11
69.88,69.88,22.86,56.18,75.58
68.69,68.69,25.76,54.53,76.63
70.34,70.34,27.79,58.01,76.55
71.21,71.21,27.26,56.23,71.62
70.15,70.15,25.27,52.36,66.23
70.70,70.70,24.80,52.65,69.36
72.14,72.14,27.43,54.44,72.92
73.42,73.42,32.34,53.02,67.87
69.98,69.98,34.54,50.15,66.62
70.34,70.34,31.39,54.48,68.87
72.19,72.19,27.40,55.01,71.28
72.31,72.31,31.24,54.87,67.17
75.44,75.44,34.33,47.69,60.96
72.76,72.76,30.78,49.15,63.01
75.00,75.00,24.41,51.29,70.34
76.06,76.06,22.67,56.44,72.60
77.94,77.94,23.88,54.27,73.21
78.32,78.32,24.53,50.34,69.05
78.19,78.19,27.31,53.59,72.76
79.68,79.68,28.82,55.92,76.11
79.39,79.39,27.14,57.19,77.03
78.10,78.10,27.36,54.64,76.87
76.45,76.45,32.12,51.85,77.55
73.31,73.31,34.93,54.94,79.17
71.90,71.90,33.19,55.14,80.33
71.23,71.23,33.50,53.37,80.42
72.84,72.84,32.83,52.42,80.06
73.72,73.72,33.45,53.16,80.74
75.02,75.02,30.76,53.13,80.84
75.38,75.38,32.83,54.52,79.30
75.05,75.05,31.53,52.41,78.04
73.91,73.91,32.00,51.79,77.46
75.88,75.88,30.89,53.44,75.80
74.95,74.95,30.79,53.80,70.97
73.64,73.64,30.69,52.31,61.27
74.40,74.40,28.62,53.48,61.60
74.53,74.53,32.04,56.45,64.56
74.31,74.31,28.96,57.47,65.71
70.02,70.02,31.32,56.70,70.33
69.88,69.88,31.04,53.06,70.83
75.59,75.59,27.73,53.29,70.22
77.68,77.68,25.11,54.78,70.64
77.38,77.38,28.39,56.82,72.60
77.99,77.99,32.58,53.34,74.09
80.12,80.12,34.09,54.15,75.79
78.74,78.74,29.45,55.85,75.77
76.35,76.35,27.21,56.71,75.63
75.47,75.47,29.19,54.91,74.99
75.95,75.95,28.65,54.94,76.14
77.79,77.79,27.60,55.45,76.29
77.99,77.99,26.36,54.77,75.16
76.12,76.12,28.39,52.76,73.28
72.30,72.30,29.02,53.27,75.40
74.49,74.49,25.72,54.53,76.01
78.27,78.27,26.45,55.41,76.77
78.64,78.64,29.20,53.14,76.48
77.87,77.87,30.08,52.85,76.08
75.96,75.96,27.51,53.41,76.29
78.03,78.03,34.14,53.22,77.66
79.63,79.63,32.18,53.33,78.05
78.65,78.65,26.57,51.74,77.40
78.75,78.75,25.25,54.37,76.87
78.11,78.11,26.46,52.83,77.20
77.50,77.50,28.80,55.37,78.96
77.07,77.07,27.83,53.45,79.29
76.06,76.06,27.45,52.92,80.15
73.64,73.64,29.88,51.93,81.36
75.34,75.34,30.48,52.16,82.35
76.52,76.52,28.55,51.86,82.36
77.12,77.12,26.60,51.67,81.41
76.82,76.82,26.55,49.76,80.47
75.18,75.18,28.46,52.22,80.79
73.99,73.99,31.14,52.67,79.95
76.33,76.33,28.83,55.07,77.96
76.99,76.99,29.51,53.71,75.92
77.11,77.11,28.06,53.29,74.35
78.42,78.42,25.15,56.12,71.79
77.69,77.69,28.62,57.68,73.81
76.27,76.27,33.20,57.84,75.04
75.85,75.85,34.85,57.25,75.65
78.67,78.67,31.78,56.25,76.39
78.11,78.11,28.82,57.63,77.36
75.31,75.31,33.12,58.21,76.74
72.84,72.84,33.66,57.82,75.99
72.33,72.33,33.38,55.63,76.22
75.81,75.81,30.24,55.65,75.90
74.55,74.55,31.07,56.39,74.65
70.82,70.82,30.87,56.40,72.37
68.38,68.38,30.02,54.41,68.92
70.03,70.03,29.77,51.78,65.60
74.30,74.30,28.55,54.45,66.08
78.58,78.58,28.34,51.93,69.42
79.45,79.45,28.50,56.32,70.90
76.86,76.86,27.79,54.88,73.37
74.76,74.76,30.15,53.64,74.73
77.49,77.49,27.71,52.60,75.86
78.29,78.29,27.04,50.73,76.97
78.79,78.79,27.14,48.99,77.94
79.11,79.11,26.48,51.46,78.13
75.91,75.91,27.67,53.04,78.36
71.79,71.79,29.27,53.94,78.53
71.30,71.30,29.84,52.14,77.78
78.58,78.58,28.24,51.72,77.00
80.80,80.80,29.65,54.63,76.65
80.04,80.04,30.31,55.59,76.32
78.97,78.97,29.56,55.26,76.07
76.19,76.19,30.19,55.39,76.48
75.73,75.73,29.46,53.74,76.82
77.09,77.09,31.66,54.95,76.61
74.68,74.68,30.80,56.90,76.30
73.51,73.51,30.20,55.76,76.08
71.89,71.89,30.80,55.41,75.71
74.38,74.38,28.64,56.44,73.72
76.54,76.54,25.82,57.29,71.31
76.67,76.67,28.19,58.26,67.26
76.04,76.04,27.29,55.98,64.29
76.02,76.02,29.38,53.27,63.04
76.71,76.71,30.05,56.56,64.54
78.03,78.03,30.76,55.90,67.16
78.24,78.24,30.55,52.68,68.31
75.68,75.68,29.26,50.25,68.90
74.84,74.84,29.20,48.22,68.99
74.67,74.67,29.57,49.32,68.59
73.67,73.67,30.70,54.61,66.67
74.23,74.23,29.07,54.41,65.73
74.77,74.77,30.07,54.17,64.48
73.43,73.43,29.58,53.19,63.87
76.74,76.74,29.05,54.60,68.35
78.55,78.55,28.03,56.25,70.16
80.77,80.77,27.51,53.06,70.89
81.87,81.87,28.05,53.56,74.15
80.04,80.04,28.59,53.71,75.99
77.37,77.37,30.54,48.82,77.74
79.04,79.04,28.94,52.18,78.76
81.75,81.75,27.79,54.11,79.06
82.43,82.43,26.24,53.18,78.78
77.98,77.98,26.49,50.60,78.24
78.09,78.09,26.45,51.63,77.24
79.06,79.06,26.05,50.40,76.92
78.39,78.39,27.25,52.37,76.47
74.98,74.98,28.27,52.52,75.80
74.76,74.76,28.63,48.44,75.10
72.57,72.57,28.54,50.65,74.34
74.78,74.78,28.92,53.96,74.05
76.17,76.17,28.22,54.47,73.17
75.76,75.76,26.93,55.30,74.09
77.69,77.69,24.34,55.55,73.25
77.16,77.16,26.90,54.10,70.79
77.16,77.16,28.14,50.21,66.84
76.61,76.61,26.27,48.73,61.45
75.99,75.99,26.56,52.75,60.44
75.68,75.68,27.68,53.81,59.77
75.15,75.15,28.58,56.34,58.71
75.49,75.49,27.30,57.80,59.56
75.49,75.49,28.48,57.71,58.22
74.24,74.24,27.45,55.22,59.63
71.09,71.09,26.39,55.12,60.27
72.66,72.66,26.57,53.99,59.40
73.75,73.75,26.71,53.56,59.11
74.11,74.11,26.17,54.05,60.76
73.49,73.49,26.98,56.02,62.74
70.11,70.11,27.09,56.54,61.62
73.25,73.25,26.48,55.67,61.95
75.94,75.94,28.89,54.19,62.83
75.08,75.08,28.47,52.88,60.16
72.70,72.70,28.77,51.29,56.54
77.07,77.07,27.91,48.47,55.95
77.03,77.03,26.71,51.01,58.70
77.61,77.61,28.86,53.49,63.11
75.84,75.84,32.17,52.21,64.44
76.11,76.11,33.75,51.98,66.02
77.19,77.19,34.68,49.28,68.81
77.00,77.00,34.01,42.72,68.42
78.75,78.75,29.01,51.81,69.16
78.48,78.48,26.63,50.19,70.46
78.29,78.29,30.01,51.93,69.87
76.99,76.99,28.02,52.30,67.96
77.44,77.44,28.44,49.22,65.89
72.39,72.39,31.75,46.21,60.20
75.88,75.88,30.07,39.11,57.59
74.82,74.82,28.34,40.24,58.33
74.54,74.54,27.41,47.50,58.57
76.52,76.52,27.98,49.73,60.83
80.00,80.00,31.10,48.69,63.07
80.73,80.73,31.14,46.75,63.92
80.18,80.18,32.13,42.07,65.10
78.83,78.83,35.10,43.01,65.86
77.45,77.45,35.00,43.06,65.77
81.03,81.03,34.22,41.94,67.41
79.09,79.09,34.10,42.40,66.64
77.44,77.44,33.95,45.22,65.70
79.73,79.73,30.83,41.07,66.70
80.71,80.71,31.82,43.45,65.78
79.99,79.99,30.51,46.18,66.57
78.72,78.72,30.63,44.54,65.34
79.33,79.33,31.29,44.46,64.26
79.00,79.00,31.02,40.19,65.89
79.12,79.12,30.84,40.73,67.15
79.69,79.69,28.54,36.88,69.61
78.42,78.42,28.91,36.44,71.01
78.20,78.20,23.10,44.26,71.78
77.04,77.04,24.35,44.54,72.19
77.56,77.56,28.77,46.75,70.52
76.10,76.10,30.98,49.26,69.13
77.96,77.96,32.19,50.19,63.31
79.05,79.05,29.85,50.65,62.71
76.50,76.50,30.18,47.55,63.25
73.59,73.59,33.19,49.22,64.85
77.97,77.97,36.73,47.93,64.29
72.49,72.49,37.65,44.01,64.47
77.69,77.69,40.60,46.76,65.18
76.71,76.71,39.77,49.09,62.86
74.64,74.64,38.59,49.99,62.98
72.97,72.97,33.28,51.17,58.37
79.72,79.72,31.73,47.39,58.78
81.16,81.16,31.82,45.78,61.70
77.65,77.65,33.00,44.28,62.84
77.67,77.67,32.56,45.32,64.74
77.98,77.98,30.50,48.18,66.04
79.32,79.32,29.89,48.11,66.86
76.77,76.77,31.27,47.13,67.50
78.50,78.50,28.33,43.95,66.29
79.19,79.19,29.05,40.03,67.16
76.49,76.49,32.68,44.37,65.01
78.67,78.67,32.39,43.87,65.47
77.35,77.35,31.99,43.09,63.61
76.96,76.96,32.47,44.24,62.60
76.15,76.15,36.93,43.98,59.85
76.39,76.39,35.03,45.99,55.92
76.79,76.79,37.29,46.90,52.28
76.73,76.73,39.31,44.41,53.67
78.38,78.38,36.81,39.61,58.13
77.06,77.06,34.02,42.87,59.81
77.83,77.83,29.76,42.03,59.25
76.15,76.15,34.17,50.00,59.37
70.21,70.21,31.10,51.62,58.72
72.01,72.01,28.94,52.45,55.44
76.87,76.87,27.64,52.98,58.14
79.11,79.11,25.32,55.29,60.69
77.56,77.56,24.02,56.57,59.90
75.53,75.53,24.80,56.03,63.72
74.90,74.90,24.05,53.60,62.11
74.72,74.72,24.99,55.44,66.07
72.92,72.92,26.99,54.49,66.39
72.91,72.91,24.74,52.94,61.80
69.62,69.62,23.81,56.81,63.26
69.42,69.42,22.88,57.09,64.25
68.38,68.38,23.16,55.99,64.75
73.95,73.95,21.69,58.02,65.67
74.53,74.53,21.93,57.93,68.29
74.17,74.17,21.30,55.90,67.86
74.37,74.37,21.23,56.11,62.23
74.40,74.40,22.00,54.93,61.98
73.65,73.65,22.31,57.38,69.79
75.18,75.18,23.34,59.30,71.49
75.73,75.73,24.28,59.83,73.16
76.59,76.59,24.10,60.75,72.42
76.02,76.02,22.79,60.18,71.43
72.71,72.71,23.72,61.96,72.78
72.60,72.60,22.73,61.54,74.95
70.59,70.59,23.85,62.36,76.73
71.07,71.07,23.71,63.86,78.02
69.15,69.15,24.54,63.56,78.50
69.66,69.66,24.60,62.67,79.10
73.31,73.31,22.03,62.88,79.78
73.94,73.94,21.50,63.11,80.75
72.83,72.83,21.59,62.40,80.52
73.39,73.39,21.59,62.18,80.79
72.03,72.03,23.77,62.61,81.21
73.28,73.28,25.53,62.46,81.41
72.20,72.20,25.68,61.58,80.17
71.33,71.33,25.77,61.95,78.88
74.14,74.14,28.12,61.87,78.61
74.10,74.10,29.83,60.37,76.08
71.74,71.74,29.60,58.56,69.96
74.14,74.14,27.85,59.99,68.60
74.53,74.53,25.91,59.48,69.71
74.40,74.40,24.00,54.68,70.30
73.76,73.76,24.66,56.28,70.93
72.27,72.27,26.47,57.97,71.12
73.26,73.26,26.81,60.83,70.62
73.81,73.81,25.75,59.87,68.79
67.73,67.73,26.05,60.48,69.39
73.03,73.03,27.89,59.56,72.05
72.01,72.01,31.09,60.77,75.16
75.25,75.25,31.43,60.37,76.45
75.29,75.29,29.57,58.86,78.11
77.42,77.42,27.20,60.39,76.85
76.56,76.56,25.90,60.66,76.83
77.32,77.32,25.85,60.95,76.59
74.91,74.91,23.65,61.29,77.24
73.68,73.68,21.23,62.89,78.13
72.81,72.81,24.12,62.23,77.47
75.26,75.26,22.26,62.20,76.61
75.67,75.67,21.96,61.43,77.64
75.66,75.66,22.07,62.71,77.70
71.88,71.88,21.40,60.49,75.23
71.80,71.80,21.18,61.10,76.12
75.06,75.06,21.49,62.39,77.15
75.84,75.84,23.42,61.52,78.53
74.31,74.31,26.31,61.83,78.79
73.16,73.16,28.91,62.68,78.36
73.78,73.78,27.54,61.93,77.78
71.08,71.08,28.14,62.14,79.35
72.73,72.73,29.44,63.33,79.22
74.01,74.01,29.26,62.93,79.30
72.82,72.82,25.61,62.84,77.76
75.70,75.70,24.47,63.72,74.13
72.94,72.94,23.89,63.64,75.80
73.77,73.77,24.55,63.66,79.06
74.94,74.94,23.21,63.63,81.40
75.27,75.27,21.26,64.54,82.35
76.62,76.62,24.79,63.84,82.01
75.61,75.61,26.45,63.36,81.87
74.72,74.72,25.26,64.12,82.44
76.75,76.75,24.31,63.80,82.04
76.06,76.06,27.03,62.59,80.47
72.15,72.15,27.88,63.98,80.73
72.50,72.50,26.78,65.20,81.11
73.25,73.25,25.64,64.14,79.06
73.10,73.10,26.22,62.80,73.51
74.61,74.61,26.62,62.32,71.95
69.64,69.64,25.82,61.93,73.64
73.47,73.47,29.31,62.13,69.80
72.63,72.63,31.81,59.71,71.97
67.54,67.54,30.83,59.36,68.51
73.72,73.72,25.48,61.08,72.48
71.74,71.74,32.15,61.35,69.08
73.87,73.87,35.73,58.77,63.40
74.28,74.28,33.61,59.22,58.03
73.35,73.35,25.95,60.03,66.03
76.13,76.13,23.13,60.03,71.54
77.34,77.34,23.85,57.14,74.02
78.15,78.15,23.48,54.30,70.87
79.38,79.38,24.86,54.66,70.18
78.75,78.75,26.40,54.76,75.72
79.00,79.00,26.32,57.90,77.52
79.06,79.06,26.76,58.08,77.63
77.10,77.10,27.54,55.53,77.21
74.09,74.09,28.15,55.51,78.13
72.06,72.06,26.56,57.34,80.09
72.02,72.02,28.18,56.37,80.60
72.92,72.92,27.43,50.00,80.40
74.67,74.67,29.43,50.65,80.29
75.68,75.68,28.19,58.42,80.83
76.10,76.10,28.20,57.49,80.40
74.86,74.86,32.05,50.20,78.89
73.88,73.88,31.85,49.37,78.00
75.73,75.73,26.10,53.75,76.87
76.26,76.26,28.38,53.84,74.62
73.55,73.55,28.62,51.09,68.00
74.02,74.02,28.54,51.08,58.52
74.96,74.96,27.90,50.31,63.01
74.41,74.41,28.59,54.50,65.88
72.82,72.82,28.41,56.26,70.72
70.37,70.37,31.38,56.09,71.05
72.26,72.26,29.48,50.13,71.26
77.67,77.67,27.64,53.98,72.10
78.65,78.65,25.57,54.24,72.16
77.39,77.39,25.35,53.37,71.47
81.42,81.42,26.25,46.53,74.64
80.85,80.85,26.52,51.66,74.84
79.11,79.11,26.52,54.68,76.11
76.48,76.48,28.50,50.85,76.67
74.26,74.26,26.91,49.83,76.62
77.59,77.59,25.85,51.05,76.43
79.51,79.51,27.07,53.58,75.89
77.65,77.65,25.90,52.10,74.20
74.28,74.28,26.76,49.27,74.69
72.86,72.86,25.10,46.78,76.17
76.95,76.95,25.59,51.80,76.99
79.23,79.23,26.37,52.94,76.98
79.10,79.10,25.98,48.72,76.88
76.07,76.07,26.56,45.80,76.93
76.01,76.01,29.41,49.44,78.41
77.92,77.92,30.22,54.61,78.96
79.17,79.17,27.03,52.25,78.58
78.50,78.50,26.00,50.11,78.47
79.86,79.86,25.04,46.10,78.39
78.41,78.41,25.84,52.92,79.21
77.47,77.47,26.06,55.93,79.63
76.70,76.70,27.57,50.78,80.29
74.54,74.54,26.66,47.94,81.18
74.97,74.97,28.65,53.97,82.08
76.94,76.94,28.79,55.93,82.62
77.68,77.68,28.12,51.45,82.05
77.91,77.91,27.10,47.11,80.80
77.02,77.02,29.31,53.01,81.18
74.86,74.86,30.98,53.37,80.72
74.08,74.08,31.07,52.74,79.51
76.69,76.69,31.73,49.46,77.72
75.46,75.46,29.56,46.70,75.75
78.61,78.61,25.90,47.36,73.59
78.77,78.77,26.89,51.63,73.97
77.64,77.64,27.49,50.91,74.90
74.65,74.65,28.72,50.90,75.53
77.55,77.55,29.18,50.37,76.30
78.26,78.26,30.04,52.19,77.68
77.15,77.15,30.75,51.94,77.74
73.70,73.70,31.09,51.67,76.91
72.07,72.07,32.44,51.56,76.35
74.63,74.63,31.01,51.03,76.00
75.59,75.59,31.66,51.86,75.52
72.41,72.41,32.79,51.92,73.95
70.61,70.61,31.05,50.41,71.25
68.35,68.35,31.13,48.06,67.85
72.37,72.37,31.21,51.87,63.86
76.94,76.94,28.81,50.32,65.48
80.70,80.70,29.53,52.53,68.89
78.83,78.83,29.73,54.39,72.28
75.94,75.94,30.49,47.29,74.53
76.78,76.78,28.57,49.83,75.89
79.29,79.29,28.31,49.75,76.74
78.47,78.47,29.38,49.17,77.62
80.53,80.53,27.15,48.09,77.71
77.31,77.31,27.90,50.30,78.06
74.79,74.79,29.45,54.06,78.64
70.25,70.25,29.96,53.36,78.26
74.76,74.76,28.96,53.56,77.08
79.97,79.97,29.19,55.33,76.56
80.21,80.21,30.21,56.24,76.49
79.64,79.64,30.73,55.35,76.18
77.38,77.38,30.02,55.24,76.34
75.01,75.01,29.87,55.32,76.72
76.60,76.60,28.66,55.74,76.77
75.72,75.72,32.57,54.65,76.91
75.02,75.02,31.30,52.76,76.69
72.50,72.50,31.91,52.55,76.22
72.27,72.27,30.51,52.06,75.10
75.86,75.86,30.65,53.87,73.32
77.19,77.19,27.02,55.61,70.48
76.24,76.24,28.38,55.66,65.65
76.85,76.85,28.54,53.40,61.90
76.25,76.25,30.12,55.83,60.25
78.36,78.36,31.12,56.31,64.90
79.27,79.27,31.53,52.97,68.05
77.95,77.95,31.36,50.32,68.44
75.62,75.62,30.34,50.48,69.12
75.14,75.14,29.56,50.10,69.03
74.28,74.28,30.00,51.18,68.24
74.42,74.42,29.26,51.19,67.04
74.40,74.40,29.46,51.36,64.83
74.66,74.66,30.96,51.96,62.50
75.47,75.47,29.71,51.84,64.92
77.68,77.68,28.30,53.22,67.84
80.38,80.38,27.98,51.42,68.65
82.33,82.33,27.67,49.86,72.43
81.36,81.36,28.49,51.63,74.60
78.89,78.89,31.30,50.26,76.72
78.55,78.55,29.83,54.04,78.18
81.02,81.02,29.12,53.43,78.58
83.24,83.24,28.09,53.92,78.48
81.61,81.61,28.25,53.01,78.21
77.07,77.07,27.79,53.73,77.32
78.79,78.79,27.60,53.72,77.15
79.50,79.50,25.98,52.58,76.72
75.78,75.78,28.04,53.25,75.86
75.70,75.70,28.98,52.61,75.05
72.55,72.55,28.23,48.31,73.78
74.02,74.02,29.40,54.85,73.98
76.19,76.19,29.55,54.83,73.31
77.37,77.37,28.13,55.79,74.11
76.26,76.26,26.67,54.78,73.74
78.74,78.74,26.01,53.14,71.57
77.38,77.38,26.60,50.93,68.67
77.13,77.13,27.74,49.94,63.56
76.46,76.46,28.30,49.72,60.24
76.33,76.33,29.24,54.42,59.07
75.83,75.83,30.14,56.47,58.28
75.69,75.69,28.53,59.25,61.28
76.68,76.68,29.35,59.05,60.41
76.06,76.06,30.06,55.47,61.88
74.68,74.68,27.48,58.34,61.57
73.25,73.25,28.68,52.41,60.89
74.11,74.11,28.54,58.70,60.99
75.34,75.34,28.07,53.76,60.13
76.16,76.16,28.02,58.14,64.35
72.67,72.67,26.99,55.58,63.17
71.01,71.01,26.10,54.66,66.02
68.55,68.55,27.14,57.86,65.82
72.20,72.20,27.93,53.06,65.61
73.25,73.25,29.96,54.91,64.97
72.15,72.15,30.69,53.35,63.98
72.37,72.37,29.26,57.73,66.29
70.44,70.44,27.06,51.46,65.45
71.28,71.28,26.22,56.62,67.54
72.28,72.28,26.29,54.51,66.93
71.83,71.83,24.94,55.09,68.17
75.36,75.36,23.29,54.26,67.15
75.51,75.51,23.82,54.19,65.87
72.52,72.52,22.72,55.11,68.15
74.63,74.63,22.35,55.28,73.15
74.35,74.35,23.17,55.83,75.40
75.97,75.97,23.91,56.46,76.02
77.30,77.30,22.73,55.54,75.11
79.09,79.09,22.78,58.00,70.84
77.64,77.64,23.00,53.76,71.22
79.41,79.41,25.15,61.19,74.45
79.66,79.66,24.77,62.43,75.30
80.07,80.07,23.28,61.12,75.00
78.66,78.66,22.61,62.86,77.02
77.63,77.63,23.29,63.97,77.46
74.65,74.65,23.14,65.04,77.67
73.98,73.98,21.12,65.27,78.81
72.27,72.27,21.61,66.22,79.74
71.56,71.56,22.10,65.28,78.77
71.81,71.81,22.48,65.74,79.57
71.71,71.71,24.24,66.39,80.60
72.78,72.78,25.47,64.60,79.30
76.01,76.01,25.41,66.22,79.64
74.76,74.76,23.77,65.27,79.08
76.16,76.16,22.32,65.17,77.72
73.77,73.77,21.91,64.02,76.51
74.87,74.87,21.80,64.21,75.59
74.62,74.62,24.55,61.64,73.19
73.04,73.04,27.81,61.15,69.79
72.19,72.19,29.34,60.11,65.12
75.48,75.48,28.20,56.20,62.89
74.82,74.82,25.71,57.60,67.84
75.23,75.23,24.96,57.61,68.98
74.64,74.64,23.93,60.80,67.50
70.45,70.45,23.70,58.58,68.23
69.97,69.97,23.43,58.63,67.22
69.20,69.20,22.56,59.68,69.87
75.84,75.84,25.25,60.83,68.43
75.49,75.49,24.66,61.00,74.46
73.78,73.78,25.73,61.07,74.57
74.35,74.35,28.22,60.25,77.27
74.41,74.41,24.92,62.70,78.33
75.07,75.07,24.83,62.03,78.10
75.15,75.15,30.56,63.26,79.93
73.81,73.81,29.68,64.00,76.31
75.10,75.10,24.85,62.90,72.71
76.47,76.47,24.00,63.57,74.82
74.89,74.89,28.78,65.15,78.27
74.36,74.36,28.66,62.42,76.43
74.22,74.22,24.20,60.62,77.23
72.32,72.32,23.02,64.75,79.71
70.00,70.00,23.68,63.90,75.84
70.88,70.88,22.12,63.12,76.90
71.29,71.29,22.50,65.31,74.36
76.09,76.09,21.76,65.72,73.90
75.78,75.78,21.79,64.80,76.77
78.23,78.23,24.70,65.18,76.97
75.99,75.99,25.67,64.90,77.38
77.47,77.47,28.45,65.92,73.95
78.80,78.80,28.03,63.54,71.54
80.13,80.13,28.36,65.67,73.24
80.16,80.16,28.67,65.23,69.28
78.64,78.64,27.78,66.23,73.14
74.31,74.31,22.02,65.39,74.52
71.29,71.29,26.34,65.38,76.91
71.43,71.43,31.46,65.06,76.95
72.61,72.61,33.13,64.07,75.56
71.23,71.23,28.32,63.69,72.40
73.98,73.98,25.27,64.38,73.35
69.19,69.19,24.33,64.11,68.66
72.56,72.56,27.94,64.39,68.68
71.47,71.47,29.90,61.79,62.71
70.58,70.58,29.49,63.85,71.89
70.62,70.62,26.53,62.61,71.95
72.49,72.49,25.84,60.21,70.55
72.03,72.03,24.52,58.49,64.92
71.26,71.26,25.47,52.12,63.36
68.87,68.87,26.22,57.45,65.41
70.94,70.94,25.64,58.89,70.38
69.57,69.57,27.58,56.45,68.79
73.53,73.53,25.87,53.53,67.27
75.26,75.26,25.55,53.36,64.66
71.74,71.74,26.28,51.69,66.34
74.30,74.30,28.00,53.42,71.78
74.26,74.26,29.20,51.82,74.14
76.46,76.46,25.36,54.66,75.05
78.19,78.19,24.00,49.84,71.81
77.88,77.88,26.52,50.08,68.78
78.72,78.72,29.20,45.36,74.46
79.45,79.45,28.19,48.13,76.14
79.24,79.24,24.21,48.10,77.80
78.16,78.16,24.50,51.95,79.45
76.36,76.36,25.02,52.32,79.27
73.97,73.97,24.44,48.92,79.27
70.00,70.00,24.22,53.18,80.78
71.76,71.76,24.44,51.76,80.96
71.15,71.15,25.30,52.73,81.38
71.02,71.02,26.31,51.93,81.40
70.82,70.82,28.52,50.01,81.58
75.58,75.58,28.78,50.14,81.10
73.46,73.46,28.84,51.98,80.25
74.18,74.18,28.66,53.11,79.43
72.28,72.28,28.06,50.15,79.21
74.94,74.94,29.08,50.01,76.03
70.82,70.82,27.32,53.88,73.22
69.90,69.90,28.02,56.22,68.35
72.51,72.51,29.24,56.29,66.04
73.89,73.89,27.34,54.82,67.63
73.25,73.25,25.93,51.50,70.69
73.31,73.31,27.19,52.26,70.24
70.85,70.85,27.00,55.10,70.66
69.54,69.54,26.23,52.01,72.25
74.53,74.53,25.59,50.21,71.91
76.20,76.20,26.91,44.83,71.51
73.85,73.85,28.97,53.03,74.43
74.83,74.83,29.10,53.75,76.55
74.14,74.14,27.29,54.22,78.32
75.10,75.10,27.99,51.37,77.17
73.80,73.80,28.83,50.21,77.37
74.86,74.86,24.81,53.84,74.88
74.58,74.58,23.50,55.65,78.10
74.76,74.76,22.41,57.55,79.66
74.14,74.14,22.50,54.41,76.72
74.07,74.07,25.23,54.65,76.45
73.13,73.13,23.62,57.40,77.38
71.38,71.38,23.44,59.21,76.28
71.42,71.42,22.39,57.07,75.56
71.80,71.80,24.14,56.20,77.34
75.38,75.38,24.72,57.58,76.70
76.42,76.42,25.49,57.31,78.69
75.21,75.21,25.75,58.59,77.98
75.63,75.63,26.68,59.24,78.45
78.22,78.22,27.32,56.27,78.76
78.28,78.28,27.02,57.36,78.57
78.15,78.15,27.13,59.10,79.71
75.71,75.71,27.16,59.38,78.81
73.15,73.15,25.51,60.03,74.76
72.74,72.74,25.49,61.35,75.40
75.00,75.00,29.20,61.09,75.97
75.55,75.55,32.14,62.02,79.45
75.94,75.94,33.65,61.96,81.35
73.05,73.05,30.71,63.57,82.59
71.85,71.85,27.82,63.81,81.94
72.25,72.25,28.43,63.18,81.92
74.21,74.21,27.27,65.03,81.95
73.07,73.07,26.06,62.30,79.80
71.42,71.42,23.68,58.95,78.62
69.53,69.53,23.76,60.74,78.01
71.65,71.65,24.27,61.83,78.46
71.63,71.63,24.38,55.54,74.09
70.50,70.50,25.59,49.78,69.33
70.79,70.79,27.31,56.14,71.59
72.64,72.64,28.28,59.74,72.68
74.17,74.17,29.22,55.36,67.81
70.36,70.36,28.10,45.59,67.47
71.22,71.22,26.26,55.03,68.18
74.07,74.07,25.96,58.92,71.16
74.10,74.10,27.87,57.98,67.77
75.39,75.39,31.95,53.38,61.68
74.08,74.08,27.40,52.17,63.74
75.83,75.83,25.89,58.52,67.68
76.95,76.95,25.66,61.71,71.01
78.14,78.14,23.82,58.50,71.17
79.39,79.39,26.82,55.77,63.94
77.76,77.76,28.43,61.20,71.49
79.95,79.95,29.85,63.02,75.40
79.00,79.00,27.62,64.94,76.30
77.79,77.79,29.47,63.61,75.14
76.44,76.44,33.87,64.13,75.22
73.55,73.55,34.07,66.57,77.39
71.62,71.62,36.61,67.65,79.02
72.63,72.63,31.70,68.30,78.22
74.23,74.23,30.62,68.15,77.50
74.62,74.62,34.67,69.28,77.98
76.33,76.33,35.37,69.00,78.39
76.08,76.08,36.17,67.51,77.00
75.05,75.05,32.86,65.62,75.98
74.27,74.27,33.46,65.01,75.23
76.79,76.79,31.61,64.62,73.25
75.34,75.34,28.81,63.65,67.48
74.25,74.25,31.17,57.55,55.41
74.43,74.43,30.71,56.69,57.01
74.49,74.49,31.15,58.85,60.36
74.24,74.24,31.03,61.35,65.94
71.04,71.04,34.55,60.18,68.15
70.55,70.55,31.93,57.46,66.96
75.82,75.82,35.21,58.59,68.67
79.06,79.06,30.39,62.94,70.32
78.47,78.47,29.89,63.17,70.15
79.27,79.27,28.61,61.83,70.62
81.44,81.44,28.61,61.91,72.45
79.69,79.69,28.75,64.21,73.69
78.11,78.11,31.64,65.63,73.61
75.93,75.93,30.39,64.77,73.00
76.11,76.11,26.71,65.01,73.59
78.85,78.85,29.82,64.98,73.63
79.00,79.00,30.86,64.87,72.87
76.90,76.90,26.95,64.03,72.04
72.87,72.87,31.94,63.28,72.59
75.18,75.18,34.30,64.72,73.16
78.48,78.48,34.18,65.04,74.29
79.82,79.82,31.10,64.53,73.48
78.01,78.01,30.49,63.75,72.66
76.60,76.60,33.38,64.15,74.99
77.16,77.16,34.44,64.37,76.45
79.72,79.72,32.32,64.79,76.60
78.71,78.71,31.40,64.64,75.98
80.28,80.28,29.36,64.05,75.13
79.72,79.72,28.48,64.57,75.74
77.83,77.83,29.22,65.21,77.63
77.77,77.77,30.82,65.88,78.56
76.08,76.08,29.76,65.12,79.00
74.77,74.77,28.12,64.97,79.98
76.61,76.61,30.04,66.31,81.07
77.56,77.56,29.81,66.26,80.58
78.07,78.07,29.57,65.60,79.37
77.83,77.83,30.23,65.38,79.35
76.02,76.02,32.45,65.56,79.20
74.78,74.78,33.46,65.17,78.01
76.24,76.24,33.55,63.69,75.86
76.25,76.25,32.60,62.60,73.37
77.60,77.60,32.17,61.70,72.12
79.53,79.53,30.93,62.09,70.82
78.46,78.46,28.83,62.87,72.45
75.75,75.75,30.86,62.37,72.23
76.12,76.12,31.02,62.36,73.04
77.91,77.91,31.44,62.52,74.66
78.20,78.20,33.09,63.98,75.15
75.31,75.31,32.33,64.66,74.66
73.26,73.26,32.60,64.85,73.47
72.70,72.70,33.81,64.79,73.48
76.45,76.45,31.24,63.66,72.73
73.84,73.84,31.55,63.72,71.93
71.78,71.78,33.62,63.89,69.61
68.58,68.58,32.33,62.20,64.81
70.67,70.67,32.22,60.03,61.01
75.45,75.45,30.15,57.11,61.81
80.16,80.16,30.45,55.51,63.72
80.53,80.53,30.17,61.78,67.02
77.83,77.83,29.64,62.82,70.57
76.52,76.52,29.78,63.25,72.60
78.71,78.71,28.66,62.46,74.23
79.44,79.44,28.72,61.58,75.12
80.78,80.78,28.46,60.27,74.95
79.28,79.28,28.55,61.64,75.14
78.09,78.09,31.50,63.16,76.25
71.98,71.98,31.68,63.62,76.31
70.54,70.54,29.35,63.18,75.68
78.74,78.74,28.81,62.43,74.77
80.42,80.42,29.79,63.18,74.32
80.43,80.43,31.05,63.49,74.05
78.81,78.81,31.51,63.43,74.23
76.33,76.33,32.15,64.16,74.00
76.33,76.33,31.67,64.93,73.67
77.83,77.83,33.37,64.99,73.43
75.11,75.11,32.06,64.95,73.01
74.65,74.65,31.31,64.81,72.15
72.08,72.08,31.19,64.68,71.15
74.71,74.71,29.92,64.28,70.51
76.35,76.35,28.71,64.63,68.33
76.87,76.87,28.94,64.00,63.01
77.05,77.05,30.07,60.81,58.47
75.88,75.88,31.42,55.73,55.02
78.46,78.46,30.41,57.26,57.93
79.81,79.81,31.47,58.65,62.44
79.75,79.75,31.22,59.04,62.58
77.43,77.43,30.16,58.70,64.66
75.44,75.44,29.70,59.23,65.56
75.79,75.79,30.30,60.40,63.14
75.16,75.16,30.70,60.73,62.92
74.09,74.09,28.72,60.37,59.69
75.25,75.25,30.32,59.61,58.51
74.34,74.34,29.43,59.07,57.74
78.19,78.19,28.47,60.67,62.39
80.42,80.42,27.76,60.62,65.30
82.20,82.20,26.72,58.75,67.39
82.56,82.56,27.05,56.97,70.54
81.33,81.33,28.26,58.03,74.03
78.71,78.71,30.72,62.43,76.16
80.42,80.42,28.49,63.83,77.02
82.85,82.85,27.82,63.45,77.16
82.89,82.89,26.83,62.94,76.08
79.46,79.46,27.44,62.53,75.17
78.19,78.19,28.16,63.11,75.23
79.51,79.51,25.44,62.89,75.33
77.73,77.73,27.15,62.99,74.83
74.87,74.87,28.10,62.51,72.83
74.28,74.28,29.42,62.65,70.82
72.17,72.17,28.82,64.58,71.05
74.29,74.29,29.72,64.46,69.95
76.50,76.50,28.93,63.92,70.75
76.83,76.83,26.68,63.71,71.24
78.82,78.82,26.20,62.50,69.84
78.89,78.89,25.26,60.68,67.10
77.09,77.09,26.64,56.96,63.38
75.97,75.97,27.43,53.46,61.41
76.21,76.21,26.74,53.53,58.97
76.06,76.06,28.18,57.66,54.70
75.86,75.86,28.04,59.41,56.11
76.75,76.75,27.14,60.06,57.87
76.62,76.62,28.47,59.45,55.27
76.12,76.12,29.45,57.61,57.72
71.97,71.97,27.70,56.78,59.08
74.78,74.78,28.83,55.78,59.99
76.18,76.18,27.73,53.81,58.18
76.27,76.27,26.75,52.99,59.65
74.15,74.15,27.17,53.13,62.08
70.22,70.22,26.73,52.20,63.22
71.61,71.61,27.45,52.56,65.99
76.89,76.89,29.01,53.59,66.13
75.43,75.43,29.70,52.16,64.65
72.39,72.39,29.52,47.68,59.95
77.61,77.61,29.33,42.18,55.15
76.79,76.79,28.29,43.74,59.81
77.37,77.37,27.78,46.27,62.50
76.00,76.00,34.85,48.26,63.75
77.57,77.57,35.47,46.87,63.78
79.01,79.01,36.14,46.48,65.65
80.03,80.03,35.50,43.41,66.25
79.78,79.78,35.85,43.98,67.64
81.11,81.11,32.90,44.30,68.86
79.98,79.98,27.98,42.83,68.65
79.87,79.87,28.20,37.57,66.32
77.46,77.46,29.96,39.50,62.01
73.57,73.57,30.64,41.69,62.39
75.86,75.86,28.91,41.69,62.32
75.07,75.07,29.25,41.97,57.99
74.68,74.68,28.90,43.29,57.07
77.01,77.01,27.51,44.30,62.15
80.61,80.61,26.35,43.91,63.82
81.16,81.16,28.85,40.96,65.81
80.80,80.80,30.18,41.18,64.35
80.33,80.33,30.58,41.56,61.85
77.78,77.78,30.14,42.99,59.98
81.39,81.39,31.58,41.77,59.00
78.89,78.89,34.45,42.49,58.02
78.72,78.72,35.29,41.98,58.22
80.09,80.09,31.86,40.64,55.21
81.04,81.04,33.20,41.32,60.61
81.48,81.48,31.55,39.90,63.46
78.69,78.69,32.79,37.47,63.10
78.26,78.26,27.19,37.60,62.68
80.47,80.47,24.98,38.33,61.22
79.81,79.81,25.81,39.89,59.97
81.03,81.03,25.50,40.20,55.69
81.01,81.01,24.42,38.50,55.86
80.74,80.74,30.87,40.99,59.26
81.60,81.60,27.25,43.25,56.81
80.44,80.44,26.29,43.47,57.50
78.70,78.70,30.04,44.21,51.25
78.57,78.57,34.53,44.62,53.70
78.88,78.88,34.67,43.90,59.19
76.44,76.44,34.28,42.06,55.71
75.46,75.46,34.26,40.93,56.50
78.69,78.69,37.23,40.44,56.18
74.77,74.77,38.74,40.16,57.60
78.24,78.24,36.34,42.54,62.29
76.73,76.73,38.58,44.71,63.65
75.06,75.06,36.42,45.44,59.66
72.90,72.90,30.78,45.95,59.10
79.91,79.91,27.32,45.56,55.51
81.51,81.51,28.18,44.46,59.22
78.61,78.61,29.27,43.50,58.48
78.65,78.65,30.37,45.72,54.73
78.12,78.12,26.33,46.47,58.08
80.21,80.21,27.46,46.34,57.71
79.82,79.82,24.47,45.52,60.26
78.62,78.62,23.99,43.53,59.69
78.30,78.30,29.90,40.58,60.50
78.11,78.11,27.49,41.47,59.00
78.90,78.90,25.74,42.39,59.16
77.66,77.66,30.78,44.02,60.74
77.75,77.75,34.19,45.12,58.10
76.61,76.61,34.29,46.53,57.47
75.91,75.91,32.93,45.86,57.99
75.84,75.84,37.38,43.92,58.32
76.89,76.89,39.18,41.38,57.06
78.86,78.86,32.63,37.79,56.48
77.00,77.00,31.64,40.66,59.91
77.76,77.76,29.48,43.54,62.48
76.89,76.89,34.04,43.91,59.21
74.00,74.00,33.19,43.71,56.62
75.08,75.08,30.87,43.10,55.32
79.42,79.42,30.40,41.93,57.48
80.59,80.59,29.22,38.74,56.92
77.82,77.82,24.58,34.97,57.31
75.53,75.53,24.44,32.66,58.52
74.82,74.82,27.41,36.85,56.76
73.87,73.87,31.29,40.24,56.80
76.33,76.33,31.70,41.69,58.62
74.62,74.62,28.60,40.51,57.96
73.32,73.32,26.23,37.05,58.96
76.80,76.80,28.02,37.09,62.18
77.80,77.80,30.39,36.18,62.26
78.19,78.19,29.12,33.71,63.98
77.71,77.71,28.41,37.68,63.33
77.87,77.87,29.22,35.74,62.75
77.99,77.99,32.43,30.04,60.63
79.57,79.57,34.09,36.54,58.59
81.01,81.01,25.61,34.58,58.43
79.94,79.94,25.97,29.43,54.99
79.94,79.94,31.22,31.65,61.13
78.72,78.72,29.65,34.43,63.31
78.69,78.69,31.79,34.35,62.74
74.11,74.11,28.78,32.24,62.23
71.82,71.82,32.53,27.82,60.16
74.37,74.37,31.09,35.39,61.60
73.87,73.87,29.85,33.13,58.04
71.07,71.07,26.67,33.69,57.77
75.96,75.96,28.42,35.48,61.42
77.71,77.71,30.70,31.72,60.98
78.51,78.51,27.61,32.71,63.23
79.82,79.82,34.61,31.99,63.27
75.92,75.92,29.72,29.85,63.03
76.39,76.39,30.04,32.03,64.20
79.68,79.68,32.92,31.05,64.27
79.05,79.05,27.57,36.64,62.79
75.64,75.64,28.66,30.63,59.68
79.87,79.87,26.56,31.05,63.32
79.93,79.93,29.50,32.27,65.80
81.08,81.08,30.15,35.17,68.53
77.71,77.71,31.14,28.14,70.21
78.23,78.23,27.20,28.19,68.17
78.67,78.67,28.52,29.92,62.79
78.60,78.60,28.38,34.83,61.08
80.24,80.24,29.39,37.25,63.35
81.63,81.63,34.73,36.07,64.57
81.69,81.69,33.90,33.65,59.81
81.14,81.14,33.01,31.20,59.80
82.18,82.18,28.12,32.49,63.39
80.62,80.62,33.52,31.69,64.26
78.77,78.77,30.96,35.23,66.69
77.48,77.48,29.87,32.41,66.07
78.06,78.06,31.16,31.16,64.09
76.87,76.87,28.86,32.34,64.25
75.87,75.87,29.56,32.24,64.71
77.91,77.91,26.36,37.04,64.60
76.71,76.71,27.89,30.14,59.69
75.46,75.46,29.43,33.09,59.68
76.13,76.13,27.95,36.30,63.70
71.00,71.00,28.40,34.94,62.80
68.60,68.60,28.72,34.65,57.77
74.99,74.99,27.06,34.99,59.56
80.63,80.63,25.65,35.92,62.88
79.19,79.19,30.27,36.23,63.38
75.40,75.40,26.14,30.09,62.33
76.71,76.71,27.31,29.38,63.25
78.10,78.10,28.03,29.99,62.53
79.42,79.42,26.14,33.75,64.22
77.37,77.37,29.48,32.42,62.71
74.88,74.88,30.01,38.04,67.02
77.42,77.42,29.09,36.27,70.61
76.79,76.79,28.36,34.67,69.92
75.70,75.70,27.16,34.58,66.54
75.35,75.35,27.99,36.88,61.35
75.78,75.78,27.66,39.99,54.87
74.27,74.27,27.56,36.19,56.45
74.39,74.39,26.37,39.56,65.40
75.06,75.06,25.09,42.80,70.24
75.97,75.97,24.99,55.63,85.18
75.91,75.91,24.79,51.43,86.95
77.36,77.36,22.20,57.57,85.21
74.44,74.44,20.18,59.13,84.04
72.72,72.72,18.65,55.87,82.90
70.32,70.32,20.35,54.87,81.89
69.14,69.14,20.33,56.61,83.05
71.21,71.21,20.51,58.76,83.46
72.45,72.45,21.66,59.02,82.29
74.23,74.23,18.63,59.43,80.90
72.92,72.92,22.88,61.21,72.58
69.37,69.37,25.26,60.41,72.87
68.34,68.34,23.19,59.84,75.51
69.15,69.15,20.80,61.17,75.58
68.25,68.25,20.67,61.61,72.48
73.77,73.77,20.08,61.46,70.81
73.36,73.36,19.44,61.51,67.87
73.83,73.83,18.66,60.85,75.65
73.63,73.63,18.75,63.40,76.71
74.03,74.03,22.29,62.20,76.86
74.35,74.35,37.19,64.91,83.17
76.66,76.66,31.16,66.30,79.18
76.53,76.53,32.00,69.41,81.07
75.68,75.68,34.11,70.04,80.70
75.14,75.14,29.40,71.33,78.68
74.13,74.13,32.19,72.38,82.19
70.30,70.30,29.38,73.02,79.71
71.80,71.80,23.68,74.02,81.26
66.84,66.84,29.13,74.78,79.48
71.26,71.26,25.99,75.82,78.58
69.07,69.07,26.16,75.87,82.26
71.80,71.80,27.76,75.15,78.26
74.30,74.30,29.52,74.45,82.50
74.34,74.34,31.23,74.95,78.57
71.71,71.71,29.00,74.13,79.46
71.49,71.49,26.34,72.88,76.64
70.52,70.52,26.71,70.67,81.03
71.09,71.09,25.93,66.28,74.35
70.02,70.02,22.44,62.56,79.99
72.46,72.46,25.72,64.11,76.36
71.45,71.45,30.10,66.80,76.59
69.64,69.64,33.63,66.34,77.90
69.04,69.04,29.30,68.53,78.22
68.33,68.33,23.46,69.00,75.60
75.02,75.02,27.74,67.93,80.24
69.67,69.67,28.52,66.59,82.25
71.13,71.13,29.68,67.82,86.68
70.22,70.22,26.73,67.93,84.55
63.62,63.62,24.75,67.99,85.11
67.54,67.54,28.60,68.39,85.68
72.37,72.37,26.64,69.05,84.37
73.21,73.21,20.99,68.61,83.45
72.58,72.58,19.58,65.46,78.76
68.93,68.93,23.81,68.59,80.52
73.25,73.25,24.33,69.38,78.68
67.14,67.14,23.66,69.97,81.95
68.31,68.31,24.45,69.56,74.92
71.80,71.80,21.96,67.18,77.35
73.55,73.55,18.90,68.65,78.52
74.25,74.25,28.60,69.35,77.07
66.97,66.97,30.16,69.67,76.19
68.50,68.50,32.34,71.32,74.25
68.09,68.09,27.41,71.60,76.39
71.60,71.60,29.34,71.59,76.21
68.69,68.69,24.39,72.06,82.28
74.84,74.84,23.90,71.63,84.78
75.00,75.00,28.27,69.17,81.73
70.50,70.50,22.76,69.80,82.33
74.56,74.56,26.39,71.66,83.59
78.52,78.52,26.08,72.35,84.23
81.05,81.05,26.16,72.57,82.47
80.93,80.93,32.25,71.94,82.44
81.90,81.90,31.22,70.90,85.09
82.22,82.22,28.19,71.36,84.64
81.30,81.30,28.35,71.12,84.92
81.41,81.41,27.26,70.31,81.14
81.62,81.62,23.02,68.18,82.67
81.78,81.78,18.07,69.04,77.18
82.85,82.85,18.65,68.16,77.89
80.77,80.77,22.16,67.84,81.79
73.58,73.58,22.24,69.92,79.09
67.38,67.38,21.31,71.76,76.83
67.83,67.83,20.74,72.69,74.48
71.66,71.66,22.70,74.93,76.91
75.40,75.40,22.20,74.99,81.81
76.17,76.17,21.86,74.87,82.22
73.35,73.35,22.43,74.11,78.94
70.57,70.57,22.50,73.36,75.31
74.22,74.22,24.30,72.15,74.80
75.55,75.55,25.73,71.92,71.58
72.21,72.21,25.35,71.53,76.25
66.12,66.12,25.94,69.40,76.75
65.28,65.28,25.67,66.60,68.60
65.36,65.36,23.79,62.99,71.98
70.74,70.74,20.76,63.55,74.57
71.72,71.72,20.54,67.29,75.00
74.46,74.46,23.17,69.63,76.36
73.79,73.79,24.21,69.32,73.82
72.63,72.63,26.49,67.40,74.05
75.64,75.64,44.66,69.39,77.92
75.14,75.14,36.29,69.13,84.97
73.77,73.77,35.64,68.85,79.25
70.24,70.24,35.36,70.30,83.95
70.87,70.87,35.16,70.54,77.37
70.29,70.29,34.26,69.94,82.04
71.55,71.55,32.57,70.44,81.04
78.59,78.59,31.61,70.34,79.35
79.03,79.03,31.60,71.14,79.32
77.34,77.34,28.97,69.26,80.82
75.08,75.08,25.79,70.32,81.03
72.51,72.51,25.37,70.40,79.46
74.04,74.04,30.78,70.51,78.87
68.12,68.12,30.80,70.51,75.40
68.56,68.56,31.36,70.73,81.51
68.58,68.58,28.69,71.96,76.58
68.41,68.41,31.66,72.96,83.43
73.49,73.49,30.97,71.78,75.86
75.46,75.46,26.20,67.92,80.82
72.99,72.99,27.47,66.28,75.65
72.03,72.03,30.13,61.19,68.06
67.65,67.65,33.56,60.37,73.89
69.88,69.88,31.44,63.71,76.63
69.91,69.91,25.13,66.88,77.28
70.35,70.35,28.19,70.07,80.05
68.00,68.00,25.98,68.87,77.18
70.40,70.40,29.87,67.63,82.16
75.08,75.08,26.48,66.54,76.19
77.16,77.16,26.11,66.38,77.25
76.76,76.76,26.49,63.69,73.97
76.19,76.19,23.63,61.27,70.90
75.32,75.32,22.66,65.15,73.16
75.24,75.24,22.68,72.07,72.87
74.35,74.35,23.76,76.00,79.03
71.60,71.60,27.00,76.72,76.86
74.96,74.96,25.07,74.85,80.77
77.60,77.60,24.92,70.50,75.71
77.04,77.04,24.33,67.34,74.92
78.14,78.14,23.10,68.91,76.24
78.86,78.86,28.75,69.33,76.91
78.00,78.00,32.52,70.58,76.98
78.48,78.48,30.65,70.90,76.14
78.62,78.62,25.73,70.65,77.51
77.15,77.15,22.95,70.52,79.83
73.97,73.97,22.01,66.43,80.04
73.24,73.24,22.97,66.71,80.95
71.89,71.89,21.77,65.80,82.10
74.32,74.32,21.90,67.35,82.46
77.57,77.57,22.14,67.79,82.74
78.35,78.35,25.50,67.60,81.89
79.56,79.56,24.94,67.20,82.11
80.82,80.82,23.82,65.67,81.60
82.44,82.44,23.76,61.10,80.81
82.68,82.68,22.24,56.78,80.04
80.36,80.36,21.92,54.82,79.46
78.83,78.83,24.15,55.92,79.19
81.28,81.28,23.53,58.50,80.07
81.35,81.35,22.57,58.54,79.44
79.69,79.69,20.65,58.17,79.19
77.09,77.09,20.69,56.80,79.00
75.02,75.02,18.42,60.69,80.77
69.93,69.93,18.36,55.04,81.51
66.92,66.92,19.51,55.82,77.03
68.15,68.15,16.67,54.51,77.37
67.95,67.95,16.95,52.92,79.58
67.59,67.59,19.03,59.00,77.85
66.70,66.70,20.78,53.00,78.83
69.88,69.88,17.43,58.03,80.02
68.11,68.11,15.93,55.36,81.18
67.65,67.65,19.26,59.15,82.92
69.47,69.47,19.31,54.11,82.99
69.92,69.92,16.56,57.23,82.60
70.35,70.35,25.83,54.59,80.54
68.34,68.34,26.73,57.59,83.22
68.04,68.04,21.05,60.42,82.39
67.19,67.19,17.77,53.37,84.95
70.16,70.16,18.69,57.28,84.33
64.03,64.03,22.97,53.63,85.07
71.65,71.65,18.45,57.92,84.92
75.07,75.07,36.63,58.40,85.37
71.08,71.08,32.99,54.52,82.96
69.55,69.55,33.45,54.94,83.54
72.82,72.82,34.49,61.70,81.71
75.14,75.14,28.27,59.09,81.62
74.45,74.45,32.06,57.68,81.56
75.80,75.80,31.63,56.59,81.26
75.90,75.90,22.31,60.07,84.14
74.76,74.76,28.37,59.23,83.78
77.25,77.25,26.62,59.64,79.71
77.73,77.73,26.56,59.61,83.49
75.02,75.02,24.30,61.87,82.46
72.64,72.64,20.72,57.19,80.42
70.86,70.86,21.02,60.44,82.29
70.42,70.42,19.90,57.90,81.19
67.42,67.42,19.79,58.59,80.94
69.11,69.11,19.29,57.55,82.26
70.95,70.95,18.50,58.73,80.52
69.10,69.10,22.43,57.77,81.29
67.17,67.17,20.39,55.70,83.74
69.59,69.59,30.73,53.48,82.04
68.46,68.46,33.55,57.88,83.29
73.12,73.12,28.30,54.47,82.31
74.01,74.01,22.63,58.58,81.09
72.92,72.92,27.03,53.16,77.58
71.89,71.89,27.40,56.77,79.97
72.36,72.36,20.35,57.84,80.90
72.42,72.42,16.33,58.57,80.61
71.44,71.44,19.88,57.19,79.16
70.85,70.85,16.05,54.50,77.74
71.29,71.29,16.73,58.95,79.81
72.75,72.75,19.09,59.80,78.32
73.57,73.57,19.88,56.01,78.78
73.18,73.18,17.35,57.38,80.24
71.01,71.01,13.07,52.89,78.97
75.10,75.10,13.09,56.68,83.38
76.54,76.54,11.59,54.83,83.12
70.38,70.38,12.59,55.68,85.45
70.03,70.03,17.60,55.39,86.02
70.08,70.08,21.21,50.70,84.88
67.64,67.64,26.53,53.74,87.56
65.54,65.54,28.66,56.35,84.38
71.80,71.80,19.63,55.74,84.31
74.46,74.46,24.49,55.30,85.01
73.90,73.90,18.77,55.37,82.98
72.18,72.18,18.88,56.27,84.43
73.56,73.56,19.24,57.73,84.43
70.83,70.83,13.65,55.82,83.12
72.57,72.57,18.29,55.89,83.56
70.44,70.44,19.25,52.40,84.27
68.32,68.32,20.85,51.59,82.57
72.87,72.87,21.08,60.75,82.36
74.83,74.83,16.24,64.61,82.13
74.21,74.21,19.78,66.47,81.52
74.56,74.56,21.72,66.90,82.81
72.67,72.67,21.64,64.15,80.34
74.95,74.95,25.66,62.86,82.84
73.89,73.89,27.01,60.68,81.09
73.56,73.56,23.35,61.64,81.29
75.97,75.97,20.93,65.07,85.04
72.90,72.90,25.22,63.68,80.90
66.93,66.93,22.96,63.30,80.88
69.26,69.26,21.33,63.04,83.38
68.24,68.24,23.25,56.67,75.87
70.43,70.43,26.46,59.10,82.86
69.30,69.30,24.50,60.88,83.83
73.25,73.25,22.42,56.91,80.59
68.57,68.57,19.65,60.19,83.31
67.30,67.30,18.33,55.48,82.01
68.22,68.22,15.64,59.56,83.95
69.52,69.52,17.51,62.27,83.97
68.01,68.01,16.96,59.83,83.47
67.94,67.94,14.15,58.26,84.96
65.29,65.29,15.14,57.87,85.12
65.91,65.91,14.01,62.45,86.76
68.68,68.68,12.32,60.09,87.04
74.14,74.14,10.83,62.62,88.11
73.93,73.93,11.29,58.38,87.02
70.95,70.95,11.85,59.51,88.15
74.92,74.92,18.34,62.70,87.83
71.27,71.27,24.78,57.54,88.09
75.45,75.45,23.33,63.20,88.69
74.92,74.92,25.07,59.20,88.37
76.11,76.11,22.03,60.79,87.93
76.07,76.07,13.55,63.01,87.30
77.23,77.23,11.58,65.49,85.60
77.43,77.43,13.02,64.88,85.68
75.76,75.76,7.69,65.65,87.68
74.34,74.34,7.85,68.01,85.97
69.09,69.09,9.49,66.09,86.28
68.09,68.09,10.72,66.52,87.16
68.04,68.04,9.90,68.24,86.48
69.96,69.96,10.01,68.34,85.90
68.20,68.20,10.21,67.84,84.58
66.85,66.85,10.32,69.23,82.18
74.27,74.27,13.20,70.18,78.85
72.15,72.15,15.55,68.46,81.64
73.22,73.22,18.41,67.45,81.29
70.37,70.37,21.96,67.46,82.82
69.19,69.19,35.17,67.49,80.33
69.38,69.38,33.49,65.05,79.58
70.96,70.96,35.73,64.40,81.47
69.68,69.68,30.64,61.98,80.71
73.28,73.28,23.89,64.06,80.32
71.78,71.78,23.62,64.34,82.32
65.53,65.53,26.91,64.87,81.73
65.20,65.20,23.28,65.69,80.55
66.32,66.32,18.72,66.47,79.38
69.25,69.25,20.45,67.64,81.44
71.99,71.99,16.81,67.17,79.73
67.95,67.95,19.39,65.82,79.19
70.91,70.91,22.04,66.56,80.08
69.62,69.62,27.26,69.50,83.61
63.59,63.59,29.05,69.37,83.94
66.03,66.03,27.81,69.21,83.78
69.06,69.06,27.03,69.11,82.82
73.98,73.98,25.76,69.25,85.18
74.13,74.13,24.51,69.18,84.76
72.12,72.12,24.00,68.04,81.48
66.32,66.32,25.74,66.58,82.69
71.15,71.15,27.93,66.05,82.44
65.77,65.77,29.40,69.12,84.49
67.49,67.49,26.43,68.95,83.98
68.30,68.30,28.50,69.47,85.17
72.10,72.10,32.21,69.63,81.45
74.71,74.71,31.95,70.11,81.54
73.27,73.27,25.22,71.87,82.32
70.38,70.38,27.17,73.18,82.99
71.20,71.20,30.70,73.65,85.31
74.53,74.53,29.01,73.28,84.74
75.04,75.04,31.85,73.21,84.36
74.22,74.22,30.85,73.01,84.44
69.55,69.55,31.92,71.27,83.44
71.29,71.29,27.15,72.26,80.81
70.59,70.59,34.32,73.66,79.25
72.63,72.63,36.76,73.84,80.08
73.52,73.52,33.90,73.57,81.05
72.89,72.89,27.20,74.21,84.43
71.08,71.08,27.52,74.99,85.27
69.18,69.18,29.30,71.33,89.02
66.06,66.06,31.72,73.34,80.56
68.23,68.23,33.86,71.56,87.50
67.71,67.71,27.11,69.04,79.71
66.38,66.38,23.10,71.62,84.64
67.15,67.15,27.20,72.13,82.29
67.85,67.85,31.77,69.73,82.50
65.03,65.03,32.84,63.65,84.77
68.99,68.99,29.17,67.99,77.98
72.12,72.12,24.09,69.10,79.90
70.54,70.54,22.98,66.51,77.74
67.46,67.46,30.17,60.30,75.42
64.64,64.64,34.22,67.74,75.65
64.76,64.76,36.70,71.11,76.18
69.34,69.34,37.80,67.51,77.92
73.42,73.42,32.93,61.95,71.11
69.79,69.79,25.44,65.25,73.01
74.19,74.19,27.52,71.13,78.23
70.53,70.53,33.73,73.54,75.67
71.22,71.22,44.26,72.84,81.63
68.86,68.86,43.06,69.28,81.01
70.52,70.52,41.25,69.69,82.64
68.26,68.26,39.55,73.57,82.80
67.40,67.40,32.20,74.16,82.83
69.82,69.82,33.54,73.35,80.33
66.15,66.15,32.87,73.87,83.31
70.09,70.09,26.15,76.85,81.56
66.28,66.28,34.50,78.05,80.85
63.60,63.60,38.05,77.58,80.95
66.99,66.99,38.99,77.97,79.49
63.47,63.47,30.01,77.87,83.58
73.51,73.51,27.48,78.75,74.83
70.02,70.02,25.71,78.21,83.50
71.58,71.58,25.12,77.55,74.61
66.53,66.53,27.38,76.06,79.84
66.98,66.98,28.77,74.49,78.78
65.04,65.04,24.52,69.93,76.33
65.18,65.18,25.07,67.30,75.37
67.76,67.76,24.77,68.32,78.09
68.58,68.58,35.22,72.03,78.74
69.86,69.86,38.82,72.18,75.06
65.06,65.06,33.78,70.14,79.09
64.22,64.22,30.62,70.81,75.33
69.32,69.32,29.71,73.18,76.47
69.75,69.75,29.99,76.43,80.06
68.67,68.67,31.49,79.80,77.14
67.17,67.17,25.35,82.26,79.58
65.08,65.08,28.49,82.76,80.41
62.16,62.16,34.73,83.33,80.00
65.69,65.69,33.13,82.54,74.94
67.12,67.12,24.07,80.64,77.51
67.80,67.80,20.23,77.96,80.91
64.49,64.49,23.95,75.70,77.82
67.39,67.39,24.45,74.29,76.53
66.65,66.65,23.44,74.65,77.60
66.60,66.60,23.59,74.94,75.59
66.15,66.15,20.81,72.82,72.70
68.19,68.19,21.19,75.07,75.54
71.93,71.93,23.20,75.75,75.39
67.00,67.00,33.91,74.96,76.64
66.33,66.33,36.19,74.67,74.43
65.51,65.51,28.82,75.33,73.16
67.03,67.03,33.50,75.07,76.47
68.19,68.19,26.06,74.73,78.51
65.42,65.42,30.64,75.42,80.34
68.81,68.81,30.05,75.04,81.04
66.38,66.38,29.35,74.69,83.47
63.87,63.87,29.92,75.26,83.14
67.89,67.89,24.51,77.04,80.53
70.37,70.37,27.14,78.05,83.54
68.63,68.63,25.87,78.34,84.07
68.69,68.69,25.99,77.29,82.74
71.41,71.41,25.99,77.15,83.24
70.61,70.61,25.54,76.64,83.73
71.15,71.15,26.34,76.16,83.36
69.18,69.18,28.54,75.07,82.58
73.10,73.10,27.12,73.66,80.06
74.09,74.09,22.47,70.54,80.67
75.95,75.95,21.68,71.14,80.51
71.30,71.30,23.42,70.41,81.45
66.48,66.48,26.15,73.59,77.29
62.30,62.30,27.25,73.94,74.59
69.52,69.52,24.67,76.81,73.83
70.49,70.49,26.33,77.69,80.10
71.60,71.60,27.47,78.00,82.60
72.13,72.13,28.61,77.84,78.75
70.00,70.00,25.50,77.16,76.83
69.40,69.40,25.19,75.50,71.44
72.81,72.81,26.98,73.20,75.31
71.28,71.28,26.76,72.65,69.79
65.67,65.67,26.03,70.64,76.21
64.99,64.99,27.08,69.60,72.81
65.05,65.05,28.03,67.26,69.93
66.30,66.30,29.11,66.56,69.98
69.46,69.46,26.71,71.91,71.51
71.36,71.36,26.82,73.77,73.20
71.18,71.18,27.74,73.67,71.53
70.81,70.81,27.67,72.01,72.69
68.71,68.71,36.89,71.49,75.98
71.08,71.08,38.25,73.70,82.34
69.42,69.42,40.14,72.98,80.98
67.87,67.87,38.85,73.40,81.17
66.59,66.59,34.31,74.53,80.43
66.79,66.79,35.43,74.60,79.60
68.12,68.12,33.46,73.96,79.48
71.21,71.21,26.85,73.71,82.01
74.78,74.78,30.23,74.06,77.73
72.15,72.15,27.01,72.38,82.43
72.51,72.51,25.16,71.36,76.87
68.96,68.96,30.30,71.82,82.71
72.20,72.20,35.50,73.63,75.00
67.71,67.71,33.88,73.34,78.78
67.70,67.70,35.38,73.50,76.38
67.02,67.02,39.38,74.63,77.93
64.78,64.78,35.50,75.52,78.66
68.39,68.39,34.12,74.10,80.66
70.21,70.21,34.11,70.61,76.18
71.20,71.20,26.23,67.21,79.96
68.94,68.94,29.57,64.85,71.46
68.66,68.66,34.26,63.41,71.44
65.67,65.67,32.15,70.80,74.81
67.58,67.58,28.14,75.61,72.46
67.02,67.02,30.75,79.54,73.56
67.93,67.93,30.71,80.87,70.95
65.76,65.76,32.34,81.49,74.61
68.79,68.79,28.90,81.70,70.55
63.60,63.60,31.58,81.79,70.34
65.00,65.00,26.61,81.84,68.59
65.89,65.89,25.46,80.62,66.22
67.81,67.81,29.55,80.22,69.67
70.01,70.01,29.51,81.69,66.22
70.61,70.61,27.11,83.23,68.44
71.04,71.04,33.74,84.74,69.88
68.92,68.92,32.50,84.97,70.70
68.56,68.56,31.12,82.85,73.39
67.21,67.21,27.15,81.00,68.25
70.51,70.51,23.52,80.34,68.52
69.65,69.65,25.09,80.01,69.85
73.62,73.62,30.70,79.63,75.20
76.43,76.43,31.64,78.14,76.51
77.20,77.20,28.67,74.28,76.96
75.84,75.84,25.01,76.76,79.59
74.03,74.03,23.53,74.93,80.74
71.44,71.44,25.75,72.73,81.36
70.51,70.51,27.92,72.61,81.21
67.70,67.70,25.34,75.78,82.19
65.54,65.54,23.34,77.70,82.39
67.86,67.86,25.46,79.26,82.19
69.48,69.48,28.48,81.31,81.57
69.61,69.61,21.82,82.48,80.84
67.24,67.24,19.30,82.59,80.79
74.25,74.25,20.58,82.06,80.26
72.64,72.64,22.06,81.39,79.66
66.78,66.78,24.27,82.09,78.77
66.58,66.58,28.50,83.00,78.79
64.34,64.34,28.14,82.99,78.64
69.07,69.07,23.23,81.80,80.41
64.45,64.45,21.33,78.13,80.73
67.50,67.50,23.87,73.87,82.09
69.95,69.95,23.15,69.31,79.04
69.07,69.07,20.85,64.80,78.64
69.09,69.09,20.56,60.54,78.58
72.20,72.20,20.62,59.15,79.06
69.45,69.45,21.06,59.08,78.30
66.91,66.91,20.87,59.45,78.77
71.88,71.88,20.63,62.79,79.88
70.69,70.69,22.58,63.90,78.51
69.32,69.32,23.73,60.85,79.63
69.15,69.15,25.55,58.85,80.38
72.86,72.86,30.73,58.80,79.99
71.82,71.82,28.10,59.59,78.95
70.17,70.17,36.60,57.92,79.38
68.88,68.88,39.55,61.45,78.89
67.09,67.09,34.63,58.73,78.72
69.37,69.37,28.47,61.82,80.62
68.76,68.76,29.14,62.57,81.13
68.77,68.77,26.41,59.51,82.78
72.43,72.43,32.50,66.24,83.62
72.02,72.02,35.21,69.99,83.92
68.74,68.74,38.39,74.26,81.76
69.23,69.23,39.45,72.66,82.82
68.51,68.51,30.71,68.14,83.39
68.30,68.30,32.55,64.43,80.40
66.58,66.58,33.18,59.40,82.81
68.74,68.74,28.71,63.36,82.64
71.49,71.49,28.72,64.03,80.54
73.50,73.50,25.56,67.56,81.49
71.21,71.21,23.42,70.21,80.80
69.83,69.83,22.53,73.37,82.96
69.04,69.04,22.42,75.76,81.60
65.54,65.54,23.03,77.20,82.34
70.38,70.38,23.56,75.70,81.26
69.99,69.99,22.69,75.40,80.17
68.88,68.88,21.47,75.73,79.45
71.96,71.96,21.82,75.90,77.63
73.49,73.49,20.31,77.06,79.00
73.03,73.03,19.64,76.35,78.55
74.05,74.05,24.62,77.23,79.66
74.21,74.21,28.23,76.03,75.90
75.30,75.30,24.53,77.85,79.64
71.70,71.70,24.34,79.15,78.25
70.08,70.08,24.68,79.72,76.86
69.31,69.31,24.30,79.35,77.88
72.43,72.43,25.05,76.64,79.33
72.14,72.14,27.34,75.76,80.01
68.06,68.06,25.11,74.38,78.11
66.80,66.80,20.57,74.59,76.69
71.10,71.10,17.92,73.27,78.56
72.27,72.27,19.41,74.41,80.57
71.41,71.41,20.48,75.02,78.55
69.68,69.68,23.74,76.98,79.35
71.92,71.92,22.59,76.46,72.80
72.50,72.50,20.35,76.39,73.74
71.13,71.13,24.37,74.66,76.24
71.36,71.36,31.66,73.68,76.49
68.47,68.47,29.32,73.00,74.52
68.46,68.46,24.35,72.40,75.86
71.10,71.10,32.58,72.25,75.28
71.84,71.84,31.82,73.34,84.43
65.97,65.97,26.46,73.99,82.02
67.71,67.71,27.11,75.40,80.57
71.44,71.44,22.32,76.61,83.56
73.18,73.18,24.24,75.64,83.40
73.29,73.29,22.43,75.04,80.56
73.39,73.39,18.88,72.90,82.99
72.40,72.40,21.76,71.72,83.90
71.60,71.60,18.44,71.37,81.75
75.07,75.07,21.96,69.68,82.36
74.58,74.58,21.37,71.26,82.12
74.10,74.10,20.71,70.93,82.42
72.58,72.58,22.04,71.38,82.43
74.50,74.50,20.33,68.28,80.76
76.28,76.28,22.12,62.45,83.52
75.24,75.24,23.98,59.32,81.13
76.47,76.47,24.56,52.66,82.65
72.88,72.88,31.67,51.86,80.56
74.10,74.10,42.24,53.43,81.57
68.62,68.62,44.11,61.86,79.98
66.79,66.79,41.87,62.01,81.62
64.27,64.27,31.01,54.08,78.46
74.14,74.14,24.93,61.33,76.36
75.97,75.97,21.04,62.41,78.16
70.67,70.67,19.55,59.05,79.50
68.15,68.15,22.95,66.58,81.21
72.07,72.07,24.94,58.20,79.33
72.60,72.60,21.83,63.93,81.40
67.23,67.23,16.02,61.14,82.64
70.39,70.39,15.06,60.75,82.99
66.57,66.57,14.69,63.40,82.75
66.79,66.79,13.47,61.04,83.70
62.98,62.98,12.57,60.74,84.25
70.82,70.82,10.85,62.63,85.98
70.16,70.16,9.84,61.99,86.93
70.82,70.82,10.38,59.69,88.43
70.24,70.24,12.43,64.28,87.40
69.79,69.79,13.82,59.44,87.65
70.54,70.54,16.62,62.59,87.78
71.69,71.69,21.22,61.55,88.10
71.20,71.20,26.16,65.05,88.12
74.25,74.25,18.20,64.30,88.51
71.24,71.24,20.30,64.98,88.05
66.72,66.72,22.53,66.64,86.70
70.00,70.00,24.45,69.62,86.27
66.36,66.36,20.61,70.78,85.46
66.96,66.96,14.43,72.46,85.81
65.15,65.15,12.14,73.91,85.52
68.25,68.25,13.14,73.80,86.00
71.69,71.69,15.93,73.04,86.70
71.93,71.93,16.41,74.17,86.26
68.33,68.33,19.08,74.92,86.69
68.06,68.06,19.23,74.49,84.77
67.09,67.09,18.56,74.85,80.38
68.64,68.64,17.71,75.77,77.92
68.93,68.93,20.62,74.60,76.00
68.00,68.00,21.21,72.69,80.31
68.43,68.43,19.95,70.86,81.20
69.90,69.90,26.21,71.03,82.02
70.56,70.56,31.82,67.33,81.71
73.13,73.13,25.11,64.17,79.46
70.99,70.99,26.33,61.80,78.66
71.24,71.24,28.92,59.84,79.48
73.98,73.98,26.93,60.52,80.75
75.67,75.67,25.28,62.03,81.65
75.17,75.17,20.60,61.20,80.28
71.71,71.71,21.97,65.01,74.88
66.42,66.42,22.64,66.45,76.10
67.39,67.39,21.60,68.21,74.04
66.59,66.59,24.68,67.79,73.02
70.13,70.13,21.42,69.04,77.96
66.30,66.30,20.99,69.58,80.19
68.09,68.09,22.50,71.34,81.04
68.95,68.95,24.51,71.58,83.03
71.97,71.97,24.81,72.94,82.74
69.49,69.49,24.82,72.51,82.14
68.71,68.71,23.45,71.58,80.54
67.17,67.17,23.66,71.30,78.49
67.55,67.55,33.63,68.67,81.47
68.55,68.55,35.35,68.27,81.94
67.42,67.42,39.90,69.42,81.01
72.09,72.09,34.95,69.76,82.91
69.72,69.72,25.09,69.00,82.28
69.16,69.16,27.99,70.63,83.56
68.43,68.43,32.08,72.23,85.89
64.81,64.81,29.02,72.13,84.67
64.01,64.01,24.95,73.23,83.64
66.61,66.61,30.11,74.62,83.45
66.45,66.45,32.04,75.42,81.31
64.35,64.35,32.43,76.31,84.92
66.84,66.84,33.68,76.85,85.24
68.79,68.79,32.57,76.25,84.61
70.15,70.15,35.62,75.11,83.46
64.82,64.82,39.65,76.10,87.95
63.24,63.24,40.21,76.78,85.27
66.34,66.34,37.17,77.55,84.38
71.18,71.18,32.42,77.98,84.58
71.97,71.97,30.65,78.98,84.44
70.12,70.12,34.24,77.90,83.37
69.62,69.62,34.17,78.11,89.09
71.55,71.55,31.55,80.66,82.90
65.62,65.62,32.57,78.85,85.66
64.46,64.46,34.06,79.02,83.40
65.17,65.17,32.68,79.31,77.96
68.74,68.74,29.11,77.84,82.71
67.88,67.88,29.07,72.45,83.89
65.49,65.49,32.85,69.56,84.73
63.73,63.73,33.44,72.34,78.31
70.25,70.25,32.25,70.85,81.34
66.21,66.21,32.30,65.82,78.68
64.46,64.46,32.86,64.94,80.28
65.28,65.28,32.73,70.62,79.46
64.78,64.78,32.74,71.03,77.13
70.77,70.77,32.71,65.03,76.14
69.51,69.51,32.53,60.81,75.23
70.18,70.18,32.76,66.68,76.92
70.38,70.38,31.97,70.96,76.18
68.67,68.67,37.41,70.49,79.59
68.28,68.28,40.16,69.35,82.80
66.61,66.61,44.32,64.93,79.99
68.52,68.52,42.78,72.13,83.98
63.80,63.80,33.67,75.60,82.63
68.20,68.20,34.36,74.61,81.09
66.48,66.48,35.21,73.58,80.13
64.60,64.60,31.08,75.64,83.65
65.01,65.01,35.12,78.24,78.47
64.29,64.29,35.57,78.50,78.84
64.79,64.79,38.58,76.99,79.12
63.32,63.32,34.60,77.06,82.65
67.96,67.96,33.78,78.75,78.47
69.22,69.22,28.24,79.22,82.58
69.25,69.25,27.35,78.15,79.66
65.08,65.08,25.95,77.31,80.43
65.71,65.71,31.69,76.35,75.95
62.80,62.80,27.86,74.24,81.22
66.69,66.69,25.60,69.79,78.35
64.99,64.99,27.07,68.86,79.29
68.48,68.48,32.46,71.33,76.31
67.80,67.80,40.09,71.58,78.39
66.40,66.40,34.59,71.13,76.77
64.64,64.64,32.84,71.31,77.84
62.90,62.90,33.28,73.89,77.01
71.38,71.38,31.17,76.44,77.39
64.74,64.74,32.37,79.75,78.08
67.97,67.97,31.02,82.86,80.93
66.36,66.36,31.31,84.42,76.59
62.96,62.96,31.51,85.29,72.34
64.79,64.79,29.60,84.96,77.67
65.17,65.17,29.24,83.62,74.84
67.08,67.08,27.81,81.70,75.81
66.12,66.12,25.89,79.43,77.64
64.30,64.30,26.74,76.75,75.29
68.11,68.11,26.87,74.73,74.37
62.86,62.86,28.43,75.86,76.36
65.55,65.55,26.59,73.81,73.28
67.05,67.05,24.47,76.66,74.48
69.35,69.35,26.63,78.98,78.42
68.64,68.64,35.06,77.14,74.94
64.51,64.51,37.42,74.85,73.12
65.34,65.34,30.65,75.14,73.73
64.98,64.98,33.03,74.74,73.41
66.99,66.99,30.39,76.00,75.02
64.65,64.65,34.37,79.04,77.73
67.40,67.40,34.38,79.56,81.75
67.07,67.07,31.92,79.55,79.39
63.74,63.74,35.59,77.90,79.21
66.30,66.30,31.32,77.15,84.43
68.67,68.67,33.66,79.23,81.36
68.72,68.72,31.68,80.56,82.48
65.21,65.21,34.87,81.13,83.02
64.91,64.91,36.14,80.15,85.48
62.64,62.64,32.61,78.91,82.57
61.86,61.86,30.07,78.00,83.52
66.40,66.40,34.85,76.35,83.35
64.72,64.72,30.31,76.28,81.05
68.43,68.43,30.55,76.67,82.46
67.86,67.86,29.99,76.26,83.35
68.29,68.29,34.53,76.37,83.59
65.45,65.45,28.63,74.91,84.07
62.22,62.22,30.41,74.30,83.20
65.37,65.37,31.20,76.01,82.34
68.33,68.33,34.65,76.86,82.68
66.82,66.82,33.02,79.32,82.28
68.62,68.62,29.35,78.77,81.24
68.73,68.73,28.28,76.93,79.65
63.44,63.44,30.15,75.10,81.23
65.35,65.35,28.87,74.19,80.91
64.89,64.89,30.73,75.33,76.72
62.61,62.61,30.97,73.73,74.28
62.21,62.21,30.32,71.68,75.02
62.49,62.49,31.71,67.90,74.31
63.16,63.16,32.38,67.43,73.45
67.39,67.39,31.77,75.11,72.93
67.04,67.04,26.68,76.79,73.73
65.00,65.00,26.06,77.50,75.42
66.19,66.19,28.71,75.57,72.86
69.89,69.89,30.09,73.18,75.01
72.50,72.50,33.41,77.02,77.35
71.12,71.12,34.83,77.78,76.47
73.17,73.17,31.47,77.63,75.46
71.17,71.17,30.03,77.86,75.50
67.77,67.77,26.98,77.08,77.74
68.30,68.30,29.63,75.79,75.86
69.81,69.81,30.71,74.62,78.97
69.06,69.06,26.91,75.08,83.42
68.76,68.76,28.35,74.71,78.54
66.02,66.02,29.73,73.03,76.59
67.88,67.88,28.60,72.60,81.25
70.04,70.04,28.49,73.23,79.56
71.22,71.22,30.23,74.82,77.36
66.91,66.91,30.84,75.48,77.05
69.48,69.48,29.80,75.84,79.05
72.31,72.31,29.92,76.33,80.15
69.39,69.39,30.21,74.33,72.95
72.34,72.34,28.82,72.88,79.56
71.59,71.59,23.61,70.17,77.92
70.99,70.99,28.99,64.27,77.69
70.63,70.63,38.62,59.40,75.37
70.26,70.26,31.28,60.70,80.41
71.56,71.56,30.89,64.66,80.27
74.32,74.32,31.28,66.35,79.62
75.74,75.74,31.26,67.05,80.65
75.60,75.60,34.30,66.12,77.09
75.25,75.25,29.73,67.20,76.69
73.58,73.58,30.71,70.46,79.16
72.04,72.04,29.54,71.37,75.81
69.45,69.45,29.60,69.42,75.96
69.17,69.17,32.24,68.20,73.28
66.33,66.33,29.81,70.53,71.29
69.84,69.84,28.44,74.14,75.15
69.80,69.80,27.45,76.55,78.50
68.76,68.76,27.28,77.43,80.10
66.53,66.53,29.47,76.52,80.86
66.72,66.72,31.07,75.60,77.41
66.05,66.05,30.28,77.04,74.13
66.21,66.21,28.17,76.97,77.04
70.31,70.31,35.00,76.18,81.49
69.02,69.02,39.91,75.87,80.80
67.99,67.99,44.62,74.77,84.78
67.48,67.48,38.30,74.67,80.00
67.19,67.19,31.70,73.76,83.73
66.76,66.76,35.23,72.85,84.33
65.54,65.54,36.48,72.27,81.11
64.52,64.52,32.18,72.64,82.70
65.96,65.96,31.78,71.91,84.81
67.23,67.23,32.96,72.65,84.16
66.37,66.37,30.24,72.32,82.61
67.31,67.31,27.79,72.26,81.25
67.21,67.21,28.99,71.03,83.39
69.15,69.15,27.00,65.97,84.66
70.96,70.96,26.55,63.57,83.68
68.88,68.88,25.89,61.71,81.00
67.64,67.64,29.15,61.17,84.25
69.82,69.82,29.65,60.90,82.64
72.03,72.03,26.36,61.09,85.38
69.56,69.56,26.90,58.62,83.26
68.97,68.97,29.04,58.54,80.56
70.70,70.70,28.72,60.17,80.31
65.45,65.45,28.84,57.09,83.18
67.07,67.07,26.18,58.46,77.44
63.75,63.75,27.46,54.52,79.64
66.50,66.50,27.50,62.73,81.99
68.68,68.68,27.64,55.89,82.75
71.23,71.23,21.30,63.04,79.91
72.97,72.97,22.41,61.85,81.76
71.53,71.53,26.67,61.04,79.54
70.74,70.74,25.23,64.44,79.65
66.60,66.60,25.71,60.53,83.43
67.32,67.32,27.09,63.61,83.78
70.75,70.75,28.98,60.64,84.28
69.39,69.39,26.45,61.79,85.12
70.72,70.72,24.05,60.98,84.94
66.59,66.59,24.31,59.77,84.03
69.46,69.46,26.00,57.52,82.73
72.49,72.49,26.82,60.27,83.28
68.85,68.85,33.20,57.03,85.65
71.18,71.18,44.07,57.09,85.41
66.28,66.28,50.19,61.77,87.78
66.64,66.64,47.99,62.54,86.09
69.95,69.95,41.60,62.15,84.21
69.32,69.32,41.65,60.25,85.13
69.04,69.04,40.36,63.63,84.63
72.14,72.14,36.56,66.19,85.41
71.05,71.05,40.01,65.13,82.69
71.79,71.79,34.57,67.51,81.94
71.46,71.46,28.77,68.04,83.19
71.54,71.54,29.85,68.96,84.66
67.56,67.56,29.19,70.93,81.41
69.21,69.21,31.62,70.76,80.16
67.66,67.66,29.51,72.43,84.78
65.62,65.62,24.87,71.82,84.90
67.96,67.96,25.92,72.03,79.37
67.18,67.18,27.19,72.29,82.05
64.91,64.91,28.01,70.77,80.55
70.59,70.59,29.47,70.32,80.66
67.58,67.58,33.78,71.00,78.17
70.92,70.92,44.00,70.86,76.72
68.88,68.88,36.07,71.65,79.80
71.61,71.61,34.69,70.42,83.08
72.17,72.17,34.76,65.93,82.45
70.26,70.26,29.72,67.36,80.94
69.55,69.55,27.50,63.98,81.41
70.76,70.76,23.59,62.53,81.18
72.22,72.22,24.62,60.11,82.01
71.28,71.28,23.39,63.19,79.50
71.48,71.48,21.84,64.13,74.62
71.78,71.78,24.02,64.23,74.52
72.23,72.23,23.18,66.39,77.06
69.93,69.93,26.27,65.39,77.23
74.86,74.86,29.67,66.81,77.03
75.22,75.22,29.95,67.38,73.24
68.58,68.58,29.15,66.22,76.38
70.12,70.12,29.11,68.23,75.37
70.29,70.29,29.97,69.12,77.52
67.51,67.51,28.42,67.24,77.32
65.12,65.12,31.95,70.02,77.51
67.99,67.99,36.49,68.74,79.80
71.62,71.62,31.29,70.07,80.33
69.49,69.49,30.14,70.65,83.60
67.37,67.37,22.61,71.41,82.57
65.05,65.05,26.95,71.61,84.69
66.82,66.82,26.79,72.44,85.73
70.30,70.30,25.79,72.43,85.36
67.41,67.41,22.16,71.56,83.00
70.09,70.09,24.19,72.92,82.01
66.28,66.28,28.98,72.24,84.69
65.01,65.01,25.21,70.71,82.03
71.30,71.30,20.60,70.51,83.45
72.81,72.81,24.06,70.54,86.21
69.62,69.62,28.77,70.14,84.01
67.63,67.63,29.63,69.35,81.34
73.10,73.10,25.26,68.85,84.13
73.09,73.09,22.05,71.07,83.96
69.44,69.44,22.85,70.21,82.89
70.70,70.70,25.02,69.37,82.19
67.05,67.05,30.84,70.37,82.75
63.67,63.67,39.56,69.21,82.40
62.38,62.38,42.21,67.26,80.12
65.72,65.72,37.91,66.69,79.43
61.53,61.53,32.93,68.76,82.93
66.26,66.26,28.59,69.71,79.27
65.40,65.40,22.62,67.24,83.27
70.74,70.74,19.50,62.62,82.01
67.39,67.39,19.68,61.45,82.51
65.14,65.14,19.85,66.33,84.42
67.83,67.83,19.96,69.87,82.58
69.31,69.31,20.41,64.02,85.72
69.43,69.43,17.76,57.35,84.70
66.51,66.51,19.10,58.08,82.87
64.80,64.80,18.41,65.00,86.51
65.73,65.73,15.37,66.09,87.58
67.14,67.14,14.97,64.95,86.89
73.36,73.36,15.18,61.87,89.08
72.80,72.80,15.11,60.93,87.67
69.87,69.87,20.27,62.34,88.26
73.21,73.21,33.38,62.83,88.56
70.00,70.00,29.59,63.63,88.55
74.22,74.22,25.99,67.37,89.37
73.94,73.94,25.96,67.05,88.72
75.11,75.11,24.80,67.83,88.08
74.69,74.69,23.82,69.24,87.39
76.53,76.53,22.08,71.75,85.60
76.79,76.79,20.96,72.21,85.70
74.98,74.98,24.33,73.11,87.53
74.20,74.20,21.39,74.83,85.61
68.33,68.33,23.97,74.03,86.88
68.31,68.31,19.86,74.54,86.87
67.92,67.92,22.00,76.45,85.82
69.18,69.18,23.55,76.31,85.78
67.61,67.61,21.33,76.15,84.23
66.73,66.73,23.00,76.17,81.24
73.75,73.75,22.34,77.10,78.09
71.45,71.45,23.78,75.77,80.78
72.73,72.73,26.94,74.35,81.41
69.52,69.52,35.21,73.52,82.38
68.65,68.65,45.80,73.27,79.82
67.68,67.68,42.27,70.41,80.89
68.36,68.36,36.60,67.86,82.65
67.90,67.90,34.60,63.80,81.23
71.36,71.36,35.00,60.14,80.27
70.11,70.11,35.04,62.30,82.62
65.08,65.08,28.90,64.58,82.35
65.17,65.17,27.05,68.83,81.25
65.47,65.47,28.17,70.90,79.98
69.13,69.13,25.86,70.32,82.41
72.02,72.02,26.00,70.68,81.73
69.37,69.37,23.59,71.46,80.14
71.76,71.76,25.62,73.33,81.30
69.10,69.10,27.10,73.14,84.84
63.72,63.72,24.27,73.19,84.78
66.82,66.82,24.80,74.10,83.16
69.93,69.93,31.73,74.94,83.32
72.80,72.80,33.05,74.65,85.43
73.08,73.08,31.62,73.89,85.34
71.89,71.89,32.93,73.72,81.34
68.00,68.00,37.15,72.37,78.09
71.01,71.01,38.71,72.13,86.50
65.93,65.93,31.48,73.72,85.93
68.27,68.27,29.17,73.80,81.44
68.96,68.96,32.80,73.07,84.55
71.93,71.93,32.08,73.24,86.46
73.65,73.65,28.38,74.46,85.78
72.91,72.91,25.50,74.51,83.71
73.94,73.94,26.64,74.87,83.52
74.25,74.25,30.69,75.80,86.15
77.55,77.55,31.22,75.09,82.70
77.87,77.87,29.20,75.77,83.08
75.62,75.62,27.53,77.10,84.93
69.26,69.26,30.96,76.01,86.57
70.06,70.06,33.61,76.00,86.20
72.14,72.14,34.64,77.49,84.42
73.97,73.97,34.17,77.35,86.88
77.09,77.09,34.71,77.58,85.54
75.16,75.16,32.44,78.55,86.10
72.51,72.51,38.61,79.86,82.10
72.45,72.45,36.65,78.55,86.04
70.09,70.09,38.11,78.02,86.83
73.22,73.22,37.98,77.49,80.74
71.50,71.50,32.98,74.21,85.58
66.47,66.47,30.95,74.66,78.32
67.53,67.53,28.48,74.31,79.55
67.82,67.82,28.50,70.92,84.28
66.00,66.00,27.01,63.82,80.94
65.62,65.62,27.96,68.06,80.58
68.74,68.74,28.54,69.66,78.25
67.18,67.18,27.89,62.98,83.33
65.23,65.23,28.53,54.34,81.02
62.35,62.35,29.56,67.24,79.14
63.19,63.19,27.86,69.28,77.84
68.54,68.54,29.37,65.35,82.05
71.84,71.84,31.24,57.61,75.57
67.51,67.51,28.20,55.92,79.33
72.88,72.88,33.31,66.29,77.82
67.38,67.38,41.69,69.29,79.38
68.96,68.96,47.43,68.92,85.20
64.61,64.61,51.52,65.83,82.48
68.96,68.96,48.36,67.27,83.01
62.92,62.92,39.24,71.80,86.02
64.88,64.88,42.67,73.13,81.27
68.16,68.16,40.46,72.00,82.84
62.04,62.04,38.74,72.64,82.12
68.53,68.53,40.37,75.55,84.46
62.96,62.96,38.88,77.01,77.77
63.30,63.30,38.27,76.81,79.43
64.55,64.55,36.64,76.17,81.88
62.48,62.48,34.64,76.39,83.23
70.96,70.96,36.45,77.57,81.02
67.27,67.27,36.63,76.98,84.61
69.22,69.22,34.72,75.84,78.78
63.24,63.24,36.30,75.20,77.58
64.21,64.21,36.96,73.93,78.64
64.57,64.57,35.40,70.27,80.04
65.31,65.31,34.47,61.91,77.02
66.10,66.10,38.63,57.82,78.53
68.38,68.38,48.48,62.92,80.79
68.56,68.56,44.29,65.74,79.77
66.97,66.97,40.63,70.11,78.30
63.12,63.12,39.14,70.30,79.76
69.39,69.39,37.06,70.08,80.48
68.32,68.32,40.12,70.48,83.99
68.18,68.18,37.91,70.98,84.23
67.81,67.81,37.02,70.23,86.06
63.95,63.95,37.13,71.44,87.28
62.05,62.05,34.45,72.62,86.92
65.49,65.49,34.31,73.26,84.06
64.05,64.05,30.89,72.53,82.45
67.29,67.29,29.93,71.95,81.06
65.26,65.26,29.30,73.76,80.48
67.57,67.57,30.05,73.95,79.12
66.20,66.20,32.60,73.47,78.77
66.06,66.06,33.46,73.05,73.45
64.78,64.78,32.23,73.10,76.86
67.11,67.11,33.30,73.91,82.37
70.75,70.75,38.29,74.08,79.99
65.74,65.74,42.32,73.20,79.33
65.80,65.80,37.99,73.17,74.37
64.17,64.17,38.57,74.32,76.91
64.97,64.97,36.05,75.03,77.09
65.79,65.79,37.69,75.17,83.28
61.97,61.97,35.34,74.93,82.86
64.61,64.61,36.84,75.46,85.21
63.95,63.95,39.69,76.28,85.85
63.66,63.66,42.49,76.22,85.73
66.64,66.64,36.60,76.07,82.49
65.67,65.67,35.19,76.60,85.36
61.65,61.65,34.28,76.47,85.54
63.85,63.85,39.88,76.46,84.64
59.73,59.73,35.30,75.76,85.33
58.77,58.77,36.73,74.80,84.45
62.60,62.60,37.90,74.15,84.98
64.20,64.20,33.87,73.26,84.28
64.90,64.90,33.11,71.98,83.57
67.45,67.45,34.74,69.94,83.56
64.24,64.24,36.68,68.66,81.66
65.15,65.15,34.21,70.09,83.04
60.96,60.96,34.86,72.07,77.91
60.60,60.60,35.86,74.11,75.46
67.41,67.41,31.53,74.64,78.04
68.29,68.29,35.82,74.74,83.32
68.09,68.09,35.95,74.55,85.13
68.58,68.58,34.08,74.33,82.42
67.43,67.43,33.15,73.56,81.18
65.21,65.21,32.73,72.65,76.73
67.68,67.68,31.41,72.85,77.63
63.04,63.04,34.57,72.55,75.64
61.74,61.74,34.66,71.23,80.09
62.34,62.34,34.09,68.56,77.32
63.89,63.89,32.88,64.40,72.26
64.92,64.92,35.85,54.95,74.24
68.29,68.29,33.19,61.67,76.93
66.86,66.86,28.21,67.76,78.49
64.76,64.76,32.18,68.66,77.80
68.99,68.99,33.40,67.52,75.44
67.42,67.42,41.14,69.69,78.41
67.95,67.95,38.76,70.13,81.17
69.78,69.78,42.41,70.51,81.26
66.85,66.85,35.79,70.89,81.30
64.47,64.47,31.65,71.10,81.80
67.10,67.10,36.83,71.32,76.95
69.70,69.70,31.95,71.54,77.23
67.86,67.86,33.90,71.43,79.42
67.69,67.69,31.86,71.74,80.74
64.06,64.06,32.08,71.77,80.40
64.59,64.59,31.61,71.92,81.89
68.62,68.62,31.61,72.01,79.04
73.46,73.46,30.88,71.47,75.49
69.35,69.35,29.46,71.10,74.13
65.85,65.85,30.69,70.90,78.33
66.56,66.56,33.21,70.23,81.07
64.10,64.10,30.37,70.07,80.74
67.42,67.42,31.70,69.37,79.28
67.40,67.40,30.36,67.65,78.39
62.71,62.71,31.14,65.12,78.93
64.44,64.44,34.64,59.81,79.68
64.46,64.46,33.46,55.99,83.23
66.42,66.42,34.75,61.35,77.95
67.30,67.30,34.31,63.66,77.38
62.82,62.82,34.52,64.65,79.73
64.38,64.38,34.60,64.93,81.65
65.91,65.91,32.43,64.69,82.99
64.63,64.63,32.40,63.45,82.45
63.62,63.62,34.14,64.20,82.34
63.81,63.81,33.42,63.68,80.87
63.67,63.67,33.89,63.48,80.03
59.16,59.16,32.33,64.50,77.67
66.33,66.33,31.22,65.73,79.65
68.90,68.90,32.72,67.33,81.69
66.13,66.13,33.01,68.16,84.23
65.09,65.09,32.77,65.92,84.33
65.42,65.42,33.35,64.74,83.29
64.55,64.55,34.27,67.14,78.89
61.76,61.76,35.59,69.52,80.84
62.82,62.82,36.80,67.54,79.35
66.94,66.94,42.16,66.99,80.80
66.90,66.90,37.37,66.91,82.21
68.17,68.17,35.50,66.89,81.05
68.36,68.36,35.40,66.82,82.30
70.42,70.42,36.28,66.11,82.35
65.63,65.63,37.24,65.54,81.10
63.37,63.37,35.14,66.18,82.47
68.15,68.15,32.79,65.50,81.95
66.85,66.85,33.47,63.20,81.66
65.43,65.43,35.73,65.38,82.07
68.04,68.04,34.33,64.91,83.47
72.07,72.07,33.15,62.92,82.77
71.65,71.65,31.22,61.16,82.69
74.90,74.90,29.35,58.76,81.77
73.17,73.17,30.04,54.55,81.08
70.05,70.05,29.71,53.70,82.60
69.55,69.55,30.02,51.92,83.25
64.56,64.56,29.42,53.28,84.15
67.53,67.53,27.65,55.95,82.35
65.23,65.23,28.18,54.82,81.54
64.79,64.79,32.82,57.31,81.29
65.89,65.89,28.30,62.84,80.57
66.76,66.76,29.64,64.41,78.77
66.20,66.20,26.60,65.37,79.10
68.96,68.96,25.92,65.87,78.14
65.69,65.69,26.24,67.70,76.81
62.68,62.68,24.80,67.23,76.09
64.81,64.81,26.64,67.77,79.29
66.42,66.42,26.70,66.93,79.00
66.69,66.69,26.61,69.18,77.96
65.17,65.17,27.05,70.23,77.32
70.49,70.49,30.93,71.45,79.49
69.70,69.70,32.42,70.40,77.68
68.93,68.93,36.07,70.56,77.73
67.56,67.56,37.01,68.83,80.01
65.01,65.01,33.89,68.79,79.73
67.57,67.57,29.77,68.15,79.19
64.82,64.82,27.18,69.13,80.13
66.28,66.28,26.75,68.71,82.71
68.07,68.07,30.60,70.56,84.67
66.90,66.90,37.08,70.82,85.65
63.88,63.88,34.85,71.94,82.25
66.31,66.31,32.57,70.50,83.47
63.89,63.89,35.15,68.73,83.97
65.83,65.83,34.72,68.13,81.90
64.74,64.74,33.85,67.94,82.02
66.64,66.64,35.46,69.59,82.75
68.15,68.15,32.40,69.66,80.63
68.36,68.36,33.25,70.00,82.84
66.35,66.35,31.43,69.46,82.36
64.10,64.10,38.51,72.51,84.01
63.00,63.00,37.81,73.70,82.41
61.54,61.54,38.16,74.59,82.50
66.76,66.76,30.08,75.40,83.12
65.84,65.84,29.43,75.56,80.99
66.00,66.00,27.84,77.27,80.40
68.51,68.51,33.16,77.38,78.35
69.84,69.84,29.50,79.05,81.12
69.58,69.58,29.96,79.72,78.69
63.97,63.97,27.99,80.19,79.50
62.66,62.66,29.65,80.41,79.18
64.02,64.02,32.77,80.49,81.03
62.29,62.29,31.28,81.88,80.18
64.83,64.83,33.96,81.21,78.01
63.15,63.15,27.24,80.92,79.60
64.70,64.70,33.98,78.96,81.99
64.67,64.67,26.24,77.54,81.39
62.59,62.59,28.23,77.04,79.88
65.69,65.69,26.09,76.20,78.69
68.69,68.69,23.11,76.33,80.32
62.32,62.32,29.53,77.43,81.79
64.16,64.16,30.48,78.82,78.58
64.92,64.92,33.03,79.49,79.72
67.65,67.65,29.01,80.10,73.21
66.84,66.84,27.26,79.08,76.11
66.35,66.35,28.85,78.95,76.16
66.88,66.88,33.89,76.99,76.13
64.58,64.58,32.25,76.62,76.68
63.35,63.35,29.63,74.86,76.40
65.11,65.11,35.11,75.49,77.08
65.03,65.03,35.88,75.52,86.16
60.78,60.78,36.46,77.64,82.51
63.17,63.17,33.23,78.43,80.64
66.95,66.95,30.37,79.15,84.80
67.23,67.23,32.57,79.74,83.34
67.87,67.87,34.05,79.17,81.01
62.62,62.62,30.59,79.70,83.06
62.20,62.20,31.05,78.52,83.97
65.64,65.64,31.42,78.37,81.17
70.94,70.94,30.44,77.56,83.03
70.61,70.61,31.46,77.88,82.08
67.95,67.95,30.22,78.29,82.51
69.42,69.42,26.43,77.05,81.47
71.29,71.29,22.49,76.38,80.78
72.67,72.67,35.26,73.45,84.07
71.96,71.96,30.34,72.07,80.35
70.70,70.70,25.72,69.50,83.86
67.98,67.98,27.13,67.37,79.87
66.83,66.83,30.46,63.23,83.19
65.04,65.04,28.74,54.99,80.47
61.25,61.25,27.25,63.78,78.95
59.26,59.26,28.00,62.74,77.24
67.69,67.69,28.24,59.69,79.30
66.42,66.42,35.66,58.61,80.79
61.81,61.81,38.64,57.55,81.31
57.60,57.60,35.77,65.06,82.19
61.99,61.99,29.60,56.02,78.60
60.43,60.43,27.62,59.71,81.54
58.28,58.28,28.95,66.20,81.97
56.44,56.44,32.12,57.32,81.47
58.24,58.24,32.34,61.04,83.79
57.62,57.62,33.60,58.08,85.24
54.37,54.37,34.31,59.99,82.76
56.48,56.48,38.28,66.02,85.88
57.59,57.59,38.28,68.67,84.10
58.04,58.04,43.38,70.81,88.41
57.08,57.08,37.77,71.67,86.22
56.26,56.26,33.07,72.79,87.90
57.96,57.96,30.30,73.23,86.96
58.07,58.07,34.56,72.69,88.48
56.90,56.90,31.03,70.95,86.54
57.83,57.83,28.61,68.67,88.03
56.48,56.48,39.19,66.37,86.06
55.64,55.64,33.97,63.02,87.97
56.15,56.15,34.57,58.37,86.34
56.44,56.44,35.33,54.81,86.49
56.68,56.68,33.71,55.74,86.25
57.77,57.77,32.46,54.99,84.82
58.83,58.83,36.23,57.41,84.35
58.10,58.10,34.29,59.45,85.62
56.75,56.75,36.83,62.01,85.34
54.80,54.80,40.14,64.71,85.64
53.41,53.41,41.35,69.06,83.12
53.40,53.40,39.08,71.75,82.80
53.16,53.16,39.80,72.97,83.60
54.30,54.30,33.52,73.22,82.62
54.77,54.77,26.94,74.17,80.18
51.39,51.39,29.19,74.19,82.48
55.33,55.33,31.22,74.04,82.07
52.54,52.54,31.25,73.79,81.84
52.64,52.64,31.43,73.57,82.48
52.66,52.66,30.06,74.45,83.55
51.54,51.54,31.94,75.49,84.06
51.92,51.92,31.71,76.14,80.30
49.89,49.89,28.78,76.45,80.88
50.25,50.25,29.97,76.69,78.23
50.16,50.16,34.21,78.23,80.57
50.11,50.11,32.56,78.80,81.79
49.96,49.96,30.54,78.06,80.81
53.25,53.25,28.12,76.66,80.88
51.14,51.14,26.98,75.68,81.08
52.28,52.28,27.55,73.07,81.10
50.11,50.11,28.87,70.64,85.08
49.50,49.50,25.05,69.68,81.22
52.96,52.96,24.18,68.12,79.95
52.66,52.66,24.43,65.44,82.54
51.82,51.82,24.84,63.64,81.37
54.12,54.12,25.65,64.91,79.84
60.18,60.18,28.37,62.97,82.11
55.18,55.18,29.40,56.60,83.80
54.30,54.30,28.75,51.80,83.02
53.53,53.53,26.02,46.53,81.63
53.99,53.99,28.71,46.89,81.29
55.01,55.01,29.13,57.38,81.80
53.11,53.11,25.64,59.06,81.41
52.09,52.09,30.88,56.20,82.99
52.89,52.89,35.91,55.73,82.59
52.32,52.32,24.25,59.02,81.14
53.12,53.12,41.49,62.17,82.27
48.74,48.74,37.43,65.68,85.25
51.74,51.74,46.21,69.76,83.25
51.93,51.93,42.08,71.37,83.58
54.13,54.13,37.43,70.51,79.70
55.50,55.50,37.66,67.68,81.48
58.16,58.16,46.02,66.22,82.64
52.73,52.73,58.75,67.30,85.34
56.74,56.74,62.61,64.44,80.20
52.59,52.59,83.92,75.29,76.94
49.33,49.33,90.27,69.51,78.51
54.16,54.16,82.66,65.36,85.02
55.14,55.14,83.13,63.42,81.28
54.36,54.36,78.06,65.19,83.57
51.63,51.63,77.16,57.68,81.20
52.93,52.93,77.15,62.14,81.01
53.08,53.08,73.57,54.69,82.96
52.33,52.33,72.19,58.60,83.44
51.62,51.62,69.71,55.75,84.44
52.31,52.31,70.28,58.47,81.34
59.78,59.78,60.32,54.33,81.59
57.43,57.43,67.79,58.76,77.32
54.80,54.80,67.12,55.66,79.86
58.34,58.34,63.36,62.50,76.49
58.48,58.48,62.77,56.42,74.36
60.67,60.67,54.43,58.36,76.12
59.53,59.53,60.80,59.05,77.56
57.72,57.72,63.36,64.16,85.25
57.42,57.42,59.70,60.33,82.42
59.89,59.89,58.07,64.39,82.87
55.75,55.75,59.94,65.37,83.82
57.98,57.98,62.14,67.02,83.38
56.84,56.84,63.10,70.06,84.29
52.89,52.89,55.95,70.58,84.47
58.24,58.24,49.79,71.51,84.23
58.29,58.29,50.54,73.26,85.26
58.63,58.63,46.46,74.49,85.62
62.71,62.71,55.86,75.92,83.79
57.70,57.70,53.00,76.37,85.30
58.46,58.46,50.18,76.87,80.96
59.63,59.63,47.97,76.33,86.45
58.68,58.68,46.43,76.51,80.40
55.79,55.79,50.03,76.52,84.46
60.60,60.60,45.26,76.04,80.22
58.92,58.92,48.57,74.30,82.10
57.19,57.19,46.83,71.94,79.69
56.75,56.75,49.37,69.55,82.63
61.45,61.45,55.33,60.27,79.26
61.77,61.77,61.97,56.03,78.19
67.86,67.86,77.47,65.20,80.92
61.06,61.06,88.67,62.70,79.71
59.71,59.71,85.95,59.50,81.71
55.10,55.10,85.24,56.80,81.58
55.90,55.90,85.83,62.80,82.66
58.11,58.11,86.07,61.90,82.26
54.57,54.57,84.75,60.38,85.99
51.32,51.32,84.11,60.12,87.80
52.16,52.16,83.20,60.93,86.58
51.90,51.90,82.70,62.46,87.01
54.42,54.42,80.96,61.18,87.30
53.43,53.43,81.44,65.89,87.03
54.67,54.67,81.13,65.34,84.69
50.63,50.63,78.07,68.62,81.58
58.12,58.12,76.42,68.62,80.77
55.52,55.52,74.97,69.14,79.36
57.50,57.50,72.16,69.87,83.47
51.89,51.89,69.10,70.90,80.57
50.06,50.06,71.36,70.68,81.95
51.80,51.80,71.79,69.14,85.69
56.02,56.02,69.40,71.57,84.31
51.91,51.91,64.28,71.62,84.53
44.41,44.41,62.83,74.04,82.33
47.45,47.45,64.15,74.72,82.15
49.93,49.93,62.76,74.68,82.49
48.78,48.78,64.90,74.71,87.96
47.71,47.71,62.47,74.93,87.63
47.39,47.39,60.18,74.42,86.71
45.68,45.68,62.66,75.56,85.71
45.73,45.73,61.75,75.54,88.80
49.29,49.29,62.27,76.12,84.24
44.36,44.36,59.68,76.80,87.56
44.99,44.99,53.49,76.65,86.30
44.00,44.00,54.90,76.43,88.97
42.37,42.37,54.37,76.70,86.71
42.28,42.28,55.30,75.42,87.30
42.85,42.85,55.69,74.13,84.77
49.74,49.74,64.07,71.05,84.71
44.71,44.71,67.72,66.70,83.92
39.39,39.39,81.08,67.83,83.58
35.50,35.50,88.22,61.40,81.28
35.54,35.54,82.08,64.03,81.22
38.23,38.23,84.32,64.18,79.46
37.95,37.95,76.80,66.14,81.73
42.23,42.23,76.44,62.66,86.65
43.69,43.69,72.49,63.98,88.19
39.42,39.42,73.91,59.63,88.46
36.37,36.37,70.36,58.10,87.35
31.52,31.52,71.97,48.48,85.58
34.93,34.93,83.42,61.58,84.04
39.30,39.30,87.58,62.87,85.33
37.10,37.10,79.89,65.52,82.70
32.54,32.54,82.60,64.06,84.43
36.76,36.76,75.93,65.46,78.66
35.76,35.76,75.93,60.19,76.02
39.47,39.47,74.73,59.49,80.91
39.57,39.57,71.87,50.25,81.61
43.53,43.53,69.78,53.74,84.20
40.94,40.94,71.09,55.09,80.51
40.42,40.42,83.85,59.76,78.99
39.34,39.34,82.32,65.56,81.32
32.32,32.32,77.01,69.93,87.52
36.94,36.94,84.35,71.39,83.29
42.34,42.34,82.04,73.15,87.90
37.41,37.41,85.54,72.71,81.23
39.28,39.28,86.52,70.24,82.46
35.72,35.72,80.59,70.45,85.10
36.97,36.97,77.76,73.23,83.58
32.02,32.02,81.23,73.55,85.51
36.78,36.78,74.39,73.94,83.25
42.76,42.76,79.00,73.12,83.06
39.12,39.12,82.67,72.19,80.46
37.92,37.92,79.41,71.35,81.00
35.93,35.93,81.84,71.78,79.08
36.81,36.81,81.45,71.54,84.40
37.81,37.81,76.05,72.70,83.45
38.25,38.25,79.02,72.35,83.79
40.39,40.39,77.11,69.08,81.67
41.34,41.34,80.07,62.69,80.32
40.60,40.60,76.60,55.07,80.47
40.57,40.57,88.44,63.98,77.93
42.47,42.47,87.03,61.07,75.62
44.10,44.10,86.82,57.34,78.18
44.55,44.55,86.89,57.82,78.93
42.65,42.65,85.44,63.77,80.65
44.30,44.30,85.33,66.02,84.65
42.69,42.69,85.50,66.06,84.79
40.53,40.53,85.89,63.78,84.74
38.39,38.39,83.89,61.46,82.99
36.62,36.62,81.22,58.20,84.24
40.54,40.54,81.93,61.01,80.60
35.67,35.67,82.50,59.93,79.74
39.55,39.55,79.77,63.02,81.09
39.68,39.68,74.98,65.68,83.25
40.33,40.33,76.13,69.53,82.61
38.76,38.76,74.47,71.27,84.19
35.14,35.14,67.63,74.30,78.28
34.18,34.18,67.73,77.00,78.89
33.01,33.01,73.14,76.91,80.94
34.38,34.38,71.90,76.40,85.32
32.43,32.43,65.84,75.91,85.46
37.10,37.10,56.39,75.61,85.56
40.22,40.22,51.18,75.53,86.80
40.50,40.50,62.22,74.37,86.42
38.08,38.08,64.60,72.45,85.59
40.66,40.66,61.97,72.21,84.81
42.61,42.61,61.48,73.11,84.24
39.31,39.31,60.74,72.75,84.79
38.41,38.41,59.89,72.15,86.24
33.41,33.41,61.97,71.16,84.64
37.66,37.66,58.40,68.50,87.96
40.58,40.58,58.45,66.79,86.36
44.45,44.45,50.46,63.82,88.05
38.52,38.52,54.03,60.12,85.11
35.36,35.36,57.18,56.78,85.21
29.87,29.87,55.37,48.93,83.36
30.84,30.84,58.66,54.79,85.51
35.30,35.30,61.11,47.27,84.63
33.09,33.09,78.64,65.68,82.70
29.95,29.95,88.37,61.47,82.93
31.82,31.82,82.47,66.85,83.39
37.98,37.98,83.11,62.33,82.55
40.16,40.16,78.12,60.06,79.22
39.86,39.86,77.64,65.82,81.72
38.15,38.15,74.50,70.35,79.06
36.07,36.07,73.78,70.25,80.49
35.89,35.89,69.51,70.99,82.20
31.42,31.42,72.12,72.57,83.52
32.23,32.23,68.42,72.87,81.15
32.51,32.51,66.75,74.09,82.62
31.99,31.99,66.32,73.45,83.20
33.33,33.33,66.96,73.40,82.91
33.88,33.88,68.20,71.49,81.96
37.24,37.24,66.13,73.71,82.92
39.32,39.32,62.47,73.34,82.52
40.22,40.22,63.60,73.12,83.45
38.08,38.08,63.11,72.40,81.94
35.82,35.82,59.32,68.55,81.04
31.54,31.54,60.85,66.46,81.40
34.08,34.08,57.86,63.12,84.24
32.13,32.13,64.53,61.40,84.06
26.91,26.91,62.87,59.89,84.00
30.24,30.24,58.52,58.61,83.29
30.86,30.86,54.48,61.44,85.85
30.84,30.84,46.59,61.48,84.96
31.52,31.52,46.31,61.20,85.36
31.24,31.24,54.22,59.86,86.56
32.12,32.12,52.15,64.36,82.82
31.26,31.26,53.85,62.34,84.88
33.58,33.58,44.43,63.96,85.44
34.99,34.99,42.32,64.49,82.21
32.54,32.54,51.36,62.45,81.29
28.93,28.93,42.29,63.82,83.56
31.61,31.61,51.76,62.22,83.13
34.83,34.83,45.65,62.98,81.75
31.28,31.28,50.66,65.76,83.89
26.27,26.27,63.52,65.95,78.45
18.81,18.81,74.20,71.96,82.66
20.68,20.68,81.10,74.37,83.68
16.74,16.74,90.39,69.26,78.18
17.49,17.49,85.41,71.68,79.78
25.71,25.71,81.73,67.71,82.70
27.63,27.63,84.24,65.44,81.03
26.54,26.54,86.17,58.80,82.62
29.49,29.49,86.24,61.27,82.74
33.38,33.38,85.41,63.53,85.39
38.12,38.12,83.85,61.65,84.66
38.02,38.02,82.98,63.43,85.66
36.14,36.14,82.19,60.96,84.22
33.76,33.76,83.45,63.92,83.12
30.08,30.08,81.14,68.80,83.14
32.25,32.25,77.97,69.51,82.92
32.48,32.48,75.57,71.53,83.64
29.41,29.41,77.73,71.63,82.72
28.09,28.09,71.65,73.98,83.20
27.18,27.18,71.00,74.19,82.69
33.98,33.98,71.55,74.30,82.28
29.83,29.83,67.45,73.73,82.49
27.38,27.38,70.20,73.27,85.02
29.16,29.16,68.80,73.25,86.91
25.21,25.21,68.31,73.30,86.70
23.17,23.17,63.72,71.46,87.25
23.99,23.99,52.45,71.33,87.78
24.81,24.81,60.46,65.93,86.47
27.06,27.06,68.52,71.29,85.57
22.81,22.81,69.47,73.44,87.02
23.68,23.68,63.49,71.04,84.41
26.25,26.25,54.09,65.89,85.20
31.41,31.41,61.69,67.44,83.29
30.12,30.12,63.89,69.49,82.57
29.72,29.72,63.29,66.90,82.87
26.50,26.50,60.00,65.28,86.52
25.46,25.46,52.08,65.44,83.07
30.47,30.47,57.80,68.58,84.14
25.33,25.33,59.04,61.65,83.52
20.31,20.31,64.26,60.76,85.70
16.33,16.33,70.91,55.37,82.50
17.86,17.86,77.20,64.29,81.67
13.77,13.77,88.01,65.68,84.58
14.45,14.45,85.45,63.31,82.74
15.71,15.71,84.23,65.95,82.15
16.50,16.50,78.48,66.39,83.68
18.69,18.69,76.84,66.85,79.84
19.27,19.27,77.16,67.01,83.62
19.52,19.52,71.62,64.61,84.99
18.41,18.41,71.90,61.22,84.57
14.87,14.87,70.22,54.20,84.54
19.31,19.31,77.90,63.49,85.01
19.99,19.99,85.94,63.73,82.64
17.38,17.38,83.70,62.74,85.42
19.47,19.47,81.21,64.24,86.55
20.21,20.21,77.54,63.78,87.50
20.32,20.32,75.80,60.40,88.38
22.01,22.01,72.79,60.52,87.08
24.42,24.42,73.51,55.46,89.82
24.88,24.88,65.06,52.30,90.26
20.91,20.91,70.54,48.96,88.21
30.09,30.09,78.04,51.32,87.90
26.22,26.22,83.94,60.90,89.37
20.64,20.64,77.32,53.81,88.38
26.05,26.05,83.36,60.60,89.12
25.77,25.77,79.92,56.29,90.19
29.16,29.16,82.52,56.92,86.60
30.78,30.78,83.25,61.55,85.13
27.75,27.75,83.50,60.71,87.30
29.85,29.85,78.64,58.68,85.65
30.85,30.85,80.19,58.70,87.77
29.70,29.70,76.94,57.85,85.73
31.09,31.09,76.93,61.76,87.73
30.39,30.39,79.98,58.35,86.44
31.76,31.76,80.59,66.77,86.60
31.70,31.70,81.48,71.30,85.17
29.91,29.91,79.62,69.70,83.40
28.42,28.42,73.11,70.51,80.94
26.79,26.79,80.80,71.51,80.05
26.68,26.68,74.79,71.20,82.88
20.78,20.78,82.24,66.37,81.78
21.97,21.97,76.10,64.60,82.37
22.68,22.68,87.98,61.69,81.29
22.49,22.49,85.91,50.32,82.39
21.39,21.39,87.64,53.56,84.35
24.23,24.23,87.01,55.46,83.03
28.76,28.76,86.67,50.10,82.22
33.35,33.35,86.10,48.90,83.57
27.47,27.47,85.36,53.61,85.98
25.11,25.11,85.56,55.34,82.97
23.15,23.15,84.59,62.49,82.79
23.45,23.45,83.45,62.09,86.45
23.75,23.75,82.26,62.18,86.26
23.54,23.54,81.97,61.99,84.06
22.75,22.75,79.19,67.19,84.53
21.19,21.19,77.08,68.74,86.30
20.95,20.95,76.37,67.77,85.24
22.80,22.80,73.85,69.89,85.79
24.11,24.11,71.05,73.02,84.69
24.41,24.41,68.26,72.18,85.24
22.47,22.47,71.99,69.62,84.70
20.88,20.88,72.34,69.86,84.20
23.11,23.11,67.73,72.49,86.27
27.21,27.21,60.26,69.41,86.23
23.96,23.96,57.09,69.48,87.35
23.08,23.08,62.01,72.55,85.30
24.96,24.96,63.01,69.48,86.00
24.59,24.59,63.70,69.75,86.03
25.45,25.45,61.80,72.11,86.57
26.53,26.53,63.47,71.50,86.11
30.01,30.01,61.96,71.84,87.71
24.51,24.51,60.07,73.11,87.48
25.72,25.72,58.91,73.26,88.65
24.92,24.92,55.16,72.24,87.45
21.84,21.84,53.96,72.90,87.06
23.81,23.81,57.16,72.72,86.35
24.20,24.20,58.14,73.43,83.93
23.79,23.79,57.60,75.13,82.38
19.60,19.60,59.04,73.33,83.20
14.43,14.43,69.04,72.44,83.19
12.05,12.05,75.84,72.55,84.05
10.81,10.81,89.55,70.75,82.58
9.86,9.86,83.19,68.60,87.47
11.11,11.11,82.66,71.25,81.27
11.85,11.85,79.08,66.58,85.03
13.55,13.55,76.78,65.15,79.57
17.39,17.39,76.20,65.11,84.17
21.90,21.90,72.26,66.05,81.86
24.25,24.25,73.16,64.67,85.18
19.85,19.85,70.40,51.64,86.57
20.84,20.84,73.11,64.96,83.91
27.27,27.27,68.66,63.86,81.97
28.73,28.73,67.17,63.28,84.07
29.49,29.49,68.13,53.18,81.57
30.27,30.27,66.74,64.56,79.79
32.99,32.99,70.04,67.13,82.41
36.29,36.29,60.21,63.46,83.31
39.26,39.26,59.76,58.29,81.28
40.87,40.87,62.39,55.96,83.57
40.77,40.77,61.64,67.81,82.39
41.14,41.14,61.16,70.94,82.34
37.99,37.99,59.08,68.38,84.55
36.64,36.64,62.04,66.03,82.93
36.27,36.27,63.28,69.26,84.19
35.00,35.00,58.21,73.63,85.50
31.29,31.29,51.32,73.80,84.26
36.93,36.93,55.77,72.43,84.79
34.71,34.71,48.92,73.45,85.67
32.50,32.50,50.02,76.41,86.35
28.30,28.30,49.05,77.57,84.20
25.47,25.47,55.76,76.96,84.56
23.51,23.51,51.67,76.95,82.06
27.28,27.28,50.13,76.87,87.93
28.23,28.23,51.00,78.72,81.01
30.84,30.84,50.23,77.10,84.18
32.48,32.48,55.59,76.11,80.64
32.23,32.23,51.84,74.55,78.30
30.84,30.84,53.31,72.05,81.97
30.34,30.34,53.25,66.07,80.29
28.30,28.30,58.45,55.78,79.74
25.14,25.14,66.62,64.08,80.13
30.77,30.77,89.51,67.05,80.18
28.66,28.66,87.07,61.73,81.08
27.46,27.46,86.18,63.37,82.64
34.25,34.25,85.76,62.38,79.45
37.80,37.80,85.67,64.77,85.62
37.93,37.93,85.04,63.33,86.79
30.16,30.16,84.56,61.63,85.90
29.08,29.08,84.23,59.41,86.92
27.81,27.81,83.45,64.75,88.07
28.31,28.31,80.67,67.74,89.25
23.35,23.35,81.79,69.50,85.78
21.37,21.37,82.09,70.52,86.25
20.71,20.71,81.35,72.04,83.31
19.93,19.93,76.46,73.04,83.35
20.02,20.02,75.33,72.14,80.44
19.77,19.77,75.85,72.07,80.54
20.46,20.46,70.57,72.13,81.33
20.83,20.83,70.67,72.95,81.43
25.79,25.79,73.82,73.49,85.27
22.28,22.28,72.05,73.65,84.60
26.66,26.66,67.57,73.12,85.07
24.98,24.98,64.03,74.35,82.78
25.25,25.25,65.87,75.72,81.92
26.20,26.20,64.60,76.12,86.09
24.15,24.15,63.27,75.37,82.31
28.81,28.81,61.56,75.67,87.29
28.42,28.42,58.07,77.02,86.51
32.00,32.00,58.70,77.12,89.11
34.61,34.61,61.00,77.02,86.05
22.22,22.22,60.59,77.04,85.08
26.75,26.75,58.74,77.23,86.04
28.20,28.20,54.31,78.14,87.81
23.33,23.33,52.25,78.07,88.07
26.09,26.09,54.45,77.96,87.78
30.88,30.88,58.73,77.70,85.87
30.82,30.82,57.00,77.15,86.26
24.16,24.16,58.90,75.00,84.91
14.34,14.34,67.02,69.83,83.72
10.64,10.64,74.63,68.84,83.36
7.68,7.68,89.70,63.75,81.58
7.34,7.34,86.56,66.37,82.65
11.84,11.84,82.33,64.03,79.49
15.41,15.41,79.53,71.42,80.62
15.74,15.74,79.12,62.70,84.74
15.11,15.11,74.93,68.07,88.01
13.08,13.08,73.81,62.03,88.41
12.08,12.08,69.61,61.25,88.26
9.42,9.42,70.03,54.26,86.36
12.70,12.70,79.34,56.00,84.37
14.36,14.36,87.37,61.49,83.85
11.74,11.74,81.87,61.73,85.01
12.64,12.64,82.17,63.73,85.64
16.05,16.05,78.69,65.72,82.33
15.91,15.91,76.78,62.35,75.09
17.99,17.99,75.84,59.54,78.82
18.51,18.51,73.81,55.66,80.58
17.45,17.45,67.85,56.70,83.05
13.34,13.34,65.98,56.40,82.38
14.38,14.38,78.82,59.82,79.92
15.40,15.40,83.74,67.85,82.16
14.51,14.51,79.17,71.99,84.06
15.17,15.17,84.30,73.19,85.04
15.84,15.84,80.78,75.21,86.31
15.40,15.40,83.96,75.87,84.07
12.78,12.78,86.63,74.49,82.84
11.70,11.70,85.15,71.58,81.95
14.63,14.63,80.64,73.20,85.30
17.69,17.69,79.91,73.88,83.82
21.98,21.98,75.99,74.16,87.12
22.74,22.74,80.08,74.54,81.77
20.47,20.47,78.79,74.05,83.85
18.69,18.69,80.60,73.61,79.98
17.87,17.87,81.53,74.24,80.23
17.14,17.14,80.80,73.40,81.78
18.14,18.14,76.06,73.96,83.31
17.61,17.61,82.47,73.66,82.81
15.03,15.03,75.73,70.90,83.35
12.87,12.87,81.55,65.50,80.04
13.50,13.50,75.29,49.88,79.01
11.21,11.21,84.15,60.28,79.42
9.52,9.52,87.84,54.49,75.21
14.32,14.32,87.63,53.35,75.84
15.50,15.50,86.70,52.94,79.64
17.24,17.24,86.43,60.94,82.11
16.67,16.67,85.82,62.16,85.66
16.36,16.36,86.38,62.36,85.18
19.36,19.36,85.76,59.76,86.51
21.21,21.21,84.09,62.90,84.38
21.02,21.02,82.44,61.39,83.43
18.33,18.33,83.20,59.12,81.36
13.68,13.68,83.30,62.44,78.59
11.47,11.47,80.37,58.07,80.08
11.01,11.01,76.93,65.18,83.42
10.99,10.99,76.98,69.74,82.49
11.31,11.31,76.26,72.95,83.76
11.64,11.64,69.87,75.59,80.79
10.33,10.33,66.60,76.44,79.34
10.23,10.23,71.93,77.53,80.63
10.19,10.19,74.20,76.89,82.81
14.66,14.66,71.03,76.91,86.10
16.22,16.22,64.91,76.35,87.21
11.53,11.53,61.70,76.06,84.65
12.62,12.62,55.28,75.23,87.47
12.27,12.27,60.90,73.29,85.12
11.22,11.22,60.79,73.80,85.69
12.08,12.08,64.16,73.88,85.03
13.14,13.14,55.86,73.95,84.63
14.89,14.89,55.53,73.65,84.04
15.78,15.78,57.87,72.81,87.63
14.31,14.31,58.61,71.26,85.24
13.95,13.95,54.37,70.21,88.09
18.73,18.73,52.59,66.50,85.92
17.88,17.88,50.33,62.98,87.55
19.58,19.58,53.70,60.55,83.83
15.31,15.31,54.13,55.96,84.21
9.70,9.70,57.44,54.52,83.97
5.06,5.06,58.00,50.63,84.21
5.79,5.79,68.28,58.31,84.16
5.99,5.99,88.94,67.21,82.29
5.65,5.65,87.85,65.95,83.48
8.70,8.70,80.98,66.25,82.28
10.92,10.92,80.59,66.92,81.05
12.68,12.68,78.29,65.30,83.11
13.68,13.68,75.51,62.36,83.58
12.30,12.30,75.39,62.84,82.52
14.30,14.30,70.29,58.39,83.37
13.88,13.88,70.03,57.67,82.39
16.61,16.61,68.85,56.37,84.77
17.08,17.08,68.08,56.37,84.39
17.75,17.75,64.95,55.66,85.27
17.58,17.58,66.97,56.48,84.82
19.27,19.27,68.05,56.77,82.84
20.79,20.79,68.38,56.67,84.61
16.28,16.28,66.18,54.25,83.87
15.02,15.02,59.64,53.40,83.28
14.27,14.27,61.66,53.46,83.43
13.22,13.22,59.80,52.51,83.46
13.05,13.05,60.24,51.81,85.32
14.04,14.04,58.51,46.12,87.18
13.66,13.66,62.80,49.70,86.52
13.66,13.66,61.76,53.61,85.00
12.34,12.34,59.10,49.44,86.29
14.67,14.67,52.10,51.05,84.71
16.18,16.18,52.86,54.49,84.11
17.14,17.14,48.75,47.91,83.81
18.20,18.20,51.33,52.34,85.11
18.07,18.07,52.09,52.04,83.32
18.73,18.73,56.31,56.08,85.48
18.67,18.67,45.18,55.01,85.12
18.92,18.92,49.97,60.70,85.13
20.41,20.41,45.66,56.47,85.31
20.75,20.75,48.64,58.96,84.88
18.13,18.13,53.93,56.04,84.83
16.94,16.94,49.93,55.24,84.20
17.66,17.66,51.53,52.66,83.87
15.77,15.77,54.04,58.57,84.04
9.66,9.66,59.36,66.75,84.45
8.00,8.00,63.53,70.94,83.14
13.87,13.87,85.98,70.34,82.04
7.31,7.31,87.31,70.39,82.71
10.22,10.22,85.51,67.28,81.95
16.98,16.98,85.17,62.92,84.44
18.33,18.33,85.84,59.57,82.50
18.54,18.54,85.74,58.77,83.88
19.79,19.79,84.18,56.45,84.44
19.46,19.46,84.80,51.86,81.86
20.55,20.55,83.83,53.45,83.99
28.25,28.25,83.45,51.22,83.26
27.66,27.66,81.96,49.96,83.97
25.10,25.10,82.00,57.92,83.92
20.19,20.19,80.27,58.28,84.24
19.99,19.99,77.39,63.09,84.92
20.49,20.49,76.54,65.49,83.47
17.08,17.08,75.25,67.16,82.56
16.59,16.59,72.41,66.35,85.01
16.55,16.55,68.86,65.88,83.03
17.50,17.50,72.75,64.50,82.49
19.14,19.14,74.23,64.32,81.37
21.80,21.80,70.32,64.32,83.86
19.19,19.19,63.82,58.81,88.78
15.58,15.58,63.17,56.70,84.88
16.99,16.99,61.25,58.62,86.83
20.67,20.67,64.15,55.22,88.98
21.66,21.66,64.12,58.22,88.17
20.23,20.23,62.16,59.73,85.45
19.57,19.57,60.63,59.92,85.72
18.91,18.91,58.45,61.83,87.83
21.06,21.06,52.19,62.76,84.88
24.24,24.24,57.23,63.21,85.77
27.92,27.92,55.81,63.35,84.57
18.97,18.97,57.48,63.78,83.76
16.98,16.98,56.08,64.92,84.85
17.74,17.74,58.88,64.23,82.49
15.88,15.88,56.76,61.52,85.13
16.74,16.74,53.88,56.22,82.66
8.77,8.77,54.85,47.38,84.83
5.16,5.16,59.01,57.42,79.47
9.99,9.99,87.33,65.68,83.93
9.05,9.05,88.86,62.33,79.26
11.59,11.59,81.25,61.89,83.16
12.86,12.86,81.80,63.90,79.58
14.56,14.56,77.98,64.63,82.11
14.71,14.71,76.77,64.63,82.74
16.02,16.02,73.19,63.11,83.21
16.70,16.70,71.94,60.95,86.08
16.04,16.04,69.49,56.20,82.66
19.95,19.95,74.75,55.29,86.20
23.91,23.91,86.00,59.66,84.00
19.02,19.02,87.86,58.56,85.35
16.88,16.88,78.64,57.80,88.33
16.47,16.47,80.91,61.94,86.94
15.39,15.39,76.08,62.26,86.75
15.90,15.90,74.53,60.20,88.64
17.21,17.21,73.87,56.60,88.31
18.40,18.40,70.08,52.69,88.95
18.00,18.00,68.75,48.95,89.51
25.69,25.69,73.28,47.12,89.21
26.55,26.55,84.39,56.06,88.08
22.92,22.92,81.41,59.71,88.13
21.03,21.03,79.20,61.84,89.00
16.88,16.88,80.50,64.80,89.50
17.06,17.06,80.90,67.61,87.51
15.30,15.30,84.27,68.42,86.47
16.25,16.25,86.01,70.56,84.54
15.73,15.73,79.27,72.40,83.55
14.19,14.19,77.72,71.66,84.55
15.62,15.62,80.05,71.84,85.34
16.89,16.89,77.68,72.10,84.69
17.12,17.12,77.39,71.44,86.49
15.19,15.19,82.18,73.00,85.29
16.24,16.24,80.10,75.81,84.05
14.43,14.43,81.53,76.63,83.67
14.55,14.55,72.41,76.05,80.14
15.45,15.45,80.54,76.16,79.22
13.89,13.89,76.44,77.18,81.16
10.11,10.11,79.12,74.12,81.72
10.04,10.04,80.23,72.09,83.46
18.83,18.83,80.36,72.85,82.63
10.13,10.13,87.04,65.94,80.50
11.42,11.42,87.15,59.82,79.37
14.09,14.09,86.85,61.45,79.80
15.11,15.11,85.87,56.64,83.59
15.85,15.85,84.91,55.09,82.50
14.10,14.10,85.00,58.20,84.01
9.99,9.99,85.82,59.81,83.23
9.81,9.81,86.00,64.43,82.51
11.43,11.43,83.45,67.71,82.18
12.45,12.45,82.31,67.42,83.67
12.99,12.99,82.46,65.73,83.12
13.88,13.88,82.41,68.81,84.60
14.21,14.21,76.85,72.73,86.44
15.38,15.38,75.21,71.99,86.25
16.36,16.36,76.01,71.82,87.48
17.38,17.38,73.76,72.86,85.35
16.93,16.93,67.30,76.12,84.48
14.69,14.69,72.35,74.88,84.11
12.14,12.14,74.55,73.34,82.79
10.74,10.74,72.14,73.96,84.25
11.19,11.19,66.99,74.83,83.56
12.22,12.22,62.10,73.25,83.88
13.01,13.01,59.67,74.45,86.04
12.91,12.91,58.80,74.41,84.85
16.90,16.90,62.51,73.15,85.80
19.80,19.80,61.55,74.80,86.25
20.80,20.80,56.37,74.35,87.74
13.38,13.38,61.31,74.55,84.86
11.45,11.45,61.03,74.88,86.26
15.95,15.95,58.91,75.68,83.83
18.80,18.80,56.50,76.21,85.50
16.16,16.16,55.69,76.26,85.16
17.89,17.89,56.10,77.60,85.08
15.42,15.42,55.03,76.06,86.57
19.73,19.73,55.87,76.46,87.15
21.09,21.09,56.46,78.20,86.65
17.72,17.72,62.28,77.80,86.55
9.37,9.37,67.64,77.04,85.91
11.58,11.58,86.15,76.73,85.87
9.96,9.96,88.97,76.02,79.85
9.25,9.25,80.77,76.76,86.64
10.89,10.89,80.30,78.39,82.73
12.83,12.83,77.77,78.29,84.98
13.09,13.09,74.64,75.89,88.13
13.51,13.51,75.21,75.64,80.33
13.40,13.40,71.55,74.23,85.59
14.04,14.04,72.92,71.02,84.81
15.18,15.18,69.71,68.85,85.70
15.11,15.11,67.18,71.78,82.70
16.64,16.64,64.12,69.61,82.57
16.39,16.39,67.89,60.72,84.53
17.38,17.38,67.21,66.79,80.50
16.05,16.05,64.94,71.06,81.64
15.71,15.71,64.18,69.79,79.45
17.82,17.82,55.41,64.58,79.61
17.52,17.52,62.49,54.99,80.72
16.02,16.02,62.21,66.56,85.05
15.20,15.20,58.95,70.61,81.10
13.52,13.52,61.41,69.85,85.14
14.80,14.80,61.29,64.71,84.83
15.67,15.67,65.47,64.23,84.25
18.24,18.24,57.08,71.36,84.98
20.46,20.46,59.08,74.16,85.16
22.28,22.28,56.15,72.87,83.66
19.34,19.34,52.20,72.22,84.60
15.32,15.32,51.26,74.51,85.95
17.25,17.25,55.60,76.72,82.57
17.95,17.95,57.51,76.59,86.04
15.72,15.72,55.44,75.44,80.81
16.45,16.45,46.99,75.83,85.16
16.51,16.51,49.87,77.71,81.39
15.56,15.56,50.32,76.83,85.61
16.74,16.74,49.91,74.73,81.15
18.40,18.40,53.31,73.20,84.06
19.21,19.21,47.12,72.91,81.89
17.37,17.37,52.12,70.44,82.85
15.42,15.42,54.89,62.18,80.49
9.36,9.36,61.96,60.72,78.88
15.77,15.77,79.93,69.41,84.03
6.82,6.82,89.02,67.82,82.10
13.86,13.86,86.30,66.23,82.82
16.25,16.25,85.71,65.16,82.50
23.61,23.61,85.77,66.27,83.42
28.20,28.20,86.69,67.61,82.57
24.09,24.09,85.04,68.77,86.28
20.33,20.33,84.57,67.47,87.62
27.87,27.87,83.65,66.44,87.14
22.06,22.06,82.36,69.13,86.24
19.72,19.72,82.37,69.41,86.75
20.57,20.57,82.38,70.51,85.87
19.34,19.34,81.65,71.72,83.92
19.40,19.40,77.98,73.85,81.32
18.53,18.53,76.62,73.64,79.84
19.60,19.60,75.39,73.09,78.89
18.81,18.81,73.48,72.71,82.00
17.38,17.38,69.48,74.34,81.44
16.15,16.15,71.65,74.53,82.19
14.29,14.29,73.83,73.91,86.87
19.30,19.30,71.42,74.31,84.80
17.93,17.93,67.30,74.42,84.84
15.48,15.48,64.34,76.03,82.33
18.63,18.63,66.20,76.16,81.72
18.78,18.78,65.72,75.28,84.67
20.37,20.37,64.65,75.48,88.12
21.48,21.48,63.40,76.21,87.58
21.31,21.31,58.88,77.03,86.96
20.00,20.00,59.31,77.69,85.52
17.76,17.76,61.02,77.24,88.87
22.76,22.76,63.06,76.88,84.76
24.91,24.91,59.45,78.79,87.44
21.09,21.09,55.09,79.30,85.83
23.01,23.01,57.27,78.70,88.41
27.24,27.24,58.34,77.98,86.95
28.32,28.32,59.60,77.14,86.93
23.06,23.06,54.92,76.79,84.46
13.88,13.88,61.63,73.73,83.83
8.48,8.48,64.61,70.09,84.26
14.14,14.14,81.38,71.02,83.71
11.70,11.70,89.25,61.65,82.65
15.04,15.04,81.74,65.65,85.32
19.08,19.08,83.84,66.40,85.55
19.13,19.13,77.11,66.52,85.97
14.86,14.86,76.49,63.71,86.80
15.80,15.80,73.11,65.31,87.32
14.11,14.11,72.40,61.06,87.75
12.05,12.05,70.94,59.78,86.90
11.13,11.13,69.43,44.13,84.35
16.69,16.69,84.10,62.67,83.44
13.58,13.58,88.18,62.71,84.58
12.61,12.61,80.43,66.31,83.78
13.09,13.09,81.78,63.77,84.21
15.45,15.45,77.03,66.20,79.85
14.41,14.41,75.90,62.51,79.33
15.89,15.89,75.89,60.99,82.20
17.29,17.29,71.67,54.91,81.82
16.27,16.27,69.29,57.94,85.57
15.27,15.27,70.41,59.05,82.73
18.22,18.22,84.52,65.42,83.16
17.75,17.75,81.90,70.94,83.80
18.15,18.15,79.00,73.41,84.75
16.47,16.47,85.06,75.09,83.41
14.26,14.26,82.02,76.69,83.81
13.11,13.11,85.23,75.45,81.25
14.72,14.72,87.14,72.75,80.18
14.08,14.08,80.90,73.59,79.24
16.48,16.48,79.02,75.67,83.12
17.27,17.27,82.40,75.78,83.05
17.05,17.05,75.61,75.54,80.70
16.50,16.50,78.65,75.28,83.38
17.87,17.87,82.91,74.78,79.92
17.19,17.19,79.91,73.73,80.61
15.74,15.74,81.55,73.35,79.35
14.41,14.41,80.76,73.81,82.33
15.01,15.01,78.35,74.18,84.33
15.39,15.39,79.48,73.05,82.94
13.52,13.52,77.32,71.06,80.91
11.07,11.07,81.06,63.90,78.65
17.85,17.85,75.55,62.31,82.82
9.11,9.11,89.48,59.55,79.10
9.65,9.65,87.43,52.17,79.73
11.56,11.56,86.70,57.37,82.84
12.37,12.37,86.43,62.10,83.42
12.22,12.22,85.68,66.21,82.99
11.02,11.02,85.53,65.99,83.60
10.94,10.94,86.03,64.03,86.07
13.47,13.47,85.45,60.37,85.13
13.16,13.16,85.25,62.93,84.47
13.55,13.55,82.52,61.63,83.12
10.89,10.89,82.34,62.64,81.48
12.03,12.03,82.53,62.64,78.94
13.45,13.45,80.24,65.89,81.57
14.89,14.89,75.46,69.82,83.00
13.35,13.35,76.54,72.42,83.21
14.17,14.17,75.01,75.53,83.88
12.75,12.75,68.83,76.03,79.80
13.02,13.02,68.90,77.04,79.77
11.20,11.20,74.96,77.58,82.16
15.05,15.05,73.92,76.93,85.70
21.42,21.42,68.54,76.64,85.98
23.04,23.04,63.98,76.42,87.51
27.04,27.04,57.97,75.41,85.21
27.09,27.09,59.94,74.25,87.46
22.94,22.94,64.15,73.81,87.65
21.14,21.14,60.97,73.32,86.52
16.84,16.84,60.15,73.58,86.20
20.55,20.55,60.10,73.93,88.29
23.55,23.55,60.82,73.34,86.83
23.72,23.72,63.96,72.01,85.64
22.19,22.19,61.78,70.78,86.72
21.52,21.52,60.05,68.75,87.93
18.94,18.94,57.15,66.47,87.38
15.32,15.32,55.54,62.91,86.13
17.53,17.53,59.34,58.47,84.37
15.02,15.02,57.02,56.95,82.98
10.93,10.93,59.32,59.22,83.09
8.20,8.20,61.41,57.96,85.33
13.53,13.53,77.37,66.64,80.75
11.99,11.99,88.96,59.28,82.77
9.96,9.96,82.15,62.59,82.43
11.99,11.99,84.11,60.96,83.39
13.29,13.29,78.43,61.79,81.84
14.46,14.46,78.59,62.70,83.09
13.67,13.67,74.75,61.44,83.71
12.87,12.87,74.17,62.57,83.77
13.93,13.93,68.97,66.48,84.45
15.55,15.55,70.31,68.50,84.65
16.97,16.97,69.75,68.63,83.19
18.63,18.63,65.46,68.44,82.99
21.34,21.34,67.57,66.70,86.22
21.12,21.12,67.44,64.46,85.26
22.76,22.76,68.60,64.90,84.97
21.36,21.36,67.67,66.31,87.09
23.60,23.60,61.47,63.95,86.10
23.98,23.98,62.73,63.75,83.43
21.63,21.63,65.19,62.28,81.60
19.57,19.57,61.50,63.23,82.04
14.84,14.84,63.15,61.03,83.35
16.05,16.05,62.31,60.78,83.40
16.18,16.18,63.29,65.13,84.77
18.96,18.96,64.64,68.97,86.71
17.30,17.30,60.30,68.09,84.84
18.76,18.76,50.54,69.58,85.10
20.86,20.86,52.79,70.67,85.23
23.00,23.00,54.22,71.17,87.64
25.88,25.88,59.71,73.12,85.27
21.38,21.38,58.05,74.64,82.27
18.53,18.53,56.59,74.61,87.80
19.12,19.12,48.99,75.66,85.88
19.92,19.92,54.29,77.62,78.98
19.96,19.96,50.90,77.57,81.41
19.19,19.19,52.18,77.40,83.11
19.28,19.28,56.52,78.49,84.29
19.62,19.62,48.69,78.48,82.71
19.84,19.84,54.36,77.62,83.71
18.11,18.11,66.14,76.39,78.99
11.16,11.16,74.59,70.01,80.07
17.07,17.07,80.39,69.46,83.33
6.57,6.57,90.74,65.53,77.70
9.47,9.47,88.44,61.37,81.10
13.37,13.37,86.00,60.77,84.02
16.90,16.90,84.57,54.53,84.88
16.89,16.89,84.18,59.85,84.36
16.75,16.75,85.49,61.24,84.49
19.19,19.19,86.06,49.51,86.20
21.88,21.88,84.36,58.68,85.51
24.38,24.38,82.95,64.03,85.56
18.38,18.38,81.78,63.34,83.92
20.99,20.99,82.99,67.25,81.41
18.68,18.68,81.88,70.37,83.11
17.37,17.37,79.00,71.02,83.00
17.75,17.75,75.21,71.58,84.28
16.67,16.67,77.13,72.55,83.00
16.76,16.76,73.95,73.19,83.45
19.19,19.19,70.52,74.95,83.59
19.65,19.65,73.83,74.74,81.87
20.03,20.03,70.98,73.42,82.29
18.49,18.49,67.41,72.00,81.35
18.79,18.79,66.23,69.52,83.58
18.32,18.32,65.71,75.27,85.93
19.15,19.15,68.58,75.64,86.49
18.61,18.61,65.27,74.04,87.75
22.01,22.01,51.67,72.45,88.01
24.55,24.55,59.21,72.04,86.87
26.19,26.19,65.30,73.16,85.81
16.83,16.83,68.17,74.57,86.88
14.53,14.53,66.03,73.91,84.86
20.66,20.66,54.37,72.04,84.17
25.98,25.98,53.53,71.70,83.48
21.04,21.04,57.19,73.54,85.78
15.77,15.77,60.21,73.79,86.92
13.56,13.56,60.76,71.89,83.98
16.30,16.30,51.50,70.18,80.64
16.50,16.50,51.40,70.35,87.35
15.55,15.55,65.96,67.61,85.94
12.51,12.51,69.01,62.99,83.80
17.75,17.75,81.92,65.01,82.27
12.86,12.86,89.34,62.05,82.47
11.38,11.38,82.54,60.59,85.24
12.55,12.55,82.39,63.59,81.50
12.42,12.42,80.56,65.64,83.93
12.04,12.04,76.73,65.41,83.62
15.99,15.99,76.34,65.74,80.91
17.02,17.02,74.31,65.24,84.84
17.70,17.70,68.98,62.14,84.47
18.41,18.41,72.42,54.71,83.60
21.00,21.00,78.49,60.42,86.68
19.73,19.73,87.04,58.70,82.03
17.65,17.65,82.36,58.22,86.61
20.93,20.93,82.73,59.38,87.72
21.51,21.51,75.73,59.84,87.12
20.27,20.27,76.90,57.58,89.07
25.33,25.33,73.18,61.91,88.09
26.33,26.33,73.26,58.49,89.85
22.41,22.41,65.31,52.00,90.24
21.15,21.15,69.35,51.90,88.68
29.79,29.79,78.19,52.14,88.83
28.12,28.12,83.50,56.84,89.64
22.55,22.55,76.46,60.03,88.87
23.76,23.76,83.22,60.29,89.69
26.52,26.52,79.68,60.72,90.19
27.83,27.83,83.93,66.26,86.39
26.10,26.10,82.98,69.54,85.97
23.10,23.10,82.77,71.96,87.66
21.95,21.95,79.79,72.91,85.23
24.57,24.57,79.87,72.49,86.59
25.61,25.61,77.36,72.36,86.37
28.11,28.11,77.00,73.54,87.43
28.13,28.13,79.89,74.15,85.97
30.19,30.19,80.37,75.95,85.87
28.01,28.01,81.52,78.14,84.42
26.07,26.07,79.71,77.15,81.59
24.68,24.68,73.73,76.87,78.28
25.66,25.66,80.69,77.48,80.65
24.59,24.59,75.51,77.44,82.72
18.74,18.74,81.62,73.47,82.68
19.30,19.30,75.63,70.92,83.00
16.25,16.25,88.23,67.30,81.85
18.18,18.18,85.83,59.08,83.26
18.21,18.21,87.09,59.79,84.52
17.80,17.80,86.61,60.25,82.84
18.23,18.23,86.15,52.42,83.31
18.68,18.68,86.81,53.25,84.25
20.48,20.48,85.24,57.57,85.71
18.98,18.98,85.67,65.79,83.31
17.99,17.99,84.40,70.42,83.09
16.99,16.99,83.33,69.22,86.86
18.20,18.20,82.41,67.22,86.35
19.01,19.01,81.93,68.82,85.11
19.38,19.38,79.56,74.42,84.84
19.32,19.32,76.41,74.85,86.99
20.77,20.77,76.81,73.59,87.05
19.63,19.63,75.16,74.17,86.59
20.40,20.40,70.33,77.48,84.06
21.32,21.32,68.87,77.13,84.19
19.37,19.37,73.37,74.63,83.75
18.86,18.86,73.95,74.23,84.39
21.19,21.19,70.17,76.38,81.28
21.14,21.14,63.66,74.48,87.15
21.64,21.64,64.10,75.02,86.06
23.45,23.45,59.84,76.15,83.27
19.38,19.38,62.06,74.05,87.11
19.17,19.17,62.55,74.68,87.94
20.19,20.19,59.49,75.54,86.44
21.34,21.34,61.20,75.50,85.98
22.76,22.76,62.29,75.59,86.89
22.63,22.63,59.07,75.68,85.59
23.93,23.93,60.32,77.16,85.47
23.27,23.27,58.71,76.53,83.82
23.05,23.05,55.25,76.98,85.97
26.19,26.19,57.88,77.36,87.44
26.73,26.73,59.64,76.76,86.84
24.88,24.88,55.06,77.84,85.57
19.56,19.56,57.63,78.98,85.83
15.22,15.22,69.96,76.87,86.47
16.14,16.14,78.11,76.54,85.40
14.90,14.90,89.98,76.46,83.26
11.93,11.93,84.13,75.53,84.32
10.74,10.74,83.03,76.95,86.50
11.69,11.69,79.59,76.51,81.71
13.70,13.70,77.16,75.25,87.83
15.29,15.29,77.11,73.73,82.68
19.47,19.47,72.93,73.10,82.24
21.38,21.38,72.31,70.74,87.06
18.12,18.12,69.32,64.08,81.43
15.97,15.97,71.51,67.17,86.13
17.48,17.48,67.74,68.58,79.17
20.23,20.23,66.62,66.90,86.89
19.75,19.75,68.27,61.23,82.76
21.20,21.20,69.28,68.40,78.99
20.43,20.43,71.28,70.36,79.07
20.75,20.75,62.91,67.42,82.76
18.46,18.46,60.49,61.76,79.33
17.90,17.90,63.47,61.83,83.25
16.86,16.86,62.33,69.71,81.47
17.99,17.99,61.87,71.67,82.04
16.16,16.16,60.36,69.59,85.78
20.15,20.15,63.52,66.40,83.34
19.39,19.39,63.59,69.37,84.61
22.47,22.47,55.61,74.81,86.19
26.37,26.37,53.60,74.73,83.11
28.26,28.26,53.40,74.39,86.44
28.58,28.58,46.79,75.06,84.26
25.45,25.45,56.44,77.56,85.11
21.07,21.07,55.93,78.36,83.19
16.60,16.60,59.62,77.64,82.96
17.51,17.51,43.18,76.96,82.36
19.06,19.06,48.35,77.99,82.81
16.45,16.45,51.30,78.73,82.44
18.00,18.00,45.75,77.17,82.82
18.54,18.54,54.83,75.66,81.10
21.12,21.12,52.95,75.10,81.83
20.58,20.58,55.09,73.64,82.05
18.79,18.79,55.26,67.14,81.19
14.13,14.13,59.46,59.63,78.30
14.82,14.82,67.02,64.89,80.81
10.35,10.35,89.53,66.45,82.86
9.13,9.13,87.30,64.44,83.50
15.59,15.59,86.36,65.93,81.21
18.28,18.28,85.80,65.82,81.83
17.78,17.78,85.51,67.94,84.24
22.95,22.95,85.44,67.57,87.16
22.34,22.34,84.61,68.85,84.70
24.43,24.43,84.24,67.48,87.12
23.27,23.27,83.90,69.27,87.10
25.76,25.76,81.25,70.87,89.26
25.59,25.59,81.85,71.72,85.06
22.48,22.48,82.27,72.87,84.13
18.39,18.39,80.43,73.50,83.03
18.02,18.02,77.79,74.68,82.19
15.28,15.28,75.29,73.37,79.80
17.64,17.64,75.40,73.02,81.01
19.67,19.67,71.92,73.53,80.42
20.35,20.35,70.58,74.79,82.42
19.54,19.54,75.71,74.47,86.65
20.13,20.13,74.70,75.14,85.92
26.40,26.40,70.85,74.54,84.70
25.36,25.36,65.72,76.11,83.99
20.14,20.14,65.68,77.23,82.54
18.48,18.48,65.51,77.04,85.91
22.08,22.08,66.50,75.91,84.44
28.17,28.17,65.54,76.17,86.74
31.24,31.24,62.37,77.26,87.57
29.99,29.99,60.22,78.13,89.36
24.39,24.39,63.51,78.14,86.93
15.34,15.34,62.45,78.60,83.96
23.45,23.45,60.53,78.57,86.94
35.71,35.71,59.81,80.46,87.21
40.67,40.67,54.65,80.31,88.49
39.92,39.92,56.48,79.60,87.68
34.10,34.10,59.17,79.01,84.92
30.43,30.43,57.02,78.79,85.32
24.38,24.38,57.76,76.39,83.92
13.46,13.46,67.20,71.89,83.40
7.76,7.76,74.81,70.39,83.03
6.90,6.90,90.14,65.42,81.73
7.97,7.97,86.19,67.61,82.33
12.02,12.02,83.25,66.06,80.28
15.08,15.08,79.80,71.39,80.92
15.01,15.01,78.66,66.85,85.39
15.94,15.94,76.23,68.46,87.54
15.83,15.83,73.85,65.44,88.72
13.67,13.67,71.16,64.03,87.94
9.60,9.60,74.10,55.17,86.06
13.76,13.76,81.36,58.41,83.77
15.42,15.42,87.60,62.61,83.82
12.92,12.92,81.47,64.74,85.68
11.60,11.60,82.77,65.64,86.11
15.46,15.46,78.88,67.46,82.19
12.18,12.18,76.60,65.52,75.77
16.80,16.80,76.78,63.01,79.57
17.38,17.38,74.39,57.13,80.39
14.93,14.93,66.94,58.92,83.44
12.30,12.30,68.17,55.30,82.65
17.74,17.74,80.50,58.96,81.20
16.25,16.25,82.42,66.90,82.15
17.34,17.34,78.51,73.04,83.38
20.96,20.96,85.23,74.43,83.61
17.94,17.94,81.02,77.05,83.58
15.12,15.12,83.33,76.82,83.44
15.52,15.52,87.17,75.02,81.37
12.13,12.13,85.59,73.29,81.09
14.64,14.64,80.42,74.74,82.46
14.89,14.89,80.72,74.81,85.09
14.39,14.39,76.22,75.46,83.30
15.20,15.20,80.97,75.60,82.82
14.07,14.07,78.81,76.22,80.39
14.39,14.39,81.58,74.26,81.23
11.41,11.41,81.95,74.23,78.82
10.62,10.62,80.47,73.77,80.38
12.68,12.68,77.57,74.31,82.88
14.57,14.57,83.38,73.80,81.57
19.80,19.80,75.37,71.36,81.92
26.51,26.51,81.97,66.07,79.35
21.23,21.23,74.98,49.56,79.09
10.55,10.55,85.58,55.53,79.63
9.61,9.61,87.91,45.99,78.33
13.53,13.53,87.82,52.10,78.08
17.29,17.29,86.51,49.52,78.22
20.53,20.53,87.10,62.76,82.41
26.55,26.55,86.72,63.39,84.94
28.70,28.70,86.45,62.42,85.30
21.67,21.67,86.52,61.26,86.78
20.40,20.40,84.80,61.18,84.79
17.25,17.25,82.84,61.00,84.48
13.47,13.47,82.87,59.87,84.83
11.68,11.68,84.78,62.54,78.83
11.81,11.81,81.18,59.87,80.46
13.42,13.42,76.74,64.93,82.61
14.58,14.58,76.74,70.93,82.51
13.59,13.59,77.34,74.33,82.81
11.06,11.06,71.46,75.66,81.90
9.72,9.72,67.61,76.17,79.15
8.40,8.40,73.40,78.66,81.47
11.72,11.72,74.76,78.24,83.00
15.80,15.80,69.96,78.09,85.75
16.32,16.32,63.88,77.36,85.18
15.79,15.79,60.92,76.87,86.14
18.68,18.68,56.28,76.47,85.27
17.46,17.46,61.76,74.58,87.06
22.30,22.30,61.11,75.05,84.96
23.12,23.12,63.88,73.91,85.29
19.87,19.87,58.89,74.46,85.00
15.10,15.10,60.10,74.70,85.80
13.44,13.44,62.56,73.14,86.38
16.61,16.61,62.86,72.63,85.47
15.03,15.03,58.05,71.61,87.04
16.79,16.79,56.00,68.45,85.53
23.88,23.88,56.45,64.12,86.06
26.76,26.76,55.92,60.73,84.67
23.22,23.22,57.62,58.43,82.98
10.56,10.56,60.30,58.52,83.33
4.03,4.03,59.27,50.98,84.94
4.24,4.24,66.75,62.24,86.13
4.86,4.86,89.41,69.94,82.41
5.37,5.37,87.58,67.99,81.90
7.72,7.72,81.08,68.84,82.21
9.52,9.52,79.61,67.93,81.53
11.12,11.12,78.57,66.28,83.25
11.07,11.07,75.11,64.20,82.18
11.97,11.97,75.02,62.92,81.90
12.41,12.41,70.84,59.82,83.14
11.55,11.55,70.68,58.53,82.93
11.72,11.72,69.91,58.72,85.07
13.57,13.57,68.69,58.70,83.82
14.53,14.53,66.12,57.28,86.06
17.05,17.05,67.18,57.96,84.72
18.42,18.42,69.43,56.60,83.80
18.92,18.92,69.40,55.48,84.83
19.51,19.51,66.09,53.16,84.67
16.29,16.29,60.09,55.14,82.76
15.06,15.06,64.29,54.96,82.80
15.50,15.50,62.46,53.37,83.00
15.80,15.80,62.78,51.44,85.18
15.87,15.87,60.92,48.09,87.37
14.68,14.68,62.17,47.42,86.58
16.04,16.04,62.39,52.43,84.80
15.02,15.02,60.57,54.57,86.68
13.78,13.78,52.85,53.89,84.20
15.17,15.17,54.30,54.26,85.39
15.72,15.72,51.19,52.76,84.18
13.47,13.47,53.80,56.00,85.43
15.68,15.68,55.04,57.25,82.62
16.22,16.22,56.53,59.92,85.24
17.59,17.59,47.54,60.70,85.23
18.70,18.70,52.34,63.34,84.43
18.70,18.70,48.55,61.04,84.49
16.13,16.13,50.27,62.60,84.55
14.51,14.51,55.35,60.31,84.75
14.33,14.33,52.52,61.53,84.33
14.94,14.94,53.98,59.26,83.27
12.45,12.45,55.53,62.44,84.59
6.77,6.77,59.54,67.93,85.07
9.37,9.37,63.08,71.00,83.88
14.49,14.49,86.88,68.58,82.17
6.92,6.92,87.22,67.25,83.36
11.93,11.93,85.57,63.59,81.79
16.84,16.84,84.99,60.09,85.21
17.90,17.90,84.79,60.67,82.88
16.02,16.02,86.31,57.84,83.58
15.01,15.01,84.26,58.43,84.07
16.32,16.32,84.74,52.06,81.17
18.84,18.84,83.89,54.32,84.44
20.51,20.51,82.34,54.01,83.63
20.30,20.30,82.66,50.83,83.60
19.77,19.77,82.39,60.60,83.84
16.66,16.66,80.63,60.68,84.23
15.12,15.12,77.26,63.53,84.59
15.84,15.84,76.84,65.04,83.64
15.21,15.21,75.89,66.67,82.64
16.28,16.28,72.12,66.33,84.05
17.13,17.13,69.97,66.70,82.65
18.44,18.44,73.40,65.92,82.85
21.41,21.41,74.57,64.33,81.72
21.11,21.11,70.88,64.06,82.74
20.91,20.91,66.03,61.61,88.95
15.46,15.46,64.59,62.20,85.13
14.25,14.25,64.22,60.82,86.88
15.37,15.37,66.80,59.96,89.48
16.89,16.89,66.66,62.84,87.89
18.33,18.33,65.41,63.60,84.58
17.35,17.35,63.59,63.87,85.32
18.43,18.43,60.61,64.81,87.38
21.77,21.77,55.51,65.22,85.07
22.27,22.27,60.50,64.51,85.20
23.96,23.96,58.46,64.49,84.61
17.52,17.52,58.87,64.86,83.74
15.40,15.40,55.73,65.87,85.04
15.43,15.43,59.99,66.20,83.16
15.08,15.08,57.05,62.59,85.31
14.10,14.10,54.53,60.08,81.98
8.75,8.75,56.55,51.33,84.89
5.52,5.52,60.96,58.75,79.19
9.02,9.02,87.64,65.68,83.55
9.74,9.74,89.24,60.50,79.75
12.01,12.01,81.04,59.89,84.22
14.00,14.00,81.66,63.14,81.28
14.96,14.96,78.33,63.99,82.89
16.13,16.13,77.36,63.41,83.07
17.68,17.68,74.19,62.22,84.55
18.20,18.20,72.76,61.58,85.10
15.88,15.88,69.34,56.22,82.03
18.25,18.25,74.59,56.64,85.82
22.42,22.42,85.89,61.14,84.43
19.42,19.42,87.20,59.59,84.76
16.31,16.31,77.96,59.44,87.47
15.95,15.95,79.66,61.89,85.46
13.94,13.94,76.51,63.77,85.45
12.80,12.80,73.53,60.84,86.97
15.73,15.73,74.96,59.83,85.99
16.77,16.77,68.30,51.30,89.52
17.84,17.84,70.25,53.24,88.28
20.37,20.37,71.81,51.25,89.42
23.01,23.01,84.52,56.43,86.10
20.79,20.79,80.34,57.45,88.21
22.79,22.79,78.22,54.51,85.48
17.04,17.04,79.48,55.56,87.75
17.83,17.83,82.17,48.86,86.53
17.44,17.44,84.16,46.81,86.08
18.50,18.50,86.14,52.83,85.89
17.69,17.69,79.73,53.16,86.49
19.72,19.72,77.75,48.98,85.99
18.04,18.04,79.67,52.19,84.26
16.69,16.69,77.95,50.95,82.45
17.37,17.37,78.60,54.37,85.54
17.97,17.97,82.53,53.40,85.24
16.58,16.58,79.61,50.41,84.90
15.72,15.72,81.56,52.61,84.38
16.60,16.60,74.62,53.93,83.54
19.86,19.86,80.90,53.57,83.00
16.75,16.75,76.31,56.57,82.44
12.83,12.83,79.81,59.55,79.96
10.41,10.41,77.55,57.85,84.30
17.18,17.18,81.02,60.03,81.20
10.06,10.06,87.55,58.10,80.14
7.59,7.59,87.88,56.09,81.14
9.31,9.31,86.60,57.26,82.92
16.57,16.57,86.20,57.92,82.77
20.32,20.32,85.66,55.81,83.85
21.94,21.94,85.01,58.11,83.16
17.54,17.54,85.49,61.73,83.40
10.61,10.61,85.07,63.09,85.33
10.44,10.44,84.13,63.82,82.61
12.73,12.73,82.20,64.42,84.51
11.86,11.86,82.63,65.14,80.77
13.70,13.70,81.35,65.78,86.01
16.43,16.43,77.90,63.46,83.77
17.85,17.85,75.58,64.85,83.25
16.12,16.12,76.40,64.14,82.38
18.25,18.25,73.89,64.69,81.85
18.70,18.70,65.65,64.27,81.76
17.60,17.60,70.63,66.00,82.78
19.17,19.17,74.06,65.80,80.71
23.66,23.66,69.17,68.35,83.31
33.96,33.96,64.30,62.66,87.50
38.60,38.60,62.44,58.92,84.12
38.65,38.65,55.95,52.98,85.37
33.37,33.37,61.59,62.64,84.09
22.72,22.72,65.71,66.23,81.63
17.11,17.11,63.21,66.88,81.52
16.24,16.24,60.93,68.54,85.22
17.07,17.07,60.73,68.58,84.26
18.83,18.83,61.30,67.93,80.97
16.52,16.52,59.61,69.36,82.08
14.96,14.96,56.76,69.28,84.40
15.71,15.71,56.87,68.69,84.14
16.93,16.93,57.35,68.16,83.35
16.16,16.16,49.02,66.05,81.17
14.32,14.32,53.75,64.26,84.31
15.46,15.46,55.34,61.30,85.16
11.64,11.64,62.79,59.15,85.91
8.85,8.85,62.70,55.93,81.77
15.36,15.36,87.34,68.72,84.39
14.19,14.19,88.85,63.28,82.28
15.94,15.94,80.68,54.21,85.29
15.00,15.00,83.40,49.34,84.37
15.49,15.49,77.00,51.94,82.44
15.73,15.73,76.33,55.50,83.05
16.66,16.66,74.77,52.63,81.86
15.99,15.99,72.42,56.95,84.70
13.37,13.37,72.67,60.92,84.00
13.65,13.65,70.06,62.24,85.87
14.79,14.79,69.83,60.60,85.82
15.41,15.41,68.17,64.15,82.40
13.98,13.98,68.93,65.99,82.70
12.72,12.72,66.03,64.71,80.21
13.21,13.21,67.99,63.57,77.89
14.40,14.40,62.33,63.98,78.44
12.70,12.70,52.01,63.33,79.43
15.17,15.17,60.53,64.08,79.34
13.46,13.46,62.93,62.60,85.19
11.16,11.16,60.02,66.36,81.92
11.90,11.90,58.75,68.03,85.43
13.49,13.49,46.59,67.91,85.53
15.25,15.25,55.44,68.92,85.26
13.57,13.57,53.54,70.39,86.32
11.59,11.59,58.67,72.09,85.62
12.65,12.65,56.98,73.63,86.00
12.89,12.89,55.78,74.91,84.66
11.61,11.61,56.58,75.48,85.46
11.23,11.23,52.31,76.26,82.69
11.04,11.04,56.31,75.76,84.61
16.22,16.22,54.69,76.21,81.69
13.07,13.07,42.97,76.19,85.19
10.74,10.74,55.52,76.60,80.97
11.10,11.10,53.71,75.85,83.69
11.52,11.52,47.28,75.63,80.48
11.53,11.53,50.49,73.65,80.88
11.37,11.37,50.13,72.35,80.96
14.70,14.70,49.88,69.40,81.46
9.28,9.28,54.92,60.53,80.73
4.71,4.71,62.86,57.24,80.44
18.53,18.53,77.17,68.80,80.82
5.59,5.59,89.12,66.71,80.90
7.16,7.16,83.87,65.75,82.24
11.42,11.42,84.35,66.43,83.55
12.95,12.95,86.27,67.71,82.84
13.49,13.49,84.63,68.20,84.45
15.76,15.76,82.93,70.71,85.08
17.88,17.88,81.84,67.80,88.13
22.72,22.72,80.46,67.06,87.57
19.71,19.71,80.74,67.88,86.32
18.59,18.59,77.86,69.39,87.28
17.38,17.38,80.05,71.32,85.62
18.07,18.07,79.88,71.80,83.57
18.16,18.16,76.23,73.04,82.67
17.85,17.85,71.26,72.53,79.74
15.06,15.06,72.19,73.16,82.22
13.68,13.68,71.69,73.53,81.57
13.43,13.43,61.31,73.94,82.91
15.54,15.54,70.28,72.39,83.03
13.29,13.29,71.81,71.81,86.41
15.17,15.17,71.75,72.22,85.45
15.49,15.49,69.38,74.01,86.44
12.11,12.11,66.54,73.86,83.32
11.61,11.61,64.47,73.74,83.54
14.02,14.02,62.67,75.28,84.97
13.81,13.81,63.97,75.63,88.36
13.91,13.91,61.72,76.43,87.39
13.10,13.10,58.21,76.37,88.38
11.49,11.49,55.78,76.80,85.96
10.89,10.89,57.74,76.48,88.67
12.46,12.46,60.89,76.75,86.02
14.06,14.06,62.08,78.42,87.41
14.07,14.07,61.26,78.81,86.07
13.71,13.71,57.68,78.47,88.30
11.67,11.67,55.23,77.43,86.51
14.82,14.82,56.16,76.46,87.39
13.32,13.32,52.25,75.24,85.36
9.15,9.15,60.64,73.33,83.98
5.83,5.83,67.42,70.54,84.25
9.12,9.12,78.73,71.07,81.87
7.42,7.42,88.84,64.28,82.81
10.29,10.29,82.47,61.02,81.15
12.20,12.20,81.92,59.17,81.14
12.79,12.79,79.20,63.04,83.69
12.64,12.64,74.17,58.82,86.55
11.81,11.81,74.13,51.19,88.31
11.56,11.56,69.99,57.15,86.52
10.00,10.00,69.84,55.56,87.20
9.02,9.02,74.63,58.60,85.13
16.58,16.58,79.72,49.83,84.32
14.14,14.14,88.94,60.43,83.02
13.01,13.01,82.01,56.01,84.10
13.15,13.15,83.56,56.47,83.16
12.16,12.16,78.19,52.02,78.52
12.03,12.03,78.90,54.32,78.58
13.95,13.95,75.61,52.46,82.41
15.68,15.68,75.45,61.06,83.83
11.58,11.58,75.28,59.23,84.04
10.91,10.91,69.16,63.09,81.54
15.29,15.29,81.41,67.68,81.86
14.13,14.13,82.92,66.39,83.02
15.03,15.03,79.94,69.16,88.67
14.00,14.00,85.79,71.27,83.51
13.58,13.58,80.12,71.72,86.51
11.74,11.74,84.07,73.17,81.74
9.99,9.99,82.97,74.48,82.44
11.08,11.08,76.83,74.34,84.45
13.51,13.51,71.90,74.97,84.96
15.84,15.84,72.95,74.62,85.39
17.52,17.52,74.55,73.29,83.45
16.10,16.10,72.79,72.86,84.31
15.38,15.38,80.97,71.92,80.69
15.12,15.12,83.59,71.90,82.25
15.70,15.70,84.62,73.73,79.53
14.87,14.87,81.69,74.30,83.36
15.40,15.40,80.99,72.84,83.62
15.05,15.05,79.94,71.57,83.01
11.55,11.55,74.26,71.17,80.77
9.18,9.18,81.92,66.24,80.57
16.71,16.71,75.36,66.18,82.62
11.10,11.10,88.18,62.11,80.11
13.86,13.86,85.59,58.40,79.65
12.97,12.97,85.61,60.86,81.22
10.35,10.35,86.07,64.41,82.40
8.28,8.28,85.75,64.31,83.26
10.75,10.75,84.59,66.73,86.25
11.61,11.61,84.26,65.89,85.73
11.84,11.84,83.85,64.65,85.97
12.44,12.44,81.96,63.01,83.41
10.85,10.85,79.72,61.63,84.77
11.19,11.19,81.34,64.13,80.40
12.17,12.17,82.38,62.85,80.29
14.35,14.35,77.60,68.00,81.87
14.90,14.90,72.31,69.28,82.55
14.69,14.69,76.56,70.50,82.57
13.90,13.90,72.84,74.46,84.37
11.46,11.46,59.90,76.19,80.69
10.27,10.27,65.54,77.68,83.66
11.28,11.28,72.08,77.40,84.05
13.96,13.96,72.70,76.61,86.61
19.16,19.16,69.20,74.69,87.30
15.94,15.94,64.59,74.80,85.82
13.04,13.04,59.25,74.42,87.72
11.22,11.22,61.79,73.08,87.67
10.62,10.62,65.82,73.65,86.03
11.46,11.46,61.80,74.07,86.27
12.74,12.74,61.36,74.44,85.50
21.00,21.00,61.41,74.01,84.81
20.06,20.06,61.12,72.57,87.15
12.94,12.94,60.70,70.72,85.63
11.65,11.65,60.23,69.84,88.37
12.69,12.69,59.70,67.29,86.08
15.60,15.60,55.18,63.04,87.80
15.25,15.25,49.35,58.08,84.34
15.17,15.17,55.23,55.44,86.03
10.85,10.85,52.92,54.16,84.64
7.37,7.37,57.63,55.08,85.46
7.18,7.18,63.23,54.79,84.95
13.73,13.73,77.10,66.52,84.22
9.61,9.61,88.03,64.51,82.59
8.15,8.15,84.50,67.91,84.41
8.06,8.06,80.51,69.02,83.17
7.50,7.50,78.31,69.52,82.97
8.09,8.09,73.86,69.47,82.37
8.03,8.03,74.37,70.13,80.23
8.97,8.97,72.54,70.23,82.63
9.08,9.08,72.99,71.61,82.57
9.37,9.37,68.92,71.22,82.37
11.24,11.24,67.83,72.27,82.91
13.45,13.45,64.38,71.10,85.19
15.01,15.01,64.86,70.34,85.00
14.43,14.43,56.92,68.35,84.37
16.74,16.74,57.09,68.22,85.61
15.34,15.34,61.33,68.38,84.38
15.69,15.69,62.39,69.16,83.97
15.64,15.64,61.34,68.68,84.76
15.73,15.73,66.19,69.07,83.38
14.84,14.84,64.01,66.28,83.17
11.22,11.22,62.22,65.06,82.18
12.46,12.46,56.59,61.22,83.84
15.10,15.10,61.57,57.28,85.26
15.25,15.25,60.48,58.59,84.15
19.41,19.41,59.79,55.29,85.19
17.60,17.60,52.41,57.30,86.60
13.52,13.52,54.59,59.85,83.90
10.44,10.44,50.20,59.88,86.98
9.04,9.04,55.15,58.99,85.58
11.96,11.96,51.48,62.85,82.81
11.19,11.19,56.36,64.61,84.55
11.59,11.59,40.22,66.95,85.97
12.77,12.77,41.21,67.90,82.13
12.26,12.26,47.80,65.08,81.20
12.30,12.30,45.32,65.86,82.87
12.45,12.45,55.57,65.30,81.99
11.97,11.97,52.57,65.99,80.81
9.88,9.88,59.74,72.31,83.67
7.30,7.30,71.39,68.74,81.41
4.54,4.54,77.08,68.85,83.43
16.26,16.26,80.78,66.30,83.64
8.68,8.68,88.35,64.71,83.21
13.03,13.03,80.78,63.06,82.09
16.35,16.35,80.75,62.80,84.57
17.34,17.34,85.10,59.15,83.90
16.68,16.68,86.21,58.80,83.56
13.05,13.05,85.00,55.95,84.51
13.17,13.17,82.15,59.94,86.48
14.39,14.39,82.88,53.36,84.60
12.47,12.47,81.22,57.01,87.26
11.45,11.45,80.53,57.08,85.05
13.19,13.19,81.93,56.63,83.75
15.45,15.45,79.79,62.21,84.37
19.13,19.13,76.77,63.18,84.86
15.73,15.73,75.33,63.60,84.54
12.90,12.90,74.77,64.02,84.18
14.89,14.89,68.58,63.83,84.05
13.33,13.33,69.60,64.22,83.74
15.40,15.40,64.06,63.36,86.16
15.34,15.34,69.85,67.83,85.59
13.72,13.72,73.29,68.92,86.52
14.63,14.63,69.76,70.63,87.71
11.99,11.99,64.86,69.95,86.21
11.63,11.63,59.20,68.43,87.86
10.88,10.88,65.84,69.14,89.04
17.99,17.99,66.87,67.72,86.41
25.15,25.15,69.07,70.47,84.63
20.06,20.06,67.29,70.88,86.29
11.02,11.02,56.10,68.21,84.71
8.58,8.58,63.87,69.19,86.67
7.66,7.66,67.42,69.74,84.96
8.72,8.72,67.77,68.53,83.39
7.83,7.83,65.68,67.22,85.22
9.01,9.01,59.87,68.97,86.14
11.22,11.22,58.49,65.50,84.87
13.35,13.35,65.75,68.90,83.61
13.34,13.34,66.60,68.79,84.54
9.54,9.54,68.19,66.49,85.07
7.40,7.40,72.37,59.23,84.31
12.65,12.65,78.03,60.61,84.48
11.34,11.34,88.64,60.87,83.57
12.26,12.26,85.14,55.07,81.95
11.25,11.25,83.14,55.99,81.50
12.05,12.05,78.57,60.12,83.36
11.04,11.04,77.32,61.84,79.17
13.84,13.84,72.80,57.52,82.11
15.81,15.81,73.83,55.41,85.50
16.31,16.31,69.90,57.50,84.47
14.73,14.73,71.12,56.18,86.64
20.36,20.36,76.71,58.73,87.98
19.48,19.48,85.84,56.55,86.66
14.73,14.73,82.21,54.51,86.17
12.91,12.91,79.96,53.00,87.65
13.12,13.12,79.49,58.63,87.71
15.51,15.51,74.61,60.17,87.77
16.54,16.54,75.90,58.27,87.89
18.66,18.66,70.47,59.44,90.51
19.57,19.57,71.20,53.83,89.66
15.92,15.92,67.73,51.34,89.46
22.90,22.90,75.12,52.68,87.59
21.07,21.07,84.21,52.99,89.13
18.91,18.91,76.95,56.20,88.44
18.80,18.80,85.67,59.36,88.93
19.27,19.27,81.06,56.24,88.59
20.31,20.31,80.84,60.42,87.60
18.97,18.97,83.52,63.38,86.61
18.56,18.56,83.66,66.21,87.03
16.95,16.95,73.89,67.83,85.45
18.54,18.54,74.46,69.04,86.13
17.26,17.26,72.04,69.51,84.23
17.79,17.79,75.22,71.53,87.55
17.33,17.33,75.80,72.86,84.37
15.40,15.40,83.76,73.40,85.19
15.47,15.47,84.82,74.33,84.57
15.54,15.54,80.67,74.13,82.69
15.72,15.72,72.62,73.51,80.78
16.73,16.73,80.59,72.97,80.83
16.58,16.58,75.39,72.61,81.47
12.35,12.35,82.35,67.27,83.47
14.08,14.08,77.32,57.19,81.09
9.68,9.68,88.22,52.17,79.88
8.86,8.86,85.54,50.95,83.35
11.64,11.64,86.45,53.70,83.62
13.65,13.65,86.34,56.47,83.85
15.45,15.45,86.12,54.60,83.71
19.71,19.71,85.34,46.31,85.71
21.47,21.47,83.67,50.23,86.63
17.03,17.03,83.82,54.45,84.62
12.42,12.42,82.72,54.44,83.25
12.07,12.07,80.60,57.31,86.31
12.98,12.98,80.00,55.37,86.14
13.49,13.49,80.57,63.33,85.63
13.85,13.85,78.10,64.39,85.20
13.58,13.58,74.99,65.12,87.98
13.33,13.33,74.30,63.89,86.24
16.09,16.09,73.36,68.72,86.41
15.25,15.25,66.37,69.34,83.91
15.23,15.23,62.46,72.22,83.42
15.18,15.18,67.23,70.83,84.43
14.44,14.44,71.32,72.88,84.03
12.49,12.49,65.12,73.33,86.49
17.44,17.44,59.82,70.23,85.47
18.34,18.34,59.84,72.54,85.40
13.22,13.22,57.03,72.72,86.20
12.76,12.76,60.12,73.97,85.72
12.30,12.30,61.70,73.01,87.06
12.89,12.89,59.60,72.56,86.61
13.29,13.29,62.68,74.75,85.30
13.05,13.05,60.02,73.84,86.62
10.69,10.69,59.21,74.58,88.96
11.91,11.91,58.48,75.79,88.61
11.78,11.78,48.77,74.25,87.58
14.88,14.88,54.33,74.62,88.51
15.16,15.16,54.39,76.46,86.79
15.01,15.01,56.00,76.15,84.63
14.90,14.90,54.15,76.50,82.25
12.72,12.72,59.98,76.46,84.64
9.24,9.24,69.90,72.94,83.52
11.03,11.03,74.67,70.51,86.66
10.42,10.42,88.89,70.60,85.18
9.59,9.59,84.50,71.12,88.17
8.37,8.37,80.48,72.57,82.04
5.44,5.44,78.06,71.10,86.12
6.17,6.17,77.20,70.04,80.46
6.16,6.16,72.96,68.50,85.18
7.87,7.87,74.47,68.85,81.92
6.99,6.99,70.46,63.86,85.00
7.35,7.35,72.08,54.39,84.72
7.22,7.22,64.91,63.63,83.78
9.73,9.73,63.43,66.30,81.58
10.32,10.32,64.13,62.98,84.39
9.65,9.65,65.07,59.95,82.35
9.14,9.14,51.27,68.05,80.64
8.87,8.87,65.57,68.36,82.40
8.14,8.14,58.17,61.95,82.18
8.22,8.22,59.32,56.44,80.63
7.78,7.78,65.16,62.29,82.62
7.27,7.27,65.58,68.68,82.71
6.38,6.38,60.15,71.56,82.63
8.56,8.56,59.10,69.79,83.69
9.63,9.63,61.51,67.45,84.73
10.34,10.34,65.42,71.59,84.45
12.21,12.21,59.60,73.54,87.16
12.23,12.23,58.10,74.90,85.15
10.86,10.86,59.79,73.80,87.40
9.84,9.84,56.40,74.76,84.38
9.41,9.41,53.01,76.64,86.37
9.66,9.66,52.83,77.21,84.26
13.54,13.54,57.38,76.25,83.09
14.02,14.02,50.99,76.92,82.72
14.97,14.97,51.65,77.51,86.24
15.93,15.93,52.07,77.69,81.94
10.92,10.92,44.61,77.01,83.73
13.89,13.89,53.08,74.66,79.44
15.75,15.75,41.18,74.39,79.61
15.35,15.35,44.10,72.94,83.02
11.84,11.84,51.29,66.69,81.66
4.14,4.14,58.38,52.32,81.28
9.28,9.28,65.73,60.97,81.92
12.38,12.38,89.10,65.32,82.90
8.69,8.69,85.80,62.08,82.21
8.73,8.73,84.17,61.23,84.49
11.75,11.75,84.30,59.66,81.56
11.19,11.19,84.32,62.62,84.62
11.67,11.67,84.04,67.15,87.47
14.29,14.29,83.35,65.52,85.32
15.20,15.20,83.75,64.43,85.51
16.47,16.47,81.39,65.27,87.53
18.63,18.63,78.95,67.23,89.15
17.78,17.78,79.69,69.94,85.43
16.10,16.10,81.21,69.34,84.87
15.37,15.37,79.85,73.12,81.19
14.89,14.89,74.78,73.20,81.69
12.77,12.77,74.43,73.06,79.66
14.24,14.24,74.77,71.96,82.35
13.12,13.12,66.74,73.27,81.00
13.31,13.31,71.02,73.46,82.96
12.47,12.47,73.32,72.64,86.81
14.64,14.64,72.82,74.62,86.17
18.00,18.00,70.19,74.25,85.50
16.53,16.53,66.71,74.32,84.86
12.56,12.56,64.41,74.69,83.64
10.31,10.31,63.16,75.68,86.51
12.34,12.34,64.87,76.37,85.14
14.65,14.65,63.88,76.36,87.72
13.77,13.77,60.92,77.29,87.00
13.27,13.27,57.25,77.81,89.32
11.08,11.08,60.71,77.04,87.60
12.11,12.11,60.79,76.89,84.85
10.39,10.39,61.66,78.81,86.67
9.26,9.26,61.21,79.70,86.41
9.05,9.05,57.04,79.51,87.80
8.04,8.04,54.67,78.60,87.30
8.20,8.20,53.57,77.02,85.66
8.90,8.90,53.73,77.08,85.87
9.17,9.17,54.01,75.35,85.22
8.08,8.08,64.67,72.59,83.28
9.31,9.31,70.32,71.08,84.10
8.52,8.52,88.73,67.60,81.64
9.07,9.07,87.17,58.00,82.23
9.02,9.02,79.27,57.62,80.43
11.17,11.17,80.10,66.33,82.26
12.54,12.54,76.74,62.82,84.78
14.32,14.32,73.40,61.34,87.04
11.91,11.91,73.02,59.98,88.11
10.32,10.32,68.74,58.13,87.16
7.97,7.97,70.84,60.46,86.11
12.53,12.53,77.46,56.94,84.26
13.56,13.56,86.28,62.44,85.10
10.94,10.94,84.74,54.13,84.29
9.12,9.12,81.66,58.41,85.96
9.56,9.56,79.32,58.07,82.86
9.68,9.68,78.16,59.44,77.93
10.51,10.51,74.32,58.71,81.11
11.94,11.94,74.79,59.87,81.99
12.67,12.67,70.92,51.03,85.09
10.43,10.43,72.54,60.68,83.33
15.20,15.20,76.08,64.57,81.80
14.68,14.68,84.63,66.62,83.36
13.03,13.03,78.25,69.33,86.15
12.52,12.52,84.58,69.56,84.95
9.96,9.96,81.38,72.05,86.96
10.76,10.76,83.62,73.89,83.04
9.84,9.84,84.80,73.51,84.10
11.23,11.23,85.87,74.01,80.92
11.24,11.24,77.92,75.21,86.17
16.68,16.68,73.78,76.05,82.86
15.78,15.78,74.16,74.73,85.86
17.18,17.18,76.89,75.07,81.28
15.13,15.13,79.40,73.78,83.21
12.86,12.86,83.19,72.22,79.91
11.40,11.40,82.32,73.23,81.00
11.17,11.17,82.23,74.61,81.31
13.55,13.55,75.20,75.18,83.46
14.11,14.11,81.85,73.80,82.13
12.92,12.92,75.56,71.85,81.86
8.93,8.93,80.44,67.75,80.75
11.48,11.48,78.33,64.67,82.51
14.02,14.02,82.77,65.82,82.08
9.78,9.78,87.27,57.77,80.50
9.70,9.70,86.93,59.56,81.02
11.33,11.33,85.69,61.53,82.53
9.53,9.53,86.29,63.84,80.90
8.55,8.55,86.43,64.83,84.62
11.28,11.28,85.49,66.26,86.03
12.08,12.08,85.29,63.97,85.36
11.39,11.39,83.65,63.08,85.20
12.08,12.08,81.56,60.78,85.33
10.29,10.29,82.47,62.41,82.06
8.35,8.35,82.89,62.90,80.04
8.34,8.34,80.39,63.96,80.97
9.06,9.06,75.90,68.87,81.51
11.23,11.23,77.39,68.29,82.66
10.53,10.53,76.27,72.70,83.47
10.53,10.53,70.24,75.03,82.17
12.81,12.81,64.38,77.07,80.70
9.40,9.40,71.53,77.94,83.42
9.14,9.14,73.54,77.11,84.98
16.64,16.64,69.59,76.18,87.11
13.00,13.00,68.57,75.68,87.12
13.52,13.52,62.39,75.30,85.07
12.76,12.76,54.49,73.82,87.68
10.47,10.47,61.07,73.74,87.16
10.46,10.46,62.70,73.11,86.16
9.84,9.84,65.25,73.79,86.17
13.80,13.80,59.18,73.79,86.34
16.34,16.34,63.17,73.09,84.85
12.03,12.03,61.62,72.95,87.62
10.79,10.79,63.83,70.99,85.64
11.06,11.06,53.68,69.69,88.53
13.28,13.28,56.11,67.00,85.06
16.76,16.76,51.19,63.39,86.13
15.30,15.30,54.26,55.92,84.65
11.79,11.79,55.96,58.87,84.26
6.25,6.25,59.20,55.66,83.84
3.95,3.95,60.83,52.98,85.48
3.60,3.60,62.07,51.61,84.72
9.02,9.02,88.56,58.96,84.58
8.13,8.13,87.94,60.45,81.93
6.73,6.73,79.73,59.66,83.83
5.95,5.95,80.94,62.15,81.23
5.88,5.88,76.37,63.90,83.94
8.73,8.73,76.68,65.36,83.30
9.48,9.48,71.21,65.61,82.24
11.04,11.04,71.82,65.92,83.20
10.35,10.35,68.84,65.29,84.17
9.85,9.85,69.28,66.55,84.38
9.93,9.93,63.76,66.28,83.16
9.53,9.53,65.27,67.88,84.95
10.41,10.41,67.28,67.08,83.18
10.90,10.90,63.05,68.19,83.71
11.02,11.02,65.20,66.74,84.13
12.10,12.10,64.02,67.99,84.21
12.23,12.23,59.39,66.66,83.19
12.82,12.82,64.06,66.66,84.17
10.64,10.64,62.72,65.17,83.01
9.13,9.13,62.30,65.61,84.77
10.58,10.58,58.78,66.24,85.83
13.36,13.36,63.35,65.96,86.45
11.50,11.50,62.94,65.34,83.56
11.21,11.21,62.73,63.72,86.36
11.09,11.09,56.33,64.43,83.09
11.84,11.84,53.33,63.35,86.42
11.80,11.80,46.55,63.85,82.74
8.62,8.62,48.52,63.68,85.71
8.33,8.33,55.71,66.69,82.92
6.68,6.68,57.73,66.12,84.92
7.06,7.06,48.56,66.02,85.76
6.80,6.80,44.45,68.70,84.60
7.70,7.70,45.73,68.58,84.67
8.95,8.95,44.22,70.17,84.13
10.39,10.39,50.91,70.47,83.96
10.93,10.93,46.42,71.28,83.81
10.52,10.52,49.92,69.37,81.78
10.06,10.06,50.72,71.28,83.94
7.69,7.69,57.00,73.19,83.26
9.44,9.44,63.57,74.14,83.05
18.72,18.72,86.41,70.98,82.81
9.89,9.89,86.10,67.81,84.11
13.25,13.25,83.50,68.67,85.26
17.59,17.59,84.65,67.61,83.78
17.67,17.67,84.53,67.45,84.17
17.14,17.14,84.75,65.16,83.56
14.72,14.72,83.68,63.77,85.03
13.87,13.87,83.70,60.07,82.33
14.99,14.99,82.92,58.69,84.57
13.67,13.67,81.87,56.76,85.08
16.07,16.07,80.37,56.75,84.22
15.91,15.91,81.67,63.07,83.29
14.82,14.82,80.25,64.32,85.23
15.08,15.08,77.14,65.70,85.10
15.07,15.07,74.47,66.45,82.58
15.11,15.11,75.04,67.81,83.55
14.64,14.64,72.83,68.38,83.35
16.39,16.39,66.97,67.18,82.90
16.77,16.77,71.89,67.56,82.64
17.34,17.34,73.80,66.08,80.86
18.05,18.05,70.40,66.35,83.99
16.61,16.61,63.03,64.66,88.57
13.58,13.58,64.75,66.13,87.11
13.60,13.60,65.38,65.89,86.81
13.63,13.63,65.26,65.17,89.76
14.28,14.28,64.09,65.85,86.27
15.99,15.99,64.05,67.28,84.16
16.00,16.00,61.23,68.40,86.21
14.74,14.74,61.43,66.73,87.16
16.20,16.20,60.85,68.10,84.48
17.69,17.69,60.82,66.26,84.74
15.86,15.86,57.81,67.03,85.16
15.77,15.77,59.07,66.73,84.67
14.34,14.34,55.79,67.17,84.64
13.04,13.04,60.83,66.94,83.89
14.95,14.95,57.71,64.42,84.75
12.03,12.03,54.67,61.61,82.77
9.95,9.95,52.31,56.67,84.92
4.74,4.74,62.73,52.74,80.43
8.45,8.45,88.39,62.57,80.75
8.92,8.92,87.51,58.40,80.72
11.42,11.42,81.76,60.05,83.46
11.49,11.49,82.83,63.12,82.19
13.01,13.01,78.11,62.96,82.78
13.47,13.47,76.68,64.07,84.00
15.02,15.02,72.59,62.33,83.25
14.51,14.51,73.49,59.75,86.61
15.39,15.39,70.40,56.84,84.48
18.26,18.26,75.42,59.18,87.55
20.54,20.54,84.55,60.94,86.18
17.27,17.27,87.47,58.43,84.05
14.30,14.30,76.61,59.14,86.80
12.61,12.61,80.79,60.83,87.30
12.20,12.20,75.17,61.20,88.75
14.10,14.10,75.64,57.31,88.60
15.56,15.56,71.65,59.70,88.83
14.30,14.30,69.75,56.75,89.26
14.21,14.21,69.09,55.35,90.08
18.99,18.99,72.00,55.54,88.97
21.05,21.05,83.88,60.12,88.57
16.62,16.62,80.96,66.46,90.04
16.94,16.94,78.67,64.68,88.43
14.53,14.53,80.73,64.11,88.57
13.31,13.31,80.80,68.16,88.55
13.64,13.64,85.23,72.29,85.19
11.78,11.78,84.09,73.49,84.96
12.73,12.73,78.88,75.60,83.38
11.89,11.89,77.08,75.85,83.36
12.79,12.79,77.86,75.81,83.39
14.51,14.51,75.04,75.67,84.55
12.35,12.35,75.14,77.47,84.10
10.67,10.67,82.69,77.43,84.13
11.04,11.04,81.94,77.38,85.19
13.17,13.17,81.49,78.01,84.82
14.15,14.15,73.13,77.71,80.41
12.92,12.92,80.23,78.40,79.16
11.81,11.81,76.99,78.54,81.50
11.36,11.36,78.54,77.91,82.50
11.79,11.79,80.55,71.48,83.42
17.49,17.49,81.40,69.11,81.57
10.35,10.35,86.75,58.87,83.77
11.55,11.55,87.19,62.61,82.90
12.80,12.80,86.38,60.59,82.95
10.49,10.49,85.47,57.63,82.33
10.22,10.22,84.88,58.65,83.29
10.02,10.02,84.78,61.33,84.62
12.39,12.39,85.54,65.49,82.35
11.82,11.82,85.03,68.58,81.11
11.67,11.67,82.35,68.52,83.02
11.94,11.94,81.42,68.75,82.63
13.16,13.16,82.03,69.18,82.94
11.49,11.49,81.74,73.13,84.33
12.21,12.21,76.04,74.61,85.86
14.02,14.02,75.18,73.87,85.19
15.82,15.82,77.12,73.83,85.15
15.14,15.14,72.82,76.05,84.67
14.37,14.37,66.37,77.57,84.06
11.08,11.08,70.76,75.57,84.69
11.20,11.20,72.34,75.26,84.45
11.64,11.64,71.34,76.39,85.59
11.30,11.30,66.59,76.21,84.33
12.36,12.36,62.96,74.27,84.17
13.73,13.73,55.93,74.91,86.29
12.99,12.99,60.25,75.03,85.43
16.13,16.13,64.34,75.40,85.74
17.44,17.44,62.15,74.89,86.56
14.44,14.44,61.14,75.60,87.47
12.87,12.87,63.96,76.46,85.07
12.66,12.66,62.15,75.65,86.41
11.58,11.58,62.59,77.21,85.43
14.86,14.86,58.15,77.68,84.17
17.25,17.25,57.67,76.28,86.00
20.86,20.86,56.69,77.60,87.06
17.34,17.34,55.38,77.73,87.68
18.79,18.79,55.51,77.81,88.62
15.02,15.02,56.86,78.34,87.72
11.60,11.60,62.45,79.03,87.38
10.44,10.44,71.12,77.06,85.98
15.83,15.83,85.19,77.11,81.73
12.06,12.06,87.79,75.53,81.17
13.44,13.44,82.58,78.14,87.40
12.33,12.33,80.81,79.53,84.59
11.56,11.56,78.74,78.60,85.17
11.01,11.01,75.12,78.52,87.93
10.26,10.26,74.84,77.57,82.98
12.71,12.71,72.41,75.78,85.67
10.80,10.80,71.98,72.45,84.88
12.18,12.18,68.80,67.38,85.92
11.82,11.82,67.25,69.66,84.62
13.59,13.59,64.29,71.05,82.69
15.33,15.33,67.49,66.45,83.25
13.64,13.64,69.08,69.07,80.65
13.71,13.71,67.67,71.94,81.08
12.60,12.60,63.95,69.74,80.75
12.79,12.79,60.03,62.92,81.41
10.64,10.64,62.26,62.36,82.28
10.85,10.85,63.80,69.09,85.60
9.10,9.10,61.12,72.12,82.66
8.41,8.41,61.93,72.28,84.57
10.23,10.23,61.34,65.79,84.14
12.34,12.34,64.32,65.44,85.66
14.89,14.89,58.00,72.21,87.14
11.96,11.96,57.14,75.35,85.28
10.19,10.19,49.11,74.67,86.48
10.69,10.69,53.53,73.73,85.47
9.59,9.59,48.06,75.69,85.48
9.88,9.88,54.73,77.71,82.11
10.56,10.56,59.29,77.03,84.78
11.46,11.46,56.96,76.56,82.22
9.54,9.54,48.06,77.18,85.31
9.73,9.73,48.29,78.31,81.41
9.17,9.17,48.06,77.89,85.13
11.17,11.17,52.16,75.83,81.97
12.09,12.09,51.74,73.92,81.74
13.20,13.20,51.82,74.07,82.84
11.76,11.76,50.78,71.38,81.77
7.91,7.91,54.31,60.21,83.46
4.67,4.67,61.01,59.59,81.71
14.90,14.90,81.42,70.08,85.44
5.90,5.90,88.08,69.06,82.86
7.51,7.51,86.08,68.09,84.05
9.91,9.91,85.43,67.01,82.96
11.92,11.92,85.19,67.42,83.79
12.52,12.52,85.79,69.53,83.38
12.86,12.86,85.89,69.45,86.03
16.02,16.02,84.27,66.60,86.98
16.74,16.74,83.02,65.55,87.29
19.23,19.23,81.27,68.06,86.18
22.86,22.86,82.35,70.20,86.54
21.30,21.30,82.35,72.42,85.14
17.62,17.62,81.65,73.25,83.28
15.20,15.20,77.94,74.63,81.27
14.10,14.10,76.87,73.80,79.10
14.14,14.14,75.91,72.69,80.65
13.12,13.12,72.75,73.28,81.23
12.11,12.11,69.95,74.74,83.89
13.07,13.07,72.34,74.15,83.88
15.26,15.26,74.33,74.68,86.92
17.72,17.72,71.84,74.78,86.75
15.57,15.57,66.51,73.45,86.97
14.31,14.31,66.19,75.20,83.49
15.22,15.22,66.63,76.61,84.90
14.57,14.57,65.13,76.14,85.14
17.41,17.41,63.88,75.85,88.30
17.72,17.72,61.09,76.46,87.33
16.35,16.35,59.45,77.41,88.16
12.92,12.92,62.45,77.87,86.24
12.79,12.79,62.11,76.67,88.10
10.66,10.66,63.25,77.82,86.42
10.76,10.76,59.73,79.64,87.37
11.32,11.32,58.02,80.14,85.41
10.58,10.58,56.02,79.09,87.79
13.20,13.20,57.16,77.96,85.59
12.96,12.96,59.09,76.98,86.92
14.66,14.66,53.35,77.21,84.12
10.53,10.53,62.50,74.77,84.01
7.53,7.53,62.75,72.73,83.63
14.53,14.53,81.46,74.00,81.95
10.71,10.71,89.20,62.91,82.80
13.34,13.34,81.69,66.31,85.42
13.52,13.52,82.88,70.05,83.85
15.04,15.04,78.58,63.54,85.30
12.83,12.83,75.19,68.91,87.53
11.05,11.05,74.89,64.76,88.11
10.47,10.47,71.92,60.43,87.52
10.08,10.08,70.01,60.66,86.84
9.55,9.55,70.71,50.24,83.87
16.32,16.32,83.87,69.84,84.80
14.38,14.38,87.02,66.01,84.89
11.89,11.89,80.67,67.96,84.26
12.62,12.62,80.41,65.98,83.42
14.30,14.30,78.72,67.04,80.42
13.99,13.99,75.89,63.26,79.79
14.47,14.47,75.94,60.77,83.47
14.42,14.42,70.95,56.33,83.72
14.79,14.79,69.29,56.51,85.05
15.94,15.94,72.29,60.01,84.85
21.80,21.80,84.25,65.15,84.44
19.38,19.38,81.24,71.59,85.61
20.29,20.29,78.82,73.78,84.67
17.52,17.52,83.81,74.97,85.61
14.49,14.49,82.45,75.03,84.94
13.10,13.10,85.27,74.54,82.06
11.72,11.72,86.14,73.76,81.27
15.00,15.00,80.51,74.11,81.82
17.14,17.14,78.74,75.88,84.25
16.53,16.53,82.05,75.27,83.86
16.30,16.30,75.34,74.99,82.05
15.28,15.28,78.24,74.73,83.60
14.49,14.49,81.48,73.22,80.28
14.88,14.88,80.62,73.01,80.43
14.35,14.35,81.08,74.13,80.17
15.11,15.11,79.91,73.98,82.30
16.12,16.12,78.57,74.29,82.65
15.95,15.95,78.95,73.20,82.68
13.28,13.28,78.36,69.69,81.72
8.82,8.82,80.88,63.21,80.74
17.34,17.34,75.33,61.59,84.74
11.61,11.61,89.16,56.76,82.77
11.79,11.79,87.15,53.22,79.51
12.26,12.26,86.32,57.54,84.72
11.29,11.29,86.98,62.65,84.16
11.26,11.26,85.92,65.18,82.66
10.31,10.31,85.38,65.15,84.57
13.36,13.36,85.73,64.81,86.21
14.25,14.25,84.76,63.41,84.26
14.14,14.14,85.06,61.51,84.13
13.25,13.25,82.50,59.11,83.01
13.05,13.05,82.48,61.60,80.79
12.89,12.89,81.98,62.88,79.22
15.05,15.05,78.61,65.22,80.76
15.80,15.80,76.24,67.73,82.23
16.79,16.79,76.10,70.87,83.40
17.28,17.28,73.44,75.01,82.96
16.21,16.21,69.41,75.63,81.28
14.38,14.38,68.94,77.78,83.05
12.60,12.60,73.77,78.02,83.95
14.79,14.79,73.24,77.18,86.51
18.42,18.42,66.94,76.84,87.05
21.05,21.05,62.25,75.92,86.30
20.00,20.00,57.52,73.98,85.65
14.92,14.92,60.47,73.39,87.61
12.71,12.71,66.05,73.55,87.52
13.97,13.97,59.02,73.22,88.30
14.53,14.53,58.70,72.76,85.94
14.50,14.50,61.08,72.78,88.30
12.94,12.94,61.10,73.44,88.30
11.01,11.01,63.51,72.26,85.96
10.94,10.94,62.06,70.89,86.71
10.99,10.99,57.33,69.21,86.66
10.53,10.53,54.39,65.29,86.28
13.34,13.34,55.56,62.43,85.15
12.65,12.65,58.57,58.49,85.11
9.48,9.48,56.64,56.63,83.97
5.75,5.75,58.29,59.65,81.31
4.92,4.92,62.08,57.82,83.75
11.67,11.67,79.36,66.16,80.94
10.37,10.37,89.66,64.24,82.73
9.53,9.53,81.73,59.16,84.17
7.52,7.52,84.58,59.85,85.23
8.66,8.66,77.34,60.45,83.76
9.67,9.67,78.05,59.94,85.47
9.88,9.88,74.97,64.43,84.40
11.53,11.53,72.16,66.20,85.10
13.55,13.55,70.04,67.34,85.04
13.42,13.42,68.87,68.27,85.11
13.01,13.01,70.83,68.99,83.78
16.07,16.07,66.26,68.21,83.81
17.35,17.35,67.24,65.69,86.08
17.26,17.26,66.77,63.43,86.31
17.51,17.51,68.03,66.08,85.75
19.01,19.01,68.16,65.45,87.38
18.99,18.99,61.37,63.26,86.32
20.54,20.54,64.07,63.63,84.15
20.31,20.31,62.10,59.86,83.90
18.81,18.81,62.53,61.14,82.82
16.66,16.66,60.46,58.62,83.38
18.57,18.57,61.87,61.14,84.94
15.90,15.90,62.65,63.06,84.21
15.71,15.71,63.40,67.08,86.90
13.15,13.15,60.75,66.80,85.55
11.62,11.62,52.04,70.11,85.80
13.83,13.83,55.82,71.09,84.31
13.97,13.97,54.77,70.87,88.15
11.63,11.63,61.38,73.76,83.54
11.02,11.02,56.98,74.33,83.46
12.64,12.64,55.76,73.11,87.27
12.64,12.64,51.43,75.27,84.14
13.45,13.45,48.91,75.72,78.52
13.33,13.33,53.15,74.93,82.37
15.91,15.91,53.95,76.58,83.99
13.08,13.08,54.87,77.21,84.98
13.06,13.06,50.32,76.06,83.71
9.91,9.91,54.80,77.46,84.05
7.63,7.63,64.92,76.72,80.48
4.30,4.30,73.73,70.23,82.85
16.21,16.21,80.77,69.05,83.41
7.40,7.40,89.96,66.84,79.82
11.05,11.05,87.14,63.30,82.63
14.50,14.50,84.96,61.23,83.46
16.55,16.55,83.87,59.55,85.20
16.84,16.84,83.02,63.23,84.74
16.64,16.64,84.13,63.22,84.31
15.69,15.69,84.43,51.40,85.94
15.96,15.96,84.59,59.70,84.70
13.78,13.78,82.82,63.02,85.71
12.47,12.47,81.13,66.04,84.60
12.94,12.94,81.61,68.12,80.55
15.91,15.91,82.31,69.92,82.95
12.71,12.71,78.98,71.90,83.49
12.94,12.94,75.11,70.49,84.10
15.20,15.20,75.57,72.17,83.72
14.07,14.07,73.59,73.57,83.35
17.33,17.33,69.60,74.71,84.84
19.14,19.14,72.82,74.48,83.22
16.62,16.62,70.96,72.99,81.61
17.21,17.21,67.11,69.20,83.84
14.51,14.51,64.43,69.34,86.33
12.80,12.80,64.08,74.45,87.08
12.63,12.63,66.62,74.57,87.84
12.43,12.43,63.61,73.36,87.33
17.85,17.85,49.56,73.30,87.95
19.51,19.51,59.89,71.94,87.40
17.94,17.94,61.31,74.34,86.45
12.86,12.86,66.12,75.82,86.67
12.83,12.83,63.34,73.91,86.68
12.10,12.10,51.29,71.29,84.65
13.35,13.35,50.83,71.29,82.68
13.60,13.60,53.56,73.27,86.09
14.38,14.38,53.46,71.88,86.39
11.21,11.21,60.03,71.50,83.59
10.36,10.36,50.67,70.19,82.56
13.46,13.46,53.64,69.79,86.83
11.31,11.31,63.72,67.18,85.07
11.05,11.05,69.26,64.63,83.65
17.52,17.52,82.60,66.20,81.80
12.10,12.10,89.19,62.90,82.30
11.66,11.66,81.90,61.84,85.27
11.43,11.43,82.46,63.85,83.87
13.22,13.22,78.84,64.43,83.86
13.39,13.39,77.13,65.04,84.33
11.80,11.80,75.82,64.72,81.03
11.52,11.52,75.04,64.59,85.94
12.43,12.43,68.16,62.77,84.84
13.95,13.95,74.07,58.61,86.50
19.06,19.06,78.37,63.10,86.52
16.16,16.16,87.13,61.15,83.18
14.77,14.77,81.13,58.53,87.81
15.82,15.82,83.40,59.97,88.08
14.31,14.31,74.85,60.69,86.37
14.86,14.86,77.18,57.77,88.21
15.53,15.53,73.41,59.32,88.38
16.10,16.10,72.58,58.25,89.41
15.96,15.96,66.60,55.26,89.64
14.73,14.73,70.63,46.49,89.97
21.29,21.29,81.21,48.85,88.79
18.91,18.91,81.59,62.70,89.61
17.37,17.37,75.36,65.65,89.96
17.14,17.14,82.53,63.78,89.60
19.38,19.38,80.23,63.87,88.77
17.21,17.21,85.03,66.96,87.65
14.54,14.54,83.37,70.22,85.45
14.98,14.98,81.24,72.18,86.78
14.42,14.42,79.87,73.98,84.62
16.02,16.02,79.78,72.32,85.66
19.21,19.21,76.04,72.46,84.91
19.01,19.01,77.27,73.67,86.85
19.03,19.03,80.58,75.63,85.57
18.33,18.33,79.55,76.19,84.66
16.67,16.67,81.18,76.86,83.64
16.45,16.45,79.60,76.71,81.56
17.65,17.65,74.26,76.07,79.40
17.23,17.23,80.10,76.73,81.79
16.40,16.40,75.04,76.51,80.62
11.60,11.60,81.71,75.23,83.08
15.58,15.58,75.94,71.65,82.69
12.75,12.75,87.65,67.66,80.96
15.96,15.96,86.17,60.52,81.92
17.04,17.04,86.82,61.62,84.74
18.38,18.38,86.63,60.79,81.70
14.74,14.74,85.91,54.37,83.52
15.37,15.37,86.51,53.32,84.83
14.60,14.60,85.34,57.74,87.01
12.49,12.49,85.22,64.06,84.43
11.19,11.19,83.92,67.87,83.61
12.19,12.19,82.17,68.93,87.32
12.25,12.25,83.11,66.56,87.79
12.46,12.46,81.70,67.84,86.25
15.40,15.40,79.22,72.19,85.42
16.66,16.66,75.11,73.98,87.31
15.11,15.11,77.86,72.72,86.33
16.77,16.77,74.50,73.12,85.96
16.13,16.13,69.03,75.63,84.85
13.24,13.24,70.79,77.18,84.02
12.01,12.01,72.39,73.80,84.57
11.45,11.45,72.57,73.86,83.53
12.08,12.08,68.45,74.94,82.50
13.48,13.48,62.33,74.52,88.74
14.27,14.27,60.31,74.35,85.55
12.70,12.70,60.12,74.37,84.17
12.56,12.56,63.35,73.91,86.53
12.09,12.09,62.02,73.51,86.84
10.98,10.98,55.35,73.96,86.77
9.90,9.90,62.16,75.93,86.38
10.16,10.16,60.67,75.35,86.96
12.78,12.78,58.28,74.52,84.97
13.83,13.83,57.65,76.39,86.15
14.90,14.90,58.14,76.11,85.15
13.72,13.72,56.74,76.00,85.86
15.41,15.41,56.40,77.16,87.72
14.57,14.57,58.81,76.74,87.55
12.22,12.22,56.82,76.93,86.27
8.95,8.95,57.43,78.15,86.73
5.49,5.49,65.65,78.56,86.13
6.95,6.95,76.51,77.55,86.17
5.07,5.07,88.15,76.42,82.60
7.51,7.51,83.90,76.18,84.34
9.51,9.51,81.35,76.97,87.04
8.91,8.91,79.19,75.17,83.85
8.97,8.97,77.01,72.64,86.25
9.37,9.37,76.71,71.95,84.04
10.88,10.88,73.46,72.08,84.04
11.34,11.34,71.37,68.98,87.07
11.72,11.72,70.18,64.42,84.41
14.22,14.22,69.90,67.05,85.05
15.71,15.71,69.22,67.10,81.96
18.22,18.22,66.87,64.45,86.59
15.21,15.21,69.88,58.94,85.62
12.33,12.33,69.83,68.50,81.80
12.52,12.52,69.35,70.62,80.55
12.68,12.68,63.07,65.32,82.94
11.36,11.36,60.24,57.42,81.92
10.58,10.58,62.93,60.65,83.42
11.70,11.70,60.59,69.38,81.92
10.60,10.60,62.88,71.46,83.40
11.94,11.94,60.74,68.62,86.72
12.65,12.65,64.32,66.59,83.77
12.31,12.31,62.10,70.64,84.79
12.11,12.11,56.93,75.28,87.50
13.56,13.56,51.35,75.85,83.00
13.08,13.08,55.09,75.13,86.62
12.73,12.73,50.53,75.42,83.04
11.46,11.46,55.51,77.38,85.87
11.14,11.14,55.76,77.30,82.41
12.34,12.34,58.64,76.87,83.05
12.13,12.13,47.70,76.59,83.81
12.07,12.07,49.09,77.42,82.25
11.75,11.75,53.74,77.99,82.00
13.69,13.69,51.16,76.36,82.63
14.89,14.89,55.66,75.00,79.85
16.59,16.59,52.06,74.85,79.62
13.91,13.91,54.43,72.91,81.67
11.94,11.94,53.03,65.75,81.00
5.70,5.70,59.65,57.97,82.13
13.77,13.77,68.32,67.93,82.94
6.74,6.74,88.23,69.61,83.02
6.18,6.18,86.24,66.53,83.31
12.78,12.78,85.36,65.79,81.59
14.87,14.87,85.51,65.39,82.92
11.86,11.86,85.97,68.76,84.28
12.58,12.58,85.13,68.90,87.58
14.72,14.72,84.83,68.67,84.76
15.46,15.46,83.94,67.09,86.94
16.65,16.65,82.58,69.02,86.03
15.36,15.36,82.75,71.00,89.56
15.12,15.12,82.54,72.89,85.56
15.97,15.97,82.05,73.28,82.70
14.40,14.40,80.48,74.14,83.23
13.56,13.56,78.02,74.84,80.78
13.72,13.72,76.21,72.84,80.00
13.09,13.09,75.82,72.91,80.51
11.71,11.71,72.61,73.09,82.02
12.64,12.64,71.05,73.90,85.70
12.09,12.09,74.11,73.80,87.93
12.76,12.76,72.95,74.81,87.15
16.01,16.01,68.89,74.28,86.09
10.45,10.45,64.27,75.25,87.62
10.22,10.22,66.46,76.55,84.70
11.12,11.12,67.51,76.50,86.31
12.53,12.53,67.45,76.23,86.97
15.35,15.35,65.10,76.34,86.74
16.74,16.74,60.98,77.46,88.06
13.41,13.41,60.54,78.03,89.00
11.39,11.39,63.20,76.92,88.48
9.61,9.61,62.24,77.73,85.53
9.07,9.07,61.48,79.59,86.08
8.24,8.24,55.14,80.52,86.64
7.59,7.59,55.34,79.99,88.41
7.89,7.89,57.78,79.48,87.35
8.28,8.28,62.80,78.30,87.20
9.44,9.44,58.94,78.50,85.16
8.75,8.75,58.83,76.64,86.88
4.99,4.99,64.79,72.91,84.39
3.91,3.91,72.87,73.80,84.30
0.45,0.45,90.23,66.60,83.08
3.02,3.02,85.27,69.94,83.49
6.46,6.46,83.47,67.42,81.02
10.99,10.99,79.51,70.05,83.31
14.27,14.27,77.60,66.31,85.99
17.93,17.93,76.55,68.56,88.06
15.49,15.49,72.86,64.63,87.61
12.56,12.56,68.61,65.52,86.49
10.13,10.13,70.09,57.26,84.78
11.97,11.97,80.58,65.88,83.98
12.62,12.62,85.73,67.20,85.23
9.11,9.11,82.07,67.20,84.70
9.93,9.93,81.42,66.73,84.83
10.64,10.64,79.53,68.36,80.66
14.11,14.11,75.71,66.56,78.24
15.18,15.18,76.27,63.23,80.72
15.86,15.86,73.51,58.01,82.49
13.79,13.79,68.41,56.69,84.49
10.52,10.52,65.76,55.53,83.19
13.67,13.67,81.31,59.22,82.43
12.81,12.81,82.76,67.97,84.06
15.50,15.50,77.90,72.62,83.95
19.27,19.27,85.36,73.71,84.77
16.32,16.32,80.99,76.24,84.29
14.73,14.73,83.62,75.59,84.82
12.16,12.16,86.39,74.89,80.85
11.89,11.89,84.74,73.76,80.91
11.25,11.25,79.67,75.33,82.41
11.42,11.42,81.10,74.92,84.46
12.27,12.27,75.98,74.76,82.02
12.12,12.12,80.03,74.82,82.35
10.61,10.61,77.52,75.09,79.74
9.57,9.57,81.84,74.13,81.35
8.50,8.50,81.96,74.91,78.65
10.14,10.14,79.69,74.20,80.77
11.71,11.71,76.22,75.02,82.58
16.44,16.44,82.39,74.66,82.10
13.08,13.08,75.12,71.39,83.75
5.68,5.68,83.33,65.52,82.10
9.89,9.89,74.33,52.38,80.58
8.43,8.43,86.36,57.17,80.96
3.81,3.81,87.27,46.40,79.47
7.05,7.05,87.48,53.61,79.79
10.34,10.34,86.38,54.12,81.67
8.52,8.52,86.35,62.36,83.07
5.65,5.65,86.24,63.63,85.14
9.77,9.77,85.73,64.00,84.58
9.88,9.88,86.56,62.27,85.19
8.54,8.54,85.66,63.15,85.03
9.26,9.26,82.48,61.33,83.26
7.06,7.06,82.12,59.14,82.89
6.42,6.42,83.31,62.38,78.81
7.18,7.18,81.90,60.42,79.98
7.74,7.74,76.47,66.39,81.15
6.97,6.97,76.23,70.86,80.76
7.48,7.48,76.87,72.91,82.78
7.68,7.68,71.81,75.09,80.42
7.02,7.02,67.18,76.15,83.42
6.33,6.33,74.48,78.43,83.08
10.52,10.52,74.62,77.69,85.33
15.29,15.29,69.14,77.38,88.03
16.24,16.24,64.73,76.00,87.76
13.30,13.30,60.98,74.79,86.77
10.11,10.11,60.06,74.63,86.89
7.97,7.97,63.59,73.99,87.44
7.97,7.97,60.08,74.21,85.86
6.16,6.16,62.50,73.15,85.36
6.42,6.42,59.97,72.88,85.34
8.95,8.95,60.84,73.51,86.41
8.89,8.89,60.47,72.89,85.93
7.43,7.43,59.19,72.17,85.91
7.16,7.16,55.81,70.94,85.18
8.32,8.32,51.79,67.16,85.86
11.00,11.00,57.13,62.74,85.34
12.21,12.21,55.65,60.26,84.25
7.98,7.98,55.60,56.99,83.83
4.73,4.73,58.81,56.23,84.80
2.75,2.75,59.84,51.28,86.54
4.19,4.19,66.45,62.91,86.47
5.14,5.14,89.11,66.99,84.05
5.96,5.96,85.71,63.17,84.37
10.66,10.66,81.83,64.60,82.86
9.84,9.84,78.58,63.88,83.58
8.77,8.77,78.31,63.06,85.50
7.01,7.01,74.39,58.88,83.61
7.18,7.18,74.24,61.25,82.90
9.63,9.63,71.14,59.66,85.64
11.32,11.32,68.84,57.68,84.29
13.27,13.27,69.98,55.74,84.36
12.36,12.36,66.68,60.96,85.82
11.56,11.56,66.12,58.36,85.22
13.77,13.77,65.82,58.46,86.34
14.51,14.51,68.90,61.86,85.12
14.17,14.17,68.58,58.11,85.18
13.53,13.53,63.72,60.11,85.67
11.47,11.47,60.39,60.26,84.39
11.54,11.54,63.93,57.68,85.26
11.78,11.78,60.65,59.09,84.95
10.89,10.89,59.78,59.91,85.58
11.23,11.23,58.18,58.12,87.43
13.35,13.35,60.43,55.66,85.57
15.09,15.09,62.68,57.76,85.45
11.45,11.45,57.47,57.33,85.05
12.00,12.00,52.48,58.25,84.59
14.86,14.86,54.47,53.42,85.65
12.39,12.39,49.20,55.45,82.92
11.36,11.36,55.79,59.46,87.02
11.20,11.20,53.12,59.76,85.74
12.48,12.48,57.17,60.91,84.99
12.56,12.56,48.47,61.71,87.11
14.45,14.45,53.12,65.45,85.78
17.23,17.23,51.00,66.29,84.38
17.34,17.34,50.23,68.14,84.59
17.67,17.67,54.82,67.86,86.19
17.53,17.53,53.10,67.93,83.97
16.79,16.79,53.71,68.32,83.03
14.83,14.83,55.90,68.95,85.75
7.31,7.31,56.37,72.97,86.17
8.66,8.66,63.05,74.13,82.37
12.89,12.89,87.76,70.83,83.48
5.37,5.37,86.27,70.08,84.74
10.13,10.13,85.04,70.51,83.12
13.54,13.54,84.05,69.04,84.95
13.22,13.22,84.09,67.20,82.97
13.45,13.45,84.58,67.33,82.40
13.06,13.06,84.66,63.53,85.26
14.21,14.21,83.98,63.28,83.26
13.47,13.47,83.07,61.53,82.81
10.67,10.67,81.08,61.86,84.33
12.94,12.94,82.26,59.82,84.08
13.30,13.30,81.92,63.79,83.84
12.11,12.11,79.87,65.22,84.72
12.40,12.40,75.97,66.76,83.45
12.47,12.47,75.73,68.90,82.75
13.52,13.52,74.89,68.07,83.69
13.86,13.86,70.94,68.99,84.91
14.17,14.17,70.98,67.27,85.15
12.54,12.54,72.76,67.54,84.53
14.98,14.98,73.38,66.21,83.42
18.02,18.02,69.90,65.02,84.47
15.65,15.65,65.56,63.63,88.34
11.30,11.30,64.01,65.67,87.95
11.44,11.44,63.04,65.82,87.91
11.63,11.63,64.74,65.56,89.69
9.95,9.95,64.30,67.30,87.98
12.76,12.76,63.60,66.92,83.47
13.91,13.91,62.47,67.69,85.72
15.50,15.50,60.84,66.63,86.23
15.76,15.76,56.76,67.71,84.12
14.04,14.04,59.68,66.47,85.84
15.58,15.58,57.91,65.72,85.78
14.26,14.26,58.07,67.01,83.48
13.94,13.94,58.83,66.83,85.13
15.51,15.51,59.90,66.47,83.52
13.22,13.22,57.74,63.68,84.67
11.89,11.89,55.00,59.90,82.28
7.41,7.41,53.70,49.79,84.42
8.68,8.68,61.76,59.25,82.39
12.58,12.58,88.82,65.99,82.78
11.20,11.20,88.71,61.68,83.29
14.32,14.32,80.54,60.43,83.86
13.70,13.70,81.17,63.27,83.88
14.26,14.26,78.02,65.27,83.47
14.33,14.33,75.15,64.32,83.82
14.08,14.08,75.00,61.92,85.51
13.70,13.70,69.93,60.63,86.98
13.69,13.69,70.94,54.20,84.20
19.70,19.70,75.23,59.04,87.04
21.06,21.06,86.13,63.88,85.13
16.27,16.27,85.20,61.68,86.64
14.99,14.99,78.61,61.86,88.47
14.01,14.01,78.06,63.61,86.39
13.39,13.39,76.97,63.95,86.89
11.86,11.86,73.55,56.92,86.78
12.07,12.07,75.31,58.90,85.98
12.16,12.16,67.70,50.44,90.24
15.15,15.15,70.13,52.41,87.32
20.05,20.05,73.18,52.77,89.29
20.48,20.48,83.28,57.16,85.80
22.82,22.82,77.77,57.29,88.20
20.82,20.82,79.88,57.07,84.88
16.86,16.86,80.02,56.33,87.45
16.09,16.09,82.87,47.75,85.40
17.06,17.06,84.31,55.44,85.40
16.97,16.97,86.03,53.42,86.46
14.58,14.58,79.93,51.60,85.19
15.21,15.21,77.75,53.50,84.62
18.30,18.30,78.49,52.55,83.04
15.55,15.55,78.11,55.77,82.79
14.10,14.10,78.28,59.76,84.58
14.26,14.26,81.54,54.69,83.80
13.03,13.03,79.41,52.47,83.42
13.04,13.04,82.48,54.20,83.27
14.74,14.74,73.19,59.24,82.42
15.59,15.59,81.47,52.65,81.24
14.39,14.39,76.99,56.06,83.92
12.09,12.09,80.45,58.02,81.20
9.73,9.73,76.10,56.81,84.75
14.41,14.41,81.49,58.62,82.30
11.22,11.22,86.78,57.53,80.44
13.43,13.43,87.06,55.67,84.42
14.97,14.97,85.52,55.63,83.51
15.46,15.46,86.12,55.26,85.03
13.61,13.61,85.44,53.30,85.47
11.04,11.04,84.62,53.89,82.82
10.33,10.33,84.98,57.13,84.44
11.41,11.41,83.30,55.55,86.40
12.85,12.85,83.36,58.30,84.40
13.39,13.39,81.77,58.20,85.88
14.22,14.22,81.74,60.37,85.66
16.34,16.34,79.71,60.53,84.35
17.37,17.37,76.91,61.52,84.64
14.24,14.24,75.89,63.36,83.96
12.10,12.10,75.28,62.98,83.11
11.68,11.68,71.43,64.16,84.12
13.08,13.08,66.98,63.09,83.21
13.12,13.12,70.65,64.90,85.36
14.10,14.10,73.42,63.83,82.96
14.01,14.01,70.35,66.33,85.01
14.05,14.05,63.30,63.58,88.95
12.25,12.25,63.50,57.75,84.68
13.73,13.73,53.14,57.26,86.55
14.65,14.65,60.38,62.52,84.70
15.66,15.66,66.92,65.88,83.15
14.75,14.75,64.67,67.37,82.64
14.75,14.75,61.18,67.31,85.55
14.04,14.04,61.46,67.68,85.91
12.82,12.82,60.97,68.42,82.08
10.09,10.09,59.54,69.35,82.86
12.95,12.95,55.46,69.22,85.02
12.77,12.77,54.14,67.73,84.07
12.12,12.12,55.57,68.09,85.40
13.96,13.96,48.99,67.53,83.38
16.18,16.18,52.32,67.07,84.67
18.22,18.22,54.61,64.18,85.77
18.78,18.78,59.19,61.06,86.18
15.94,15.94,60.33,61.39,83.82
17.05,17.05,86.98,70.91,84.35
16.15,16.15,88.83,62.75,83.24
22.28,22.28,80.20,55.25,86.11
25.33,25.33,83.02,44.57,85.28
28.26,28.26,75.28,49.62,83.33
27.22,27.22,76.13,46.27,83.80
26.94,26.94,73.47,52.14,84.13
23.78,23.78,73.96,56.67,83.91
24.64,24.64,69.43,59.89,84.71
24.63,24.63,70.37,57.95,85.54
26.83,26.83,69.78,60.98,84.81
23.17,23.17,67.75,61.80,83.34
25.35,25.35,68.56,63.15,83.55
24.60,24.60,65.17,61.50,82.64
24.41,24.41,66.14,62.15,81.83
27.09,27.09,60.63,63.57,82.60
26.26,26.26,51.87,61.20,81.80
22.89,22.89,60.13,63.73,81.56
22.32,22.32,60.08,62.61,85.65
19.59,19.59,58.73,65.43,82.18
18.90,18.90,54.80,65.75,86.04
22.91,22.91,49.10,65.44,85.80
24.69,24.69,55.42,66.87,86.01
26.75,26.75,57.14,70.09,86.91
26.81,26.81,55.96,71.39,86.28
30.00,30.00,54.80,72.16,87.39
28.76,28.76,42.54,72.94,84.51
25.91,25.91,56.41,73.95,86.78
26.75,26.75,52.34,74.24,85.30
25.40,25.40,54.26,74.47,82.88
28.57,28.57,53.98,76.03,81.71
25.93,25.93,44.25,75.95,84.48
24.50,24.50,52.29,75.57,81.32
24.57,24.57,49.40,74.14,83.50
24.16,24.16,45.87,73.82,82.57
28.07,28.07,47.97,73.66,82.06
27.98,27.98,45.90,72.50,82.10
26.87,26.87,50.27,69.58,81.66
20.94,20.94,53.11,60.90,82.67
14.33,14.33,61.47,53.39,83.33
18.76,18.76,78.03,67.40,82.91
7.12,7.12,88.09,63.51,81.51
11.25,11.25,83.51,62.00,85.17
15.32,15.32,84.38,60.80,85.26
13.18,13.18,85.68,62.02,82.85
12.55,12.55,85.22,62.59,84.81
15.64,15.64,82.77,66.68,85.20
18.78,18.78,81.25,66.82,87.27
19.23,19.23,80.33,68.57,87.38
20.88,20.88,79.60,66.84,86.21
21.71,21.71,79.58,69.32,87.30
21.90,21.90,79.91,71.43,85.18
23.79,23.79,79.01,72.02,83.02
21.79,21.79,74.30,72.30,83.58
20.78,20.78,72.69,71.74,80.68
20.11,20.11,72.08,73.04,83.59
21.34,21.34,70.74,73.19,82.78
17.94,17.94,64.93,73.31,84.62
17.25,17.25,69.96,71.59,83.81
21.07,21.07,71.01,70.70,87.92
19.03,19.03,70.32,69.57,86.99
19.48,19.48,68.15,72.22,87.38
21.74,21.74,65.34,72.21,86.30
22.94,22.94,64.57,72.40,85.83
23.05,23.05,64.45,74.62,86.69
21.59,21.59,63.23,74.87,87.57
24.61,24.61,63.36,75.12,87.78
23.77,23.77,59.45,75.04,88.49
25.19,25.19,54.09,74.57,86.06
23.21,23.21,56.62,74.65,87.83
17.96,17.96,60.02,76.66,85.82
20.77,20.77,59.90,78.21,86.73
21.35,21.35,56.86,78.60,86.02
20.50,20.50,56.33,78.25,87.91
22.73,22.73,57.88,76.58,86.30
23.84,23.84,55.58,76.12,87.25
22.44,22.44,50.77,75.95,83.77
18.87,18.87,57.55,73.99,84.21
12.47,12.47,65.05,71.32,83.50
7.65,7.65,79.33,73.35,81.99
8.86,8.86,89.06,63.32,81.25
15.15,15.15,81.08,60.04,81.90
20.80,20.80,83.63,55.35,81.27
19.36,19.36,77.33,60.42,85.46
19.11,19.11,76.27,55.67,88.07
23.61,23.61,73.88,50.35,87.82
21.57,21.57,70.11,55.86,86.75
15.47,15.47,69.40,52.46,86.53
12.66,12.66,74.60,54.21,85.26
12.08,12.08,80.26,50.65,85.26
11.66,11.66,88.69,63.90,82.67
15.41,15.41,81.67,61.20,85.12
16.68,16.68,83.52,57.69,83.26
19.41,19.41,78.02,52.44,80.07
20.99,20.99,79.01,52.73,79.63
21.83,21.83,75.05,52.86,82.62
18.36,18.36,75.07,57.57,83.94
13.50,13.50,74.15,57.27,85.06
10.20,10.20,71.35,64.52,82.89
13.98,13.98,81.48,69.13,82.30
13.68,13.68,83.47,65.54,83.74
19.02,19.02,79.89,68.69,88.39
20.42,20.42,85.82,71.23,84.38
18.43,18.43,80.20,70.41,86.59
18.23,18.23,83.61,73.30,82.78
18.54,18.54,84.07,74.63,81.98
14.14,14.14,77.09,75.34,84.63
14.93,14.93,71.78,75.89,84.86
15.63,15.63,75.04,74.87,85.71
16.50,16.50,74.38,73.63,83.37
17.74,17.74,73.35,72.83,83.38
17.64,17.64,81.43,70.71,80.14
17.01,17.01,82.71,72.58,81.07
16.83,16.83,85.44,74.05,78.53
18.41,18.41,81.33,74.44,82.52
17.74,17.74,81.61,72.92,80.95
15.24,15.24,79.02,71.07,82.42
11.25,11.25,74.77,70.15,82.19
7.76,7.76,81.98,67.26,81.41
15.30,15.30,75.36,66.93,84.57
10.00,10.00,88.69,61.01,81.37
11.25,11.25,84.99,56.33,80.91
11.92,11.92,85.28,57.54,82.83
11.27,11.27,86.79,62.61,82.15
12.13,12.13,85.49,63.10,83.74
10.44,10.44,84.61,65.12,85.30
11.45,11.45,83.91,64.22,85.19
13.16,13.16,83.17,65.23,86.43
12.71,12.71,82.95,63.69,83.16
10.30,10.30,79.63,63.59,84.24
10.10,10.10,81.14,64.67,80.47
10.63,10.63,81.44,64.21,79.82
10.36,10.36,78.57,69.16,82.19
11.64,11.64,72.94,69.33,82.24
13.55,13.55,75.11,70.25,81.94
12.04,12.04,71.67,73.74,83.77
12.41,12.41,60.94,76.30,81.05
9.71,9.71,61.73,77.28,83.79
10.74,10.74,72.42,76.67,85.50
15.74,15.74,72.25,75.70,86.99
15.52,15.52,69.11,74.28,88.15
15.76,15.76,64.90,74.76,85.08
14.74,14.74,57.54,74.00,87.44
14.18,14.18,61.59,73.18,87.57
11.88,11.88,65.92,72.83,86.40
12.64,12.64,62.82,73.15,86.75
13.86,13.86,62.59,72.90,86.23
20.54,20.54,62.39,73.32,84.50
18.56,18.56,60.75,72.62,87.20
11.99,11.99,61.10,70.54,85.11
11.72,11.72,58.99,69.11,88.03
12.84,12.84,57.25,66.90,85.11
11.74,11.74,53.55,62.59,87.52
14.69,14.69,48.23,57.16,84.58
14.53,14.53,54.73,55.16,84.90
11.24,11.24,51.35,55.83,83.46
6.81,6.81,55.78,54.76,85.28
5.79,5.79,62.93,56.68,83.47
12.58,12.58,75.78,65.98,83.99
12.70,12.70,88.06,62.90,82.60
16.98,16.98,84.09,65.08,85.61
20.86,20.86,81.40,68.12,84.12
19.82,19.82,77.56,67.75,83.41
24.51,24.51,74.23,68.83,83.44
22.62,22.62,74.41,68.34,81.66
25.20,25.20,71.95,70.09,82.01
26.54,26.54,73.16,70.52,83.75
26.33,26.33,68.36,71.91,83.65
28.28,28.28,67.70,71.47,84.19
27.44,27.44,64.53,71.69,86.67
27.00,27.00,65.86,69.46,84.95
28.38,28.38,54.57,69.07,85.02
30.15,30.15,58.05,66.98,85.72
32.85,32.85,60.08,67.99,85.05
29.21,29.21,62.74,67.68,84.97
31.05,31.05,61.69,67.73,84.98
28.34,28.34,66.00,66.90,84.58
28.00,28.00,63.43,66.48,84.27
27.10,27.10,61.26,63.87,82.66
27.49,27.49,55.88,62.31,84.39
31.08,31.08,61.70,58.87,85.31
30.03,30.03,61.42,59.31,84.24
30.36,30.36,59.99,55.61,85.29
32.09,32.09,53.36,53.69,85.59
30.74,30.74,56.53,54.86,85.46
27.45,27.45,50.12,50.75,85.43
28.73,28.73,49.45,51.10,85.04
30.21,30.21,47.65,57.03,83.06
28.30,28.30,49.94,60.19,84.86
31.40,31.40,41.72,64.92,85.83
32.56,32.56,45.75,64.55,82.63
32.92,32.92,52.56,64.37,80.59
29.13,29.13,42.82,62.09,83.57
32.98,32.98,53.72,63.20,83.32
30.94,30.94,49.63,60.35,82.05
30.38,30.38,56.05,60.74,83.02
20.28,20.28,72.05,62.10,83.29
9.28,9.28,77.70,66.04,84.38
16.31,16.31,81.74,64.75,83.51
7.32,7.32,87.91,63.49,84.69
12.10,12.10,80.60,61.93,82.72
18.00,18.00,81.15,59.05,85.41
19.13,19.13,85.23,55.76,84.79
16.71,16.71,85.89,56.62,84.36
16.86,16.86,84.09,53.10,84.42
19.84,19.84,83.41,57.32,86.65
17.56,17.56,83.10,51.77,84.17
19.97,19.97,81.22,51.20,87.43
19.45,19.45,79.24,56.33,86.17
21.34,21.34,81.40,54.74,83.64
22.83,22.83,80.25,58.10,84.76
24.69,24.69,76.64,60.17,85.20
24.44,24.44,75.66,59.50,83.94
22.67,22.67,75.25,60.96,84.39
19.99,19.99,70.32,59.59,84.95
22.14,22.14,68.51,59.90,84.85
23.12,23.12,64.96,60.46,86.85
26.16,26.16,70.79,64.40,84.81
26.32,26.32,72.61,67.13,86.90
26.52,26.52,67.21,66.77,88.38
26.33,26.33,64.14,65.64,87.23
27.41,27.41,56.53,65.49,88.87
27.68,27.68,65.05,65.29,89.88
23.86,23.86,65.89,65.32,85.79
26.78,26.78,68.33,67.55,84.84
28.61,28.61,65.38,67.43,85.10
28.95,28.95,56.72,64.26,84.87
22.53,22.53,64.18,65.52,87.27
23.17,23.17,66.27,63.06,83.88
27.14,27.14,64.21,60.07,82.36
27.16,27.16,64.57,58.98,85.82
26.99,26.99,56.77,58.20,85.49
25.90,25.90,57.95,56.96,85.73
27.70,27.70,64.82,57.77,83.57
26.41,26.41,66.21,60.21,85.12
22.04,22.04,70.05,58.60,83.99
13.25,13.25,72.35,52.48,85.09
14.17,14.17,79.49,59.58,83.71
12.36,12.36,87.33,56.57,83.49
19.46,19.46,85.88,54.83,82.49
23.12,23.12,82.15,56.04,82.84
26.40,26.40,79.10,58.14,83.94
26.01,26.01,75.87,59.88,82.65
27.65,27.65,73.18,54.01,83.98
28.48,28.48,71.31,52.21,86.33
26.28,26.28,70.02,49.80,85.38
23.86,23.86,69.71,46.35,86.75
27.06,27.06,76.85,53.25,87.24
26.47,26.47,87.01,50.07,87.28
24.69,24.69,80.08,49.48,86.91
26.22,26.22,80.94,47.34,86.51
27.90,27.90,78.76,51.93,88.28
26.83,26.83,74.84,52.04,88.00
21.19,21.19,75.84,48.79,88.31
24.90,24.90,70.52,50.45,89.49
23.68,23.68,71.47,50.02,88.83
21.83,21.83,67.02,40.43,89.09
25.63,25.63,76.00,49.16,87.90
27.03,27.03,84.26,46.79,88.46
32.20,32.20,76.46,57.47,89.50
32.29,32.29,83.80,61.62,87.77
29.67,29.67,81.49,59.34,88.47
32.20,32.20,81.71,64.69,87.22
28.81,28.81,82.41,66.64,86.40
30.27,30.27,82.50,67.86,86.32
30.85,30.85,72.42,70.13,83.53
29.81,29.81,75.17,71.10,84.54
33.86,33.86,72.16,70.89,82.79
31.43,31.43,74.17,71.24,86.12
28.32,28.32,76.64,73.61,83.66
28.76,28.76,83.56,73.21,85.78
28.14,28.14,84.46,72.90,84.53
30.54,30.54,79.78,72.93,83.10
29.46,29.46,72.09,75.43,82.42
29.21,29.21,79.72,73.92,81.17
27.13,27.13,75.29,72.79,81.85
20.59,20.59,81.67,68.58,81.77
16.95,16.95,77.71,56.67,81.86
12.49,12.49,87.81,51.02,81.25
14.44,14.44,85.64,54.06,84.66
14.47,14.47,85.97,58.13,85.58
13.82,13.82,85.58,55.96,85.47
13.81,13.81,87.05,53.51,85.30
16.91,16.91,85.42,56.68,86.10
19.42,19.42,84.13,58.35,87.34
19.26,19.26,83.46,63.35,84.08
18.80,18.80,81.52,63.66,84.00
19.65,19.65,80.66,64.68,86.45
20.88,20.88,80.19,64.68,87.54
21.13,21.13,80.35,68.00,85.62
21.73,21.73,77.67,68.94,83.86
24.79,24.79,75.31,69.09,86.68
23.69,23.69,74.88,69.68,86.72
24.16,24.16,72.77,71.78,86.49
25.04,25.04,67.74,72.57,84.19
24.85,24.85,65.83,73.11,82.41
26.75,26.75,67.59,72.30,85.54
23.04,23.04,70.32,74.25,86.60
24.96,24.96,65.99,73.44,85.33
24.07,24.07,62.27,72.03,85.04
22.66,22.66,59.17,73.70,84.97
23.96,23.96,56.84,73.46,85.69
23.74,23.74,59.23,73.99,86.20
25.84,25.84,61.12,73.26,86.96
25.93,25.93,58.90,72.30,85.71
24.74,24.74,64.08,74.06,84.86
23.99,23.99,58.25,74.73,85.26
22.67,22.67,58.79,74.25,88.79
24.70,24.70,56.16,75.14,88.98
26.05,26.05,50.07,74.72,87.08
26.13,26.13,51.91,74.31,86.61
24.12,24.12,53.72,75.37,86.33
25.18,25.18,56.10,77.43,82.49
22.28,22.28,48.13,76.62,82.73
17.42,17.42,58.44,75.98,84.93
12.01,12.01,71.41,73.99,83.80
12.72,12.72,74.92,70.66,87.30
12.50,12.50,88.74,69.02,85.77
15.95,15.95,84.32,70.13,87.69
22.01,22.01,81.26,72.99,82.17
23.38,23.38,77.98,69.48,87.10
26.18,26.18,76.17,67.14,82.02
22.94,22.94,72.29,66.94,85.38
20.57,20.57,74.32,66.27,83.04
21.85,21.85,69.10,60.32,84.71
21.06,21.06,70.21,51.00,85.27
19.19,19.19,66.60,60.84,83.60
20.96,20.96,64.60,63.16,82.54
21.90,21.90,65.48,57.95,82.92
18.89,18.89,64.99,52.55,82.45
21.61,21.61,58.67,65.24,82.23
22.83,22.83,64.99,66.22,82.70
22.71,22.71,55.69,60.59,83.24
21.40,21.40,60.20,51.62,81.39
17.46,17.46,65.90,61.55,82.86
16.73,16.73,65.40,66.43,83.92
14.88,14.88,58.64,68.37,82.95
17.90,17.90,60.53,66.42,82.95
19.58,19.58,61.32,63.69,85.57
23.03,23.03,65.30,68.30,83.48
25.31,25.31,59.58,70.01,88.06
25.45,25.45,51.94,71.23,86.52
25.56,25.56,56.19,69.73,86.93
25.08,25.08,55.98,70.11,85.83
24.10,24.10,53.58,72.51,84.69
23.44,23.44,51.48,73.61,84.13
23.83,23.83,55.35,73.67,81.39
24.16,24.16,50.45,74.06,82.50
23.14,23.14,45.45,74.70,85.04
22.70,22.70,51.87,74.61,82.08
21.82,21.82,45.45,73.43,83.97
25.14,25.14,52.68,72.48,80.68
24.46,24.46,42.89,72.31,82.50
27.69,27.69,49.14,70.87,82.22
22.30,22.30,51.91,63.75,82.09
13.98,13.98,58.09,51.15,82.73
12.80,12.80,67.81,58.80,84.85
12.77,12.77,89.03,62.47,82.92
6.52,6.52,84.98,57.49,83.82
10.10,10.10,83.77,55.71,84.97
11.66,11.66,84.37,57.07,82.08
8.87,8.87,84.07,60.48,83.69
9.85,9.85,84.21,63.19,86.43
14.17,14.17,83.21,62.85,84.71
18.06,18.06,82.88,61.31,84.89
17.40,17.40,82.51,63.07,86.43
16.94,16.94,78.98,64.75,88.68
18.60,18.60,79.96,67.40,84.68
18.75,18.75,80.83,65.08,84.66
19.93,19.93,79.89,69.40,81.17
21.43,21.43,75.74,68.73,82.72
17.66,17.66,73.33,69.23,80.66
17.69,17.69,73.61,68.67,82.62
15.53,15.53,67.15,70.69,81.81
18.98,18.98,69.77,70.98,85.69
16.98,16.98,74.16,70.06,88.65
17.02,17.02,73.45,71.04,86.13
19.51,19.51,70.32,70.17,86.65
20.04,20.04,66.40,71.72,84.96
20.95,20.95,65.49,72.83,87.28
23.80,23.80,63.78,72.97,87.25
21.88,21.88,63.48,73.61,87.46
23.12,23.12,62.86,72.85,87.22
22.37,22.37,60.13,72.99,88.40
22.71,22.71,58.58,73.81,88.73
20.00,20.00,59.73,73.23,87.37
20.01,20.01,58.35,74.94,85.52
20.59,20.59,58.36,76.46,86.60
21.60,21.60,58.28,77.06,86.13
22.27,22.27,56.61,76.62,88.61
20.27,20.27,60.11,75.75,86.97
18.70,18.70,59.82,74.50,85.28
20.93,20.93,53.17,75.39,85.80
19.81,19.81,51.44,74.33,84.88
14.24,14.24,62.69,70.81,82.34
9.30,9.30,72.13,68.46,83.60
7.11,7.11,88.95,62.74,82.42
12.35,12.35,85.20,57.35,82.02
20.56,20.56,81.16,52.35,80.74
19.45,19.45,78.24,62.94,83.48
21.43,21.43,77.41,60.06,86.42
21.62,21.62,71.88,60.31,86.67
20.72,20.72,73.27,56.43,87.45
17.34,17.34,69.57,55.99,86.60
12.73,12.73,69.74,55.49,85.48
12.24,12.24,77.42,51.44,84.95
12.41,12.41,86.57,58.70,85.49
12.84,12.84,83.29,51.23,83.25
17.15,17.15,82.38,56.11,86.10
16.06,16.06,78.84,53.91,82.09
16.02,16.02,76.80,56.48,78.20
20.98,20.98,74.56,54.79,82.70
21.89,21.89,73.77,53.02,82.48
16.71,16.71,71.16,47.83,85.64
14.57,14.57,70.53,59.53,84.08
13.55,13.55,78.14,63.38,82.04
13.09,13.09,83.65,64.98,82.84
14.20,14.20,77.26,67.81,86.85
15.94,15.94,85.54,67.81,84.66
16.85,16.85,81.23,70.06,88.04
16.00,16.00,82.54,71.76,83.37
14.99,14.99,85.81,72.41,83.44
11.94,11.94,84.63,72.65,81.35
12.15,12.15,78.39,73.47,85.16
14.83,14.83,74.04,73.14,82.71
13.93,13.93,72.75,71.84,85.22
13.97,13.97,77.19,71.35,80.78
15.62,15.62,79.74,70.45,81.29
13.90,13.90,82.17,71.02,79.81
14.55,14.55,84.20,72.45,79.29
16.83,16.83,81.25,72.74,80.61
16.71,16.71,75.17,71.90,82.42
16.74,16.74,82.79,70.61,80.22
12.55,12.55,75.18,68.48,83.31
8.82,8.82,81.99,66.80,81.40
10.42,10.42,75.39,63.39,83.91
11.27,11.27,84.90,63.23,82.37
5.55,5.55,86.76,52.76,81.51
7.50,7.50,86.56,55.27,81.94
11.17,11.17,86.00,58.53,82.78
10.21,10.21,86.11,61.86,81.49
8.02,8.02,86.04,63.90,84.48
8.74,8.74,85.82,65.46,85.64
11.15,11.15,85.81,63.61,84.77
12.64,12.64,84.09,61.91,84.27
13.14,13.14,81.96,60.23,84.66
9.85,9.85,82.01,61.69,81.10
7.62,7.62,84.03,62.10,79.50
9.54,9.54,80.23,63.45,80.83
9.76,9.76,75.13,67.93,82.29
10.62,10.62,76.36,68.97,81.99
11.21,11.21,76.72,72.01,83.10
10.29,10.29,69.86,74.93,82.34
9.75,9.75,61.34,76.21,82.15
10.86,10.86,73.18,76.53,84.06
10.47,10.47,73.95,74.98,86.25
13.69,13.69,70.60,72.87,87.08
17.03,17.03,68.88,71.56,87.57
13.23,13.23,58.47,71.23,85.72
11.16,11.16,54.75,70.61,86.73
8.05,8.05,64.82,69.89,87.10
9.33,9.33,64.50,69.72,86.21
10.05,10.05,64.76,70.03,86.28
12.58,12.58,61.11,69.89,86.22
16.32,16.32,62.06,69.21,85.65
12.00,12.00,63.39,67.10,87.17
8.87,8.87,63.99,65.21,85.89
7.88,7.88,55.04,64.65,87.88
9.06,9.06,56.45,62.58,84.46
12.33,12.33,48.34,60.92,85.76
13.62,13.62,54.51,56.79,84.81
9.30,9.30,56.22,55.94,85.04
7.44,7.44,57.74,52.34,83.32
3.26,3.26,61.39,46.27,85.01
7.04,7.04,63.92,45.94,83.69
9.20,9.20,89.00,56.48,83.79
10.73,10.73,87.74,52.50,82.81
16.01,16.01,80.04,51.73,84.32
16.64,16.64,80.70,52.17,82.97
17.43,17.43,76.19,52.68,84.53
17.81,17.81,74.70,52.19,84.51
16.10,16.10,73.05,50.65,83.44
19.14,19.14,71.61,49.57,84.59
19.77,19.77,70.08,47.45,85.42
21.63,21.63,69.05,47.62,84.81
20.27,20.27,62.16,40.87,84.15
19.22,19.22,63.81,43.14,86.88
19.28,19.28,68.60,47.42,85.43
25.48,25.48,62.38,45.05,85.69
24.81,24.81,64.15,42.10,85.58
28.06,28.06,63.01,44.02,84.16
24.16,24.16,59.87,49.57,85.23
21.78,21.78,65.86,47.98,85.71
20.25,20.25,62.93,46.87,84.98
23.86,23.86,63.39,49.81,85.16
21.36,21.36,58.74,51.39,87.40
24.30,24.30,60.92,46.16,85.00
25.66,25.66,63.45,49.17,84.63
24.55,24.55,63.66,50.17,86.72
26.82,26.82,56.52,50.82,83.24
26.77,26.77,50.32,45.81,86.27
26.26,26.26,48.76,48.01,84.05
25.75,25.75,51.29,49.23,84.82
24.88,24.88,48.50,53.74,82.80
22.08,22.08,58.51,55.02,84.44
21.32,21.32,52.53,52.10,84.67
22.26,22.26,46.14,56.46,85.81
23.59,23.59,47.36,58.54,85.27
24.69,24.69,43.15,55.33,83.88
23.69,23.69,52.91,59.63,84.54
27.90,27.90,46.26,58.98,84.15
28.04,28.04,50.99,58.94,83.75
23.23,23.23,51.13,60.35,83.64
15.31,15.31,57.44,65.45,85.93
10.33,10.33,64.87,65.40,86.02
14.89,14.89,86.97,62.26,85.34
9.56,9.56,85.94,60.23,84.44
13.50,13.50,82.70,56.29,84.65
19.24,19.24,83.90,56.42,86.71
18.93,18.93,84.35,56.35,86.39
16.36,16.36,85.42,54.53,84.07
18.18,18.18,84.16,49.07,86.02
17.04,17.04,84.12,48.74,82.78
19.96,19.96,82.51,45.70,84.71
17.83,17.83,81.83,45.39,85.16
19.78,19.78,81.44,51.49,84.83
22.97,22.97,81.45,49.55,83.65
19.83,19.83,79.56,54.87,85.16
22.59,22.59,75.93,53.81,84.10
21.84,21.84,76.04,54.26,83.78
19.84,19.84,74.03,58.39,84.87
21.86,21.86,70.72,59.03,85.05
23.34,23.34,68.58,56.76,84.77
24.52,24.52,72.48,56.51,84.54
22.05,22.05,73.12,55.33,83.43
23.61,23.61,70.53,53.32,84.58
25.60,25.60,62.81,52.69,86.81
24.72,24.72,62.71,49.95,87.96
25.74,25.74,65.16,50.47,87.35
24.47,24.47,65.57,51.49,88.38
27.51,27.51,65.19,53.95,86.91
29.67,29.67,62.20,49.96,86.08
30.42,30.42,60.74,53.69,86.23
28.02,28.02,61.47,50.53,86.95
25.89,25.89,60.38,48.97,85.86
24.90,24.90,57.92,49.25,85.19
26.42,26.42,58.52,49.52,86.83
26.64,26.64,58.21,47.24,84.72
26.58,26.58,57.06,46.12,86.17
26.47,26.47,60.01,50.97,84.72
26.50,26.50,57.52,48.13,84.59
21.72,21.72,55.14,41.90,83.21
16.13,16.13,51.05,42.10,83.69
8.99,8.99,62.60,47.33,80.22
9.20,9.20,88.41,57.03,80.90
12.93,12.93,88.51,47.95,81.47
19.59,19.59,80.82,51.12,84.19
23.91,23.91,82.83,54.00,82.81
26.07,26.07,77.51,55.89,84.58
25.39,25.39,76.61,57.14,85.60
24.48,24.48,71.29,55.04,85.70
24.26,24.26,72.51,53.60,87.78
24.18,24.18,68.73,51.31,84.59
26.20,26.20,75.78,52.24,87.49
25.66,25.66,84.47,52.35,85.53
22.20,22.20,86.65,48.76,84.48
22.38,22.38,76.75,48.03,86.55
24.04,24.04,79.63,53.13,87.31
25.65,25.65,74.97,53.91,88.72
25.56,25.56,73.56,50.92,88.95
25.22,25.22,72.82,54.19,88.84
24.90,24.90,69.24,50.59,88.58
21.87,21.87,67.22,52.71,89.69
21.52,21.52,71.04,48.25,89.73
24.86,24.86,82.94,52.57,88.81
28.18,28.18,77.73,60.28,89.24
28.55,28.55,79.18,60.67,86.90
27.64,27.64,81.02,61.81,86.65
28.18,28.18,81.21,64.87,87.94
28.01,28.01,83.96,67.89,84.86
24.77,24.77,85.20,67.21,84.21
23.64,23.64,78.09,68.40,83.15
24.85,24.85,76.13,70.76,83.52
26.66,26.66,76.36,69.88,82.78
26.83,26.83,75.19,68.89,83.16
25.75,25.75,75.87,69.97,84.71
22.71,22.71,82.61,72.25,84.88
25.95,25.95,80.84,71.61,84.86
27.87,27.87,82.36,71.32,85.30
27.53,27.53,72.80,71.91,82.24
25.31,25.31,80.95,73.29,80.96
24.09,24.09,75.84,71.53,84.25
22.05,22.05,79.11,68.77,83.24
18.51,18.51,80.84,63.37,82.84
17.17,17.17,82.40,57.49,81.13
13.41,13.41,86.55,50.10,84.17
15.25,15.25,87.42,58.65,83.66
16.13,16.13,85.67,56.10,82.99
12.92,12.92,85.74,49.52,82.89
12.11,12.11,85.20,48.23,83.50
13.57,13.57,84.88,53.11,83.18
16.50,16.50,85.09,54.99,82.31
17.45,17.45,84.83,63.33,81.62
20.03,20.03,83.17,61.14,82.53
19.47,19.47,81.40,62.19,81.47
19.65,19.65,81.30,64.15,83.20
22.42,22.42,80.64,68.89,84.39
23.85,23.85,76.75,68.02,85.64
27.36,27.36,75.41,67.56,86.06
26.55,26.55,75.20,68.51,86.29
26.95,26.95,73.98,71.39,85.96
28.37,28.37,67.46,72.00,84.87
26.06,26.06,71.39,72.76,83.65
24.09,24.09,74.05,72.43,84.99
26.39,26.39,70.82,71.95,84.76
25.90,25.90,64.10,70.49,86.01
22.96,22.96,62.98,70.66,86.15
25.10,25.10,58.76,70.43,87.37
22.98,22.98,63.13,69.34,87.35
22.06,22.06,64.63,71.32,88.11
20.31,20.31,59.18,70.57,86.87
20.45,20.45,58.95,70.71,88.25
22.63,22.63,63.91,73.87,85.37
23.25,23.25,59.68,72.32,87.20
25.62,25.62,61.68,72.35,86.15
25.36,25.36,59.25,72.95,84.32
25.61,25.61,56.31,71.02,85.29
24.46,24.46,59.34,71.43,86.62
24.05,24.05,53.45,72.66,88.92
22.04,22.04,52.05,74.33,89.08
22.37,22.37,56.20,74.83,88.21
18.86,18.86,68.76,74.43,87.08
13.39,13.39,75.53,73.70,86.57
16.62,16.62,87.15,71.54,82.38
16.04,16.04,87.15,69.98,81.84
22.71,22.71,81.21,71.56,87.18
26.09,26.09,81.77,71.77,85.23
26.63,26.63,78.22,65.10,86.38
26.61,26.61,75.82,58.23,87.28
26.58,26.58,72.91,58.46,84.28
25.37,25.37,73.31,59.42,85.50
26.56,26.56,69.35,58.29,84.83
23.93,23.93,70.39,57.32,86.00
26.37,26.37,68.33,59.66,84.57
25.04,25.04,62.58,59.96,83.61
23.39,23.39,69.01,56.54,83.96
27.35,27.35,67.69,60.95,81.73
25.44,25.44,68.73,65.28,81.71
27.18,27.18,63.13,64.16,82.70
24.49,24.49,60.74,58.17,81.72
23.82,23.82,57.09,53.63,82.60
21.98,21.98,64.86,60.09,86.50
21.99,21.99,61.69,60.53,83.32
20.67,20.67,61.87,58.41,85.48
23.54,23.54,61.42,51.77,83.96
26.12,26.12,64.01,52.41,85.38
25.79,25.79,59.47,57.97,86.95
26.54,26.54,51.51,59.88,84.35
25.94,25.94,50.11,58.45,87.03
25.72,25.72,51.13,54.61,85.03
23.42,23.42,48.91,60.34,85.13
23.63,23.63,56.22,63.33,83.21
23.55,23.55,59.78,64.02,84.52
27.05,27.05,55.50,63.12,82.85
26.18,26.18,53.80,62.20,85.30
24.01,24.01,44.27,63.62,81.94
24.40,24.40,46.41,62.18,84.23
22.24,22.24,53.22,62.47,82.83
26.28,26.28,49.97,60.56,80.63
26.20,26.20,48.49,62.17,83.56
25.59,25.59,50.11,59.96,82.28
17.98,17.98,54.88,50.87,82.81
9.91,9.91,58.41,46.92,82.80
16.42,16.42,81.17,58.81,86.45
7.07,7.07,88.23,60.84,81.97
11.49,11.49,85.49,59.48,85.13
15.26,15.26,86.15,60.62,83.61
14.96,14.96,84.26,59.65,83.53
12.73,12.73,85.04,60.19,82.95
14.17,14.17,86.02,59.44,84.69
17.46,17.46,86.01,58.74,86.99
19.33,19.33,81.07,58.90,87.37
21.49,21.49,83.18,59.72,86.75
24.95,24.95,84.93,58.40,84.94
25.72,25.72,82.23,59.33,85.35
26.13,26.13,83.51,59.30,83.27
26.00,26.00,78.88,58.82,83.85
25.73,25.73,74.74,57.90,80.67
24.01,24.01,78.12,60.46,82.89
23.01,23.01,75.20,61.98,82.27
22.28,22.28,73.09,61.54,85.01
18.64,18.64,77.36,54.08,85.90
21.11,21.11,78.30,58.98,87.88
21.74,21.74,73.82,53.36,87.81
24.32,24.32,69.69,57.42,85.81
24.06,24.06,64.95,56.67,86.35
25.35,25.35,65.28,61.19,86.63
24.70,24.70,70.23,58.69,87.23
25.83,25.83,70.85,60.93,89.33
24.95,24.95,67.83,60.79,87.38
23.61,23.61,65.04,56.32,88.54
21.54,21.54,73.81,62.02,86.57
21.69,21.69,68.93,62.36,88.70
19.77,19.77,73.42,62.41,86.44
21.89,21.89,68.12,62.13,88.62
25.50,25.50,63.02,63.40,87.92
23.15,23.15,67.67,58.18,87.51
24.51,24.51,67.13,56.66,85.30
23.95,23.95,65.04,51.64,87.16
25.02,25.02,63.29,61.95,82.45
20.10,20.10,61.36,58.51,83.71
10.16,10.16,68.85,57.00,84.17
11.61,11.61,85.29,57.69,82.25
14.54,14.54,88.25,50.14,83.34
21.25,21.25,82.48,53.00,84.04
24.10,24.10,81.89,55.32,83.98
21.73,21.73,77.81,56.09,85.73
21.27,21.27,72.44,59.95,87.82
19.94,19.94,74.10,59.38,87.17
17.94,17.94,71.32,56.33,87.50
15.31,15.31,70.27,58.83,85.88
12.99,12.99,72.79,50.36,84.35
14.01,14.01,83.06,54.39,85.46
14.94,14.94,86.44,54.30,85.13
18.87,18.87,79.93,56.08,84.08
20.13,20.13,80.35,53.72,83.06
21.64,21.64,76.58,58.00,81.02
21.18,21.18,73.84,57.06,81.67
21.79,21.79,72.85,53.73,83.71
21.18,21.18,67.96,52.08,84.89
18.24,18.24,68.49,47.68,85.62
19.49,19.49,72.71,46.09,84.68
21.78,21.78,83.23,51.95,84.54
21.58,21.58,81.27,61.32,85.69
22.82,22.82,78.18,61.68,85.97
21.90,21.90,81.51,58.41,88.01
20.62,20.62,82.66,61.00,85.55
18.52,18.52,85.18,60.98,82.98
18.46,18.46,84.12,56.47,82.64
17.13,17.13,81.41,51.65,82.43
17.44,17.44,78.55,57.79,85.62
18.91,18.91,80.81,60.53,82.68
19.32,19.32,75.81,61.08,82.78
20.38,20.38,75.54,61.62,82.31
23.07,23.07,82.21,60.96,80.72
21.27,21.27,80.84,60.58,81.16
20.15,20.15,80.35,62.84,80.80
19.87,19.87,79.41,62.25,81.36
18.63,18.63,77.87,61.29,81.29
18.23,18.23,79.34,57.18,83.33
17.07,17.07,78.94,58.61,82.00
13.02,13.02,80.45,52.99,83.77
16.78,16.78,74.57,56.22,85.14
11.53,11.53,88.11,60.96,82.11
11.56,11.56,86.69,60.67,81.03
12.43,12.43,85.34,60.14,84.41
13.18,13.18,86.06,61.73,84.96
10.82,10.82,86.43,60.30,81.23
12.97,12.97,85.43,55.60,83.29
13.59,13.59,85.49,58.01,84.81
15.59,15.59,84.45,56.66,84.94
17.43,17.43,83.11,53.91,82.43
15.85,15.85,83.39,55.73,82.93
15.34,15.34,82.35,59.30,78.87
14.80,14.80,81.15,58.82,79.50
16.67,16.67,76.95,57.94,81.91
16.08,16.08,76.17,53.04,82.01
17.60,17.60,76.14,57.38,83.51
16.67,16.67,72.86,58.84,83.62
16.30,16.30,67.99,57.63,82.24
15.25,15.25,68.90,65.07,83.64
12.65,12.65,72.95,66.58,85.22
15.42,15.42,69.82,67.73,86.79
16.48,16.48,72.08,64.61,88.05
15.67,15.67,72.21,62.40,86.26
14.59,14.59,72.99,61.87,86.19
12.08,12.08,74.02,56.42,87.75
13.56,13.56,68.51,60.28,88.54
14.47,14.47,74.46,58.77,87.15
12.99,12.99,79.32,60.93,86.18
13.81,13.81,72.90,64.99,88.45
14.90,14.90,78.75,65.63,88.37
15.64,15.64,82.31,63.68,85.32
12.04,12.04,77.81,63.96,86.87
14.45,14.45,80.74,65.31,87.71
15.59,15.59,78.94,66.10,86.98
13.85,13.85,72.38,66.63,85.43
16.88,16.88,82.62,64.42,84.94
15.68,15.68,77.27,56.12,81.71
12.74,12.74,77.90,55.86,82.02
10.15,10.15,76.57,59.11,82.91
16.98,16.98,85.55,66.79,81.70
17.56,17.56,88.18,61.22,82.34
21.80,21.80,81.41,60.40,85.88
25.32,25.32,85.53,60.85,86.71
28.33,28.33,79.28,63.35,86.18
32.55,32.55,75.79,59.30,83.88
29.68,29.68,82.37,61.15,83.89
30.79,30.79,70.01,60.82,85.91
31.77,31.77,70.75,63.14,84.96
29.95,29.95,71.07,66.59,85.35
28.52,28.52,79.46,68.00,85.81
29.88,29.88,69.19,61.47,84.13
29.04,29.04,74.35,61.11,87.16
31.33,31.33,62.54,64.21,86.29
32.10,32.10,66.70,56.31,85.42
34.24,34.24,69.72,50.66,86.52
32.42,32.42,64.12,60.32,85.84
31.69,31.69,68.03,59.92,84.41
31.74,31.74,67.80,60.77,84.98
31.55,31.55,70.15,59.23,82.38
32.89,32.89,62.02,56.69,84.35
31.99,31.99,67.43,56.56,84.96
31.61,31.61,68.73,61.32,84.66
31.34,31.34,62.92,64.91,86.53
32.63,32.63,63.00,66.46,86.05
31.15,31.15,58.90,67.84,83.94
29.64,29.64,55.57,67.08,84.60
29.05,29.05,49.85,69.29,87.09
29.10,29.10,47.51,70.58,83.34
29.15,29.15,53.82,69.01,84.63
30.02,30.02,59.19,69.28,85.80
32.14,32.14,58.86,71.44,84.73
33.05,33.05,61.29,71.26,80.63
31.56,31.56,56.07,71.11,83.16
28.22,28.22,48.43,71.73,82.83
34.76,34.76,50.88,71.67,84.68
31.05,31.05,56.13,73.01,84.88
30.19,30.19,60.30,74.93,84.76
20.62,20.62,63.12,73.86,82.62
13.47,13.47,73.31,68.84,84.68
16.63,16.63,84.04,67.39,84.06
7.29,7.29,90.14,63.59,80.40
15.71,15.71,85.89,58.67,84.26
21.06,21.06,86.35,56.38,84.34
23.45,23.45,83.85,50.36,86.14
22.46,22.46,83.35,59.46,84.89
23.07,23.07,84.00,58.39,84.38
23.45,23.45,84.44,51.78,85.85
20.52,20.52,80.69,58.70,84.67
21.32,21.32,85.41,63.17,86.60
22.68,22.68,84.43,60.79,85.05
24.08,24.08,82.26,64.11,81.12
24.67,24.67,82.54,68.47,83.41
22.60,22.60,82.21,67.95,84.99
23.22,23.22,75.67,65.26,83.38
24.68,24.68,74.57,68.04,84.13
22.73,22.73,76.95,70.02,83.90
25.10,25.10,67.55,70.28,85.01
22.94,22.94,77.57,68.47,84.93
22.86,22.86,75.65,64.90,83.89
23.90,23.90,67.47,64.57,84.75
24.65,24.65,71.87,70.09,88.02
25.85,25.85,67.58,70.61,86.91
26.20,26.20,65.53,70.40,87.65
29.19,29.19,66.59,70.99,88.90
28.84,28.84,70.74,70.21,87.50
30.26,30.26,69.18,68.23,88.04
28.62,28.62,69.40,69.74,87.81
27.35,27.35,72.65,69.98,86.74
23.87,23.87,67.23,68.87,87.09
23.37,23.37,68.24,66.69,84.52
27.21,27.21,68.66,65.62,83.93
27.52,27.52,67.72,66.72,87.47
29.01,29.01,63.06,64.68,86.82
26.47,26.47,67.33,66.52,83.63
28.70,28.70,60.58,61.28,83.53
28.68,28.68,61.01,60.68,86.60
23.61,23.61,66.02,59.66,84.82
18.84,18.84,68.45,57.16,84.42
15.26,15.26,80.29,57.45,83.50
13.62,13.62,89.34,56.10,83.18
22.38,22.38,81.25,57.60,86.16
26.27,26.27,84.19,58.28,83.87
27.95,27.95,77.70,57.38,84.82
28.69,28.69,72.74,58.72,86.24
28.36,28.36,75.61,62.47,82.14
26.86,26.86,73.75,61.66,87.02
25.61,25.61,70.08,57.12,86.07
24.31,24.31,74.19,57.92,86.87
26.82,26.82,80.36,53.50,86.47
26.26,26.26,86.95,53.64,84.29
27.56,27.56,81.35,53.51,88.34
28.02,28.02,82.64,54.10,88.88
26.59,26.59,74.00,52.50,89.42
26.65,26.65,75.04,58.94,89.52
28.52,28.52,72.03,57.17,89.76
29.12,29.12,67.05,58.67,90.86
25.77,25.77,59.42,56.55,90.46
24.75,24.75,68.86,53.95,90.75
25.80,25.80,81.37,50.26,89.62
25.52,25.52,81.09,51.97,90.55
31.00,31.00,77.35,48.47,90.22
32.33,32.33,83.11,48.32,88.22
33.79,33.79,80.31,47.10,88.37
31.85,31.85,84.76,49.07,86.41
30.11,30.11,83.34,48.28,85.45
28.40,28.40,80.59,51.61,84.91
29.85,29.85,78.80,52.17,83.69
30.85,30.85,80.35,57.09,83.63
32.31,32.31,74.80,53.16,83.53
29.26,29.26,77.85,57.04,86.16
30.95,30.95,81.07,58.81,85.32
30.19,30.19,77.08,60.68,84.73
28.02,28.02,81.90,61.61,83.81
33.08,33.08,79.03,56.58,83.31
31.33,31.33,74.48,59.15,82.07
27.19,27.19,79.06,53.27,81.61
25.98,25.98,76.43,56.26,83.85
18.39,18.39,80.81,51.44,82.63
18.55,18.55,76.43,48.04,83.13
13.09,13.09,87.89,55.95,82.79
15.70,15.70,85.45,47.68,84.32
17.63,17.63,86.42,54.15,85.48
17.25,17.25,86.40,50.92,84.42
19.34,19.34,85.23,47.64,85.31
21.92,21.92,85.10,47.89,87.39
23.37,23.37,85.30,47.23,88.36
21.48,21.48,85.70,55.11,85.53
20.84,20.84,83.80,55.11,84.80
22.97,22.97,81.26,49.94,87.76
23.37,23.37,82.07,55.63,88.21
22.66,22.66,82.30,59.74,86.00
25.61,25.61,78.71,58.83,85.72
30.13,30.13,73.53,54.73,86.70
27.32,27.32,76.89,59.30,87.66
27.63,27.63,73.18,55.95,87.53
29.59,29.59,63.86,54.54,84.32
27.84,27.84,70.75,56.51,83.44
24.99,24.99,73.33,59.89,84.87
26.94,26.94,68.66,63.51,84.58
26.93,26.93,78.16,62.17,83.92
30.03,30.03,75.14,61.90,88.53
29.27,29.27,73.69,62.49,87.31
31.99,31.99,76.04,63.49,85.42
29.82,29.82,68.45,66.64,86.37
28.73,28.73,73.02,68.03,85.81
28.70,28.70,77.41,65.57,87.74
27.83,27.83,72.26,63.98,87.20
24.49,24.49,75.74,62.68,86.57
25.50,25.50,82.53,58.77,85.56
28.69,28.69,78.80,59.80,87.05
29.07,29.07,78.47,64.75,85.43
32.12,32.12,79.52,67.20,85.99
27.88,27.88,72.60,63.78,87.13
28.13,28.13,78.28,63.22,86.98
28.78,28.78,77.47,67.46,85.40
24.06,24.06,78.81,61.54,86.18
20.62,20.62,77.68,59.53,85.98
19.47,19.47,83.94,68.14,84.70
18.44,18.44,85.99,66.63,84.33
21.33,21.33,84.48,63.52,85.66
24.22,24.22,82.24,61.24,86.85
24.16,24.16,80.92,60.11,85.45
27.41,27.41,76.32,63.63,86.50
28.61,28.61,81.86,59.53,83.74
27.18,27.18,73.65,59.31,84.70
26.65,26.65,71.92,63.51,87.87
26.81,26.81,73.03,61.08,86.65
28.02,28.02,77.51,63.05,84.93
28.26,28.26,73.70,58.68,84.16
27.72,27.72,76.38,51.49,86.75
25.02,25.02,70.69,61.34,85.44
27.62,27.62,62.63,59.10,82.92
26.83,26.83,72.05,58.89,82.02
27.50,27.50,68.47,61.86,83.92
25.31,25.31,65.98,55.40,83.12
22.94,22.94,68.70,58.25,84.52
22.73,22.73,70.13,61.48,83.54
21.41,21.41,64.58,59.95,84.85
22.38,22.38,67.29,59.57,86.62
22.94,22.94,70.18,59.23,85.76
25.69,25.69,62.37,62.04,85.40
24.63,24.63,60.00,63.98,88.75
25.69,25.69,56.98,63.60,85.82
26.83,26.83,56.30,61.65,87.09
27.41,27.41,63.56,63.56,83.31
26.65,26.65,57.04,66.06,84.16
26.85,26.85,57.33,65.26,84.80
27.77,27.77,63.23,63.06,81.74
27.74,27.74,56.26,63.83,82.59
26.59,26.59,61.06,64.84,81.43
26.05,26.05,52.85,65.00,81.29
25.46,25.46,45.86,65.25,83.33
29.58,29.58,46.38,65.62,81.08
29.96,29.96,52.93,67.25,83.15
32.79,32.79,57.17,68.01,83.13
27.17,27.17,60.49,63.87,81.11
13.95,13.95,59.93,61.61,83.65
15.32,15.32,71.85,62.70,85.04
7.20,7.20,88.82,60.23,83.21
9.26,9.26,85.30,51.90,84.66
12.43,12.43,85.68,41.53,81.97
14.95,14.95,85.19,42.58,82.56
14.41,14.41,84.03,53.37,83.05
15.56,15.56,85.69,53.85,87.57
16.67,16.67,85.53,48.78,84.63
18.35,18.35,82.32,52.38,84.83
19.08,19.08,84.04,59.31,84.31
18.18,18.18,85.27,58.12,88.03
22.25,22.25,83.80,59.47,84.23
20.71,20.71,83.57,61.91,83.82
19.88,19.88,82.75,62.41,82.64
20.77,20.77,78.58,63.46,82.44
18.94,18.94,75.95,60.51,80.34
17.49,17.49,78.09,60.42,81.23
16.95,16.95,67.50,64.36,84.17
18.00,18.00,74.63,63.27,87.17
19.68,19.68,74.20,63.06,88.66
19.71,19.71,75.80,64.07,87.82
20.63,20.63,73.72,62.91,86.42
20.00,20.00,61.04,64.38,88.13
19.87,19.87,60.30,64.94,88.89
21.59,21.59,60.47,66.39,87.68
20.46,20.46,69.95,66.67,88.59
21.48,21.48,65.73,64.52,87.13
21.89,21.89,63.20,65.26,88.04
19.28,19.28,69.93,66.86,88.04
16.90,16.90,65.54,67.14,89.09
16.82,16.82,65.40,68.89,86.73
18.16,18.16,65.12,69.65,87.57
19.44,19.44,58.88,69.99,86.99
21.65,21.65,61.26,69.54,89.19
19.44,19.44,67.24,66.74,86.98
20.36,20.36,62.59,66.65,86.21
21.13,21.13,57.75,68.46,85.02
18.48,18.48,60.56,66.97,84.82
13.75,13.75,69.90,62.48,83.78
10.84,10.84,75.44,61.83,84.63
4.50,4.50,89.12,56.55,83.25
7.85,7.85,86.03,57.11,81.68
15.58,15.58,82.87,59.71,82.68
17.67,17.67,78.67,61.34,84.98
19.57,19.57,75.14,61.45,86.59
19.98,19.98,73.66,60.94,86.70
19.55,19.55,72.47,61.36,87.27
17.18,17.18,71.60,59.47,86.42
12.21,12.21,68.64,55.98,85.02
11.93,11.93,80.71,55.03,84.32
10.20,10.20,85.71,58.43,86.01
10.37,10.37,82.30,60.22,84.84
13.37,13.37,81.18,61.35,84.93
12.38,12.38,78.96,62.05,81.12
16.31,16.31,76.53,59.38,77.21
18.12,18.12,75.74,59.38,82.72
19.81,19.81,70.86,54.73,82.88
16.56,16.56,65.61,50.30,86.08
12.99,12.99,66.80,48.34,83.82
13.97,13.97,80.21,48.98,82.53
13.27,13.27,83.27,63.17,84.60
15.95,15.95,77.89,67.61,85.15
15.05,15.05,84.55,67.41,83.36
13.77,13.77,81.37,69.55,85.42
15.68,15.68,83.14,69.73,85.34
14.62,14.62,84.72,68.71,80.66
12.77,12.77,84.70,67.33,81.22
11.74,11.74,79.75,69.03,82.80
14.89,14.89,80.42,68.51,83.26
15.56,15.56,76.42,68.20,82.47
16.36,16.36,78.88,68.46,80.57
17.80,17.80,78.75,70.03,80.21
15.19,15.19,81.74,69.26,81.16
15.70,15.70,81.64,69.82,78.66
16.76,16.76,78.52,69.41,80.45
15.19,15.19,76.63,70.80,81.57
15.33,15.33,81.51,70.01,82.22
13.69,13.69,75.72,67.19,83.94
5.97,5.97,81.97,61.94,83.19
13.30,13.30,74.56,52.77,80.19
7.80,7.80,87.12,53.24,80.62
4.38,4.38,86.39,43.22,80.89
5.66,5.66,88.07,44.99,80.20
9.78,9.78,86.44,46.30,81.76
9.47,9.47,86.50,54.80,82.59
9.62,9.62,86.21,55.97,84.47
8.02,8.02,85.60,55.51,84.82
10.38,10.38,85.77,53.87,84.12
9.30,9.30,85.88,55.74,83.97
10.82,10.82,83.20,54.15,82.81
10.90,10.90,82.14,53.97,80.79
10.42,10.42,82.99,60.33,78.88
10.98,10.98,81.03,58.05,81.15
10.26,10.26,77.04,61.17,81.41
9.48,9.48,76.30,64.43,83.35
8.66,8.66,76.24,67.27,83.47
7.93,7.93,71.64,68.89,80.70
6.60,6.60,66.67,68.93,84.20
6.59,6.59,74.34,69.61,85.07
11.92,11.92,73.16,69.21,86.81
16.98,16.98,72.03,67.95,87.81
14.96,14.96,74.66,65.83,87.57
14.33,14.33,73.80,65.37,86.04
11.64,11.64,76.15,63.79,86.29
12.16,12.16,71.48,57.19,86.83
11.65,11.65,70.61,58.19,85.31
9.74,9.74,76.36,60.20,85.59
9.66,9.66,74.76,63.10,85.77
10.92,10.92,75.81,65.13,86.63
11.83,11.83,79.80,63.15,84.57
11.46,11.46,81.99,61.91,86.00
12.37,12.37,76.81,64.87,86.13
13.43,13.43,82.65,66.40,85.61
12.43,12.43,74.23,66.75,84.91
12.12,12.12,77.11,67.34,83.48
13.09,13.09,77.71,64.46,83.21
11.47,11.47,79.38,53.91,84.58
8.74,8.74,76.32,57.36,84.95
12.32,12.32,80.85,58.83,85.54
13.72,13.72,88.48,54.67,84.44
17.84,17.84,84.84,48.05,85.15
19.60,19.60,83.58,46.25,85.05
21.44,21.44,78.39,48.31,85.61
20.64,20.64,77.22,52.42,85.96
20.80,20.80,83.52,51.72,85.15
21.59,21.59,73.20,46.63,83.52
22.19,22.19,67.18,50.91,84.93
23.50,23.50,76.02,53.21,84.93
22.52,22.52,75.76,53.61,85.20
20.30,20.30,71.69,45.53,85.17
20.94,20.94,74.55,49.53,86.45
21.75,21.75,72.62,52.40,86.92
22.83,22.83,61.95,53.04,85.83
23.87,23.87,68.61,54.95,87.61
23.31,23.31,66.68,53.50,85.78
20.51,20.51,59.74,48.56,83.94
18.44,18.44,65.81,49.09,85.36
18.80,18.80,68.51,52.03,84.80
18.62,18.62,61.75,49.24,85.06
19.08,19.08,66.17,49.79,88.21
21.41,21.41,69.00,45.15,85.09
23.83,23.83,63.40,49.79,86.27
23.21,23.21,61.63,52.91,84.05
23.19,23.19,61.11,51.63,83.47
23.70,23.70,53.94,52.35,85.80
23.45,23.45,57.12,49.84,82.30
23.66,23.66,53.37,50.03,87.16
21.94,21.94,53.40,48.09,84.86
18.86,18.86,61.13,51.05,86.37
17.99,17.99,54.72,50.67,87.48
19.85,19.85,59.75,53.69,85.74
20.46,20.46,54.63,52.59,85.33
20.53,20.53,48.29,49.23,85.98
20.58,20.58,49.22,43.89,86.89
21.73,21.73,46.31,44.48,86.20
24.49,24.49,54.85,48.85,84.10
19.69,19.69,57.67,53.22,86.72
14.19,14.19,59.96,48.45,87.38
13.49,13.49,65.50,51.13,84.66
10.47,10.47,88.82,57.35,85.64
10.24,10.24,85.98,47.50,85.78
16.15,16.15,85.68,52.18,84.45
18.48,18.48,83.91,46.99,85.02
16.57,16.57,82.77,52.30,83.92
14.86,14.86,82.95,56.77,82.09
15.44,15.44,84.73,53.09,85.60
16.21,16.21,81.50,54.64,83.43
14.96,14.96,83.62,52.32,82.30
15.08,15.08,83.92,56.09,84.79
16.51,16.51,83.87,50.56,83.86
17.96,17.96,80.57,55.32,84.36
17.68,17.68,83.91,51.78,84.55
18.99,18.99,77.11,47.96,84.55
19.64,19.64,73.81,44.04,82.78
21.45,21.45,81.33,48.29,84.30
19.34,19.34,65.19,56.04,84.47
20.30,20.30,72.14,57.42,86.06
19.69,19.69,73.99,53.76,85.50
20.79,20.79,74.32,46.32,83.74
22.97,22.97,71.57,50.78,84.81
25.57,25.57,66.29,52.43,86.96
24.68,24.68,60.33,52.05,88.90
26.39,26.39,65.78,51.34,87.21
24.00,24.00,68.31,42.98,88.80
27.11,27.11,73.63,53.35,86.55
27.90,27.90,64.89,48.06,85.09
28.73,28.73,64.08,50.13,85.37
28.33,28.33,73.28,47.32,87.02
25.49,25.49,68.08,50.61,84.79
22.99,22.99,67.02,51.57,87.38
25.24,25.24,59.82,50.49,86.40
30.75,30.75,58.25,53.89,85.34
29.60,29.60,67.03,56.60,84.92
28.03,28.03,63.39,56.66,84.69
28.47,28.47,58.69,55.03,84.22
22.59,22.59,60.00,54.06,83.21
17.37,17.37,58.61,49.72,83.86
10.92,10.92,68.24,50.94,82.59
10.88,10.88,88.68,50.84,82.35
16.57,16.57,87.58,49.59,83.90
22.64,22.64,81.74,47.61,85.39
25.34,25.34,79.61,50.53,84.82
25.47,25.47,77.82,55.19,86.04
24.67,24.67,72.70,53.68,84.50
25.77,25.77,75.54,58.83,86.66
25.58,25.58,68.45,57.15,86.60
22.60,22.60,69.30,53.31,84.50
20.28,20.28,75.46,51.14,86.91
19.60,19.60,86.31,51.52,85.45
17.71,17.71,84.51,47.14,86.14
18.63,18.63,80.73,49.05,87.91
23.64,23.64,78.16,50.38,87.23
23.18,23.18,75.95,51.88,87.14
23.17,23.17,73.22,52.17,87.79
23.99,23.99,70.48,55.00,87.54
22.59,22.59,59.23,46.61,90.11
19.31,19.31,68.56,50.71,87.47
20.72,20.72,74.27,49.72,89.69
23.18,23.18,83.21,49.76,84.55
23.50,23.50,79.68,52.74,88.71
23.70,23.70,81.25,55.18,85.51
22.09,22.09,80.12,56.81,86.54
22.22,22.22,83.29,58.40,84.90
21.77,21.77,83.86,60.55,84.45
21.53,21.53,84.64,61.23,84.92
21.34,21.34,79.68,59.64,85.04
22.59,22.59,78.47,61.68,84.47
23.66,23.66,76.82,62.66,82.06
22.76,22.76,78.77,60.11,83.93
21.28,21.28,78.35,61.84,84.46
21.27,21.27,80.41,60.08,84.06
21.62,21.62,79.60,61.52,83.56
22.59,22.59,81.46,56.03,83.57
22.74,22.74,73.19,62.68,82.62
22.72,22.72,81.07,64.51,81.80
19.72,19.72,76.36,62.42,84.88
17.97,17.97,80.48,60.92,81.69
14.50,14.50,74.00,54.58,84.67
13.40,13.40,82.77,58.41,82.98
12.73,12.73,86.60,60.15,81.61
14.72,14.72,86.53,57.73,84.10
17.82,17.82,85.15,52.38,84.40
16.93,16.93,85.10,56.56,86.25
16.19,16.19,85.68,50.54,86.15
16.82,16.82,84.99,52.88,83.53
18.85,18.85,84.94,55.94,84.77
19.57,19.57,83.28,50.77,87.61
21.40,21.40,82.05,53.54,83.50
22.94,22.94,82.53,51.76,85.83
27.44,27.44,81.91,60.09,85.44
29.51,29.51,79.31,57.80,83.66
28.06,28.06,74.74,49.47,85.71
28.16,28.16,76.35,56.48,84.96
25.50,25.50,75.43,61.36,83.57
26.22,26.22,70.43,55.21,84.34
25.71,25.71,66.31,52.98,83.03
26.47,26.47,70.20,58.31,84.38
25.60,25.60,73.11,62.55,83.27
23.61,23.61,73.43,63.86,85.64
22.54,22.54,73.70,61.91,88.67
22.88,22.88,72.96,66.43,86.55
21.99,21.99,73.47,67.31,86.40
20.61,20.61,73.82,70.74,84.70
22.96,22.96,72.15,72.73,82.80
23.32,23.32,75.97,73.79,82.40
20.71,20.71,72.28,72.76,85.26
20.38,20.38,68.61,69.37,85.99
20.00,20.00,78.53,69.53,81.65
23.11,23.11,81.04,68.24,85.21
23.27,23.27,76.45,72.33,85.01
23.40,23.40,81.17,72.86,85.61
22.51,22.51,76.32,72.02,85.23
18.53,18.53,74.33,72.73,84.60
15.81,15.81,79.09,73.42,84.14
14.59,14.59,76.74,70.79,85.37
10.61,10.61,75.41,68.28,85.00
6.35,6.35,74.26,68.31,83.83
3.23,3.23,77.45,71.65,84.26
4.80,4.80,81.51,74.27,83.11
5.69,5.69,87.27,74.46,80.61
12.82,12.82,80.55,74.46,84.25
16.10,16.10,84.17,77.02,82.46
17.47,17.47,84.52,80.15,81.63
15.48,15.48,82.25,81.94,79.77
12.41,12.41,76.22,81.61,82.03
7.79,7.79,85.57,82.08,80.73
11.29,11.29,79.73,80.65,81.44
19.89,19.89,81.47,81.17,80.47
18.42,18.42,81.82,82.18,79.29
11.66,11.66,81.24,82.10,77.89
4.97,4.97,84.02,82.70,78.30
5.42,5.42,86.87,84.48,75.65
6.52,6.52,88.53,84.84,74.80
9.05,9.05,87.26,85.38,75.99
10.25,10.25,87.04,84.24,75.06
11.52,11.52,86.99,83.27,76.76
11.39,11.39,83.56,82.12,75.61
11.74,11.74,67.76,78.78,79.47
13.07,13.07,76.26,80.32,79.25
13.79,13.79,82.66,80.15,82.00
12.27,12.27,79.62,79.06,79.65
11.44,11.44,81.91,79.47,78.41
13.47,13.47,85.92,82.56,79.24
14.18,14.18,79.31,83.47,79.53
14.34,14.34,83.94,83.87,76.98
14.43,14.43,83.94,83.97,77.71
13.65,13.65,83.40,83.29,76.13
14.24,14.24,79.60,81.50,79.65
14.19,14.19,84.79,80.86,77.23
16.76,16.76,76.69,79.05,79.37
19.13,19.13,80.93,79.90,78.49
16.44,16.44,82.70,80.82,79.95
14.05,14.05,79.22,78.28,76.44
14.47,14.47,75.61,76.81,82.13
14.64,14.64,69.34,76.11,75.95
12.94,12.94,77.91,75.29,81.95
9.65,9.65,79.74,75.72,76.34
12.09,12.09,71.77,73.30,82.44
12.44,12.44,73.64,71.88,77.89
9.16,9.16,80.12,74.90,79.57
11.09,11.09,77.67,73.85,79.45
14.57,14.57,79.07,72.97,76.42
16.61,16.61,76.98,70.50,78.07
18.35,18.35,72.62,69.62,76.40
17.77,17.77,66.54,63.38,75.56
14.12,14.12,64.15,58.23,74.00
13.04,13.04,63.83,65.95,75.18
13.25,13.25,71.42,66.02,76.37
12.19,12.19,73.52,66.46,76.06
12.16,12.16,67.20,65.71,76.51
14.58,14.58,71.34,63.06,77.16
16.25,16.25,63.08,58.79,80.11
19.73,19.73,65.94,51.91,79.71
18.69,18.69,66.34,49.71,81.99
16.91,16.91,69.69,63.08,81.78
17.60,17.60,77.31,66.36,81.08
20.33,20.33,64.79,63.67,84.04
23.88,23.88,65.63,57.27,84.70
23.29,23.29,71.32,59.34,86.76
17.23,17.23,67.44,58.61,86.23
16.98,16.98,69.47,59.41,86.06
14.69,14.69,64.58,63.48,86.05
15.83,15.83,68.68,66.33,82.25
16.08,16.08,64.24,65.72,82.42
16.40,16.40,63.23,65.35,83.13
17.95,17.95,62.58,65.42,81.77
19.18,19.18,68.29,66.12,82.06
20.15,20.15,66.65,63.69,83.51
19.92,19.92,66.07,65.17,81.45
20.83,20.83,69.54,63.70,83.59
23.63,23.63,63.62,63.21,82.43
24.33,24.33,68.62,65.53,82.71
25.59,25.59,71.36,65.97,81.37
27.26,27.26,64.19,63.78,81.79
26.96,26.96,61.92,62.79,81.38
25.62,25.62,70.59,60.55,79.76
22.35,22.35,63.97,55.97,79.29
19.80,19.80,67.08,55.09,81.74
16.21,16.21,60.82,54.85,79.52
17.08,17.08,61.89,56.20,84.04
18.83,18.83,61.93,57.95,78.45
22.39,22.39,59.52,56.13,82.62
23.52,23.52,57.89,55.94,83.21
23.35,23.35,61.76,58.26,83.00
28.10,28.10,61.07,58.42,84.16
27.83,27.83,64.87,59.85,83.41
29.67,29.67,59.21,57.33,85.27
29.86,29.86,64.16,58.27,86.41
29.24,29.24,67.60,59.36,85.55
28.41,28.41,59.87,59.43,86.49
27.93,27.93,65.57,60.18,86.77
31.05,31.05,65.08,59.98,87.68
29.51,29.51,58.03,57.38,87.75
30.23,30.23,61.80,57.89,87.59
28.52,28.52,61.58,61.15,89.05
26.68,26.68,64.83,61.83,86.82
25.67,25.67,63.68,61.25,88.45
29.63,29.63,52.52,54.28,86.90
27.90,27.90,55.85,55.87,87.46
26.84,26.84,58.65,56.75,84.54
20.91,20.91,53.14,50.09,85.79
20.86,20.86,50.06,42.43,84.70
26.93,26.93,38.40,50.61,84.27
22.75,22.75,55.61,51.86,83.63
27.48,27.48,58.52,49.97,82.64
29.79,29.79,51.95,48.85,83.34
28.99,28.99,53.93,50.74,78.77
29.40,29.40,58.63,52.69,85.59
27.23,27.23,59.02,53.95,79.81
29.65,29.65,56.99,52.63,83.95
33.16,33.16,57.20,50.98,79.40
33.38,33.38,57.57,51.82,82.60
33.44,33.44,55.71,48.47,80.68
35.65,35.65,50.18,43.66,80.98
34.86,34.86,45.93,41.59,79.93
27.49,27.49,50.48,40.89,81.09
21.90,21.90,57.19,41.29,76.37
20.51,20.51,63.02,36.40,80.30
14.57,14.57,60.61,30.80,78.74
13.93,13.93,55.36,37.72,78.96
13.87,13.87,51.88,37.29,80.84
19.84,19.84,50.63,38.66,78.44
22.78,22.78,49.09,27.95,83.53
22.64,22.64,49.53,37.67,78.96
16.79,16.79,50.17,41.22,80.85
16.87,16.87,53.57,39.97,79.80
19.62,19.62,52.20,32.92,80.87
17.85,17.85,50.91,33.57,83.59
19.49,19.49,49.71,35.35,81.75
18.93,18.93,50.03,37.01,84.66
19.88,19.88,51.71,34.27,82.70
19.31,19.31,51.47,33.51,83.90
20.75,20.75,50.99,35.94,83.55
24.42,24.42,49.87,39.24,84.65
25.05,25.05,48.04,35.64,84.50
26.38,26.38,46.67,32.11,85.09
30.26,30.26,47.14,36.43,85.04
32.80,32.80,46.06,29.56,85.37
29.76,29.76,46.49,24.64,84.84
26.34,26.34,44.96,22.53,84.99
28.43,28.43,44.81,31.26,84.16
30.13,30.13,43.13,28.39,83.67
30.87,30.87,46.83,33.78,84.16
30.91,30.91,48.27,33.51,83.72
29.22,29.22,46.27,31.80,84.89
27.93,27.93,43.13,27.22,84.68
29.20,29.20,45.90,32.49,84.30
28.24,28.24,46.99,33.88,83.78
29.46,29.46,48.55,33.31,83.19
29.55,29.55,44.91,29.09,82.77
27.78,27.78,41.26,25.54,82.75
28.50,28.50,41.24,20.22,82.93
30.26,30.26,41.73,21.06,83.00
31.26,31.26,38.85,14.54,82.85
30.15,30.15,37.74,17.13,79.75
24.65,24.65,35.82,22.21,81.42
23.47,23.47,44.30,24.84,81.28
19.83,19.83,40.06,20.88,78.98
21.61,21.61,36.05,15.00,79.03
27.75,27.75,34.31,4.10,82.43
35.17,35.17,36.70,16.98,80.16
39.20,39.20,37.48,22.40,80.97
36.45,36.45,31.40,12.58,85.44
32.44,32.44,29.62,14.35,79.94
34.69,34.69,31.44,15.80,84.59
36.83,36.83,31.19,20.12,82.74
34.73,34.73,34.36,18.90,83.42
33.47,33.47,39.03,19.25,86.41
35.04,35.04,30.00,15.91,81.07
37.10,37.10,30.15,21.05,84.95
38.58,38.58,35.82,18.09,84.18
38.97,38.97,35.88,19.70,82.04
37.76,37.76,35.20,21.28,85.35
36.35,36.35,37.28,21.18,81.12
28.97,28.97,30.55,18.72,79.54
27.24,27.24,33.53,16.48,80.92
33.30,33.30,37.98,28.80,79.89
32.25,32.25,29.38,20.35,81.54
31.77,31.77,32.46,19.12,78.02
27.61,27.61,31.21,27.29,79.62
28.18,28.18,31.67,30.04,80.72
30.66,30.66,34.14,29.04,77.37
23.99,23.99,33.90,29.72,80.72
26.62,26.62,31.36,30.75,76.99
27.21,27.21,29.82,24.85,78.44
22.24,22.24,32.56,28.10,80.14
24.03,24.03,31.96,24.86,78.36
20.33,20.33,32.68,28.36,79.39
23.38,23.38,30.23,24.28,80.02
26.20,26.20,30.49,23.73,80.49
24.29,24.29,30.91,29.31,81.79
24.47,24.47,30.98,30.46,81.56
28.89,28.89,30.31,28.40,81.67
28.67,28.67,34.80,30.63,80.75
21.33,21.33,40.07,28.52,83.31
14.33,14.33,49.08,20.73,83.42
17.18,17.18,62.43,33.32,80.74
11.97,11.97,61.05,25.60,85.16
13.75,13.75,56.14,25.19,81.87
16.68,16.68,51.65,21.11,81.67
18.63,18.63,48.28,27.25,83.53
20.65,20.65,47.72,28.80,82.48
20.91,20.91,46.65,30.11,84.35
19.28,19.28,48.69,26.80,79.10
15.71,15.71,50.58,26.08,82.27
12.92,12.92,52.54,22.79,85.86
12.10,12.10,51.76,23.22,78.83
11.47,11.47,51.10,29.61,80.27
12.41,12.41,50.77,26.75,84.36
12.15,12.15,49.71,19.91,81.50
12.63,12.63,50.65,33.62,82.07
11.98,11.98,49.33,28.45,84.37
15.43,15.43,49.95,28.16,83.43
14.24,14.24,47.69,19.01,85.99
12.92,12.92,46.85,25.86,84.56
16.51,16.51,49.52,28.22,83.60
15.82,15.82,49.35,19.85,86.75
19.71,19.71,49.10,22.88,87.64
15.15,15.15,47.22,26.45,86.44
20.24,20.24,45.61,19.72,84.46
24.87,24.87,43.45,24.44,85.39
24.78,24.78,43.96,16.62,81.96
20.28,20.28,41.28,18.58,82.28
18.99,18.99,40.43,18.41,83.70
20.78,20.78,39.14,15.54,83.34
25.42,25.42,41.24,24.75,79.56
29.76,29.76,39.48,22.28,82.19
29.28,29.28,39.43,25.12,83.70
32.61,32.61,37.73,15.57,83.63
36.98,36.98,37.24,16.25,83.05
36.05,36.05,37.70,27.33,81.88
30.58,30.58,37.74,23.19,83.13
30.58,30.58,37.74,18.94,80.11
30.65,30.65,37.00,13.48,81.01
26.98,26.98,35.12,13.02,80.41
20.97,20.97,35.38,18.70,83.54
19.81,19.81,32.68,10.55,79.95
19.35,19.35,32.71,10.56,80.91
20.71,20.71,30.54,14.13,79.42
24.29,24.29,31.07,7.87,83.15
25.84,25.84,32.68,20.33,81.34
26.75,26.75,30.37,16.14,84.73
29.80,29.80,31.44,15.96,83.08
31.44,31.44,31.23,16.58,83.41
28.43,28.43,30.78,20.78,85.31
25.26,25.26,32.41,19.31,85.94
23.76,23.76,32.33,20.29,86.39
24.42,24.42,29.20,17.22,85.76
25.71,25.71,32.37,23.30,86.57
28.56,28.56,31.18,17.97,87.13
29.00,29.00,29.76,18.58,87.33
29.85,29.85,29.86,20.51,88.32
29.15,29.15,33.21,23.64,88.00
29.70,29.70,32.20,24.60,87.59
19.42,19.42,28.68,22.46,87.74
19.71,19.71,35.85,28.64,87.10
14.63,14.63,29.27,24.66,87.53
19.67,19.67,28.65,23.20,85.83
22.21,22.21,29.84,25.99,84.54
21.36,21.36,30.79,24.95,83.68
25.00,25.00,34.19,26.28,84.18
22.61,22.61,30.28,25.32,83.79
24.14,24.14,27.85,21.74,82.88
25.13,25.13,27.23,20.15,81.81
25.63,25.63,29.08,22.80,82.17
28.79,28.79,32.08,26.38,82.00
30.19,30.19,32.21,28.10,82.26
34.09,34.09,28.91,21.68,81.62
36.27,36.27,31.62,22.42,81.74
35.74,35.74,28.37,18.85,81.05
39.71,39.71,34.33,28.52,81.13
40.60,40.60,31.86,21.14,78.97
35.59,35.59,33.24,17.16,78.84
21.83,21.83,35.77,18.38,78.18
13.74,13.74,45.92,21.41,77.83
21.04,21.04,63.02,13.96,81.18
15.92,15.92,59.57,10.14,81.02
13.65,13.65,54.29,10.00,79.90
16.38,16.38,50.56,15.69,82.35
19.10,19.10,48.01,15.93,80.38
17.35,17.35,46.75,20.56,84.97
19.13,19.13,47.23,20.81,81.62
21.06,21.06,47.32,17.76,81.62
21.73,21.73,49.42,17.47,84.02
21.31,21.31,50.07,13.67,81.73
17.49,17.49,49.60,23.09,84.55
19.41,19.41,48.64,19.84,83.15
22.16,22.16,50.54,13.69,83.99
20.78,20.78,49.40,13.24,83.01
20.93,20.93,49.84,21.06,81.80
20.27,20.27,49.75,17.96,81.71
19.51,19.51,49.48,20.54,83.31
16.90,16.90,47.31,18.24,83.47
12.37,12.37,45.59,10.24,84.50
11.53,11.53,45.74,8.94,84.57
13.29,13.29,44.28,24.03,87.82
16.02,16.02,45.65,20.14,85.57
15.00,15.00,44.80,20.07,85.95
15.08,15.08,43.58,18.44,86.24
15.70,15.70,40.71,22.24,84.53
18.79,18.79,41.59,21.78,82.97
19.00,19.00,40.00,12.51,81.26
19.03,19.03,39.95,16.02,81.10
18.19,18.19,38.74,15.68,79.83
20.38,20.38,40.85,17.67,80.50
18.39,18.39,38.68,17.12,83.08
18.31,18.31,38.13,24.26,81.10
19.20,19.20,36.89,26.65,81.46
18.29,18.29,34.93,26.96,83.23
22.21,22.21,37.73,33.58,82.76
25.33,25.33,37.29,25.89,79.48
23.57,23.57,36.00,24.86,81.70
20.57,20.57,35.05,20.59,80.31
21.04,21.04,34.36,11.48,79.95
17.91,17.91,34.65,18.92,82.04
16.06,16.06,32.40,9.31,81.80
15.57,15.57,31.70,13.04,80.73
15.06,15.06,30.17,15.08,84.70
17.51,17.51,30.19,16.65,79.13
19.53,19.53,32.82,21.39,83.51
17.54,17.54,31.80,18.69,81.92
20.91,20.91,29.51,13.39,80.12
21.94,21.94,28.03,21.10,84.02
19.77,19.77,26.44,19.47,79.29
21.37,21.37,31.20,23.97,81.02
23.05,23.05,30.39,23.52,77.39
24.77,24.77,31.67,21.96,75.89
27.26,27.26,32.77,18.05,76.16
30.75,30.75,33.62,19.51,75.82
30.81,30.81,32.25,18.76,77.22
30.99,30.99,28.37,16.02,79.37
28.73,28.73,28.39,20.87,77.15
26.16,26.16,25.43,18.01,82.00
22.50,22.50,27.26,18.23,76.70
23.15,23.15,30.24,21.01,81.06
24.37,24.37,29.71,18.04,82.37
20.35,20.35,31.63,17.24,78.48
18.57,18.57,30.35,19.35,83.63
20.87,20.87,30.67,15.32,75.77
20.86,20.86,32.76,21.21,84.43
19.87,19.87,31.74,23.15,75.64
21.97,21.97,32.48,20.54,80.29
24.16,24.16,36.11,23.02,74.65
22.59,22.59,34.43,23.65,78.99
27.29,27.29,34.10,27.36,77.35
30.51,30.51,32.84,26.87,79.36
32.71,32.71,33.60,28.23,78.45
37.54,37.54,34.99,24.45,79.29
38.78,38.78,33.89,24.65,80.81
38.97,38.97,33.91,34.13,81.93
40.47,40.47,34.74,20.07,79.45
39.55,39.55,39.26,26.06,80.74
33.03,33.03,42.91,27.36,79.55
22.90,22.90,47.90,23.66,81.87
20.90,20.90,63.10,28.53,79.44
22.61,22.61,62.38,30.40,79.36
21.58,21.58,57.66,24.14,77.63
15.09,15.09,54.16,29.26,79.12
15.28,15.28,51.83,29.92,76.15
16.34,16.34,49.46,28.80,75.83
16.79,16.79,50.58,20.89,73.74
13.47,13.47,51.09,28.52,76.14
12.39,12.39,51.05,23.44,72.67
16.91,16.91,53.26,32.37,74.04
17.32,17.32,54.89,21.88,77.33
16.77,16.77,52.52,27.75,76.24
22.30,22.30,53.54,31.30,79.22
23.02,23.02,53.57,20.06,78.65
22.18,22.18,53.24,27.75,80.70
23.38,23.38,52.34,28.07,82.41
22.58,22.58,51.65,20.83,81.41
22.03,22.03,50.62,25.86,83.03
24.42,24.42,49.70,18.00,82.46
21.48,21.48,50.16,24.65,84.43
15.69,15.69,50.64,16.12,87.46
17.02,17.02,50.95,22.71,87.17
14.33,14.33,49.58,25.09,85.99
14.95,14.95,49.47,23.48,86.66
14.90,14.90,46.35,22.06,84.76
13.84,13.84,47.13,23.91,83.25
14.73,14.73,45.21,19.65,81.99
16.26,16.26,45.25,22.64,82.77
17.96,17.96,42.98,15.27,83.97
21.04,21.04,44.37,22.87,81.91
20.34,20.34,43.26,24.84,83.56
19.58,19.58,42.72,22.30,80.94
19.71,19.71,41.61,24.85,82.97
21.84,21.84,42.38,25.15,81.43
24.05,24.05,42.81,24.11,81.68
25.91,25.91,42.80,25.24,80.26
27.95,27.95,40.83,23.12,80.92
28.73,28.73,40.02,22.09,80.24
25.39,25.39,36.87,16.32,78.94
23.22,23.22,36.88,16.50,80.04
20.92,20.92,35.81,7.44,79.77
18.36,18.36,35.97,7.39,81.51
20.08,20.08,35.61,8.83,82.48
21.92,21.92,34.77,12.17,78.11
26.17,26.17,36.01,15.47,84.17
25.31,25.31,33.47,10.69,81.41
27.53,27.53,32.54,8.50,83.75
31.89,31.89,34.66,9.91,82.50
27.26,27.26,31.49,18.71,85.05
27.67,27.67,30.22,19.04,85.72
27.92,27.92,30.31,16.76,86.30
26.96,26.96,30.26,11.70,85.62
27.45,27.45,29.57,16.54,86.91
27.67,27.67,29.20,15.36,86.24
28.68,28.68,28.27,13.81,88.36
30.90,30.90,25.79,9.66,86.82
30.08,30.08,28.92,23.67,88.69
30.87,30.87,25.63,19.01,87.40
24.86,24.86,25.55,16.01,88.24
25.07,25.07,29.52,23.61,88.19
25.92,25.92,31.14,24.85,86.15
25.15,25.15,36.37,25.28,86.44
21.35,21.35,33.20,28.69,83.91
23.57,23.57,32.69,27.25,86.45
27.31,27.31,34.16,28.30,84.23
27.54,27.54,32.51,33.04,84.20
32.81,32.81,35.55,27.59,81.90
33.91,33.91,36.44,28.38,84.55
33.51,33.51,35.33,26.07,80.67
34.00,34.00,35.92,30.52,81.37
35.00,35.00,35.37,29.08,82.44
35.67,35.67,35.71,28.95,80.51
41.69,41.69,35.37,30.57,81.80
41.84,41.84,33.83,32.39,80.69
40.98,40.98,34.67,32.67,83.09
41.45,41.45,34.91,25.09,79.89
44.31,44.31,40.59,26.85,80.91
39.90,39.90,43.88,23.50,80.84
27.13,27.13,46.06,25.72,81.39
24.70,24.70,63.14,27.23,77.95
20.80,20.80,62.90,18.39,80.31
19.48,19.48,59.55,26.01,77.50
18.93,18.93,54.43,22.85,81.73
21.86,21.86,52.19,21.91,79.42
26.53,26.53,51.14,24.38,81.83
24.81,24.81,50.03,20.76,81.25
18.93,18.93,50.58,24.98,80.34
17.58,17.58,52.68,16.97,80.93
19.36,19.36,53.91,21.33,80.39
20.35,20.35,53.41,17.90,82.58
19.17,19.17,52.47,21.63,81.34
19.52,19.52,52.78,17.11,82.90
20.08,20.08,53.16,24.40,83.31
20.34,20.34,53.77,22.35,82.45
20.81,20.81,52.66,21.35,85.04
23.59,23.59,51.64,28.86,83.58
24.38,24.38,50.06,25.83,85.88
25.58,25.58,49.85,30.93,84.39
25.46,25.46,48.84,29.37,85.73
28.31,28.31,48.62,27.95,85.39
27.70,27.70,51.69,30.00,84.43
25.25,25.25,50.26,22.29,85.25
25.89,25.89,48.93,29.44,84.19
26.59,26.59,47.58,23.30,84.25
29.03,29.03,46.56,29.89,82.63
28.17,28.17,46.71,27.43,83.99
28.06,28.06,44.55,28.22,83.80
28.00,28.00,44.88,28.46,84.18
28.14,28.14,44.65,25.73,84.43
29.37,29.37,44.18,27.83,81.35
29.91,29.91,43.46,34.83,83.70
29.56,29.56,42.31,33.55,83.07
28.39,28.39,41.15,28.07,82.15
29.31,29.31,40.10,31.73,82.85
29.63,29.63,42.11,28.23,83.07
29.93,29.93,41.16,24.19,81.79
29.56,29.56,40.06,21.66,81.45
27.89,27.89,39.32,14.53,80.54
24.70,24.70,42.77,8.64,80.62
22.08,22.08,45.13,9.60,81.28
19.07,19.07,43.29,1.85,79.49
30.96,30.96,40.69,8.61,79.78
36.39,36.39,39.36,9.85,83.28
37.56,37.56,39.05,16.42,79.02
37.55,37.55,36.14,14.23,84.68
34.89,34.89,33.64,13.69,82.36
40.48,40.48,32.57,13.24,82.93
40.86,40.86,33.53,18.36,85.10
39.15,39.15,32.85,22.78,81.34
36.62,36.62,30.17,18.34,85.99
38.00,38.00,29.74,17.61,84.13
40.26,40.26,30.79,17.07,82.15
44.07,44.07,30.75,15.20,86.98
47.49,47.49,33.03,13.05,81.43
45.81,45.81,32.01,22.10,85.16
44.14,44.14,28.92,22.82,83.76
37.93,37.93,30.68,23.42,78.89
30.20,30.20,25.96,17.21,82.78
28.28,28.28,29.84,24.34,78.65
30.62,30.62,36.59,22.27,80.95
30.28,30.28,40.41,23.38,78.04
26.26,26.26,34.35,21.34,78.99
27.34,27.34,33.76,24.16,79.75
28.07,28.07,36.81,32.94,80.41
25.95,25.95,32.60,30.80,79.02
31.57,31.57,35.41,29.33,77.33
30.72,30.72,34.00,24.45,78.30
26.93,26.93,31.34,24.57,79.98
25.00,25.00,31.58,26.49,78.49
23.76,23.76,31.57,26.32,79.80
26.73,26.73,33.20,24.56,81.23
31.39,31.39,34.81,26.81,79.37
28.92,28.92,33.46,26.40,81.34
28.28,28.28,35.87,31.20,83.40
31.77,31.77,36.38,26.07,79.31
35.53,35.53,39.35,30.26,84.02
30.45,30.45,42.67,20.54,81.27
22.23,22.23,47.16,27.09,82.28
17.84,17.84,61.33,30.45,83.29
15.87,15.87,62.27,25.02,81.01
11.87,11.87,59.23,27.27,85.54
14.20,14.20,54.55,22.82,82.00
17.89,17.89,51.40,22.48,82.47
21.28,21.28,51.25,19.68,81.69
18.78,18.78,49.26,22.67,83.56
16.59,16.59,50.41,17.22,83.34
11.86,11.86,53.77,19.78,79.61
11.06,11.06,54.15,20.97,84.75
10.73,10.73,53.81,23.06,82.34
10.15,10.15,53.51,27.34,77.70
9.81,9.81,53.62,24.90,83.15
10.52,10.52,53.34,25.13,82.23
11.67,11.67,53.62,27.05,79.07
14.47,14.47,52.36,26.90,83.81
12.78,12.78,52.24,27.47,83.71
15.72,15.72,50.30,21.73,83.93
13.99,13.99,51.61,23.65,86.01
12.76,12.76,50.53,18.10,83.46
12.09,12.09,52.32,23.33,86.34
11.49,11.49,50.76,26.83,85.99
12.15,12.15,51.41,28.53,87.05
12.75,12.75,49.08,31.21,86.06
12.74,12.74,47.67,24.81,85.91
13.53,13.53,46.78,26.72,84.00
15.20,15.20,46.06,20.97,82.14
16.99,16.99,45.06,19.74,84.03
20.27,20.27,43.06,19.01,83.60
25.68,25.68,42.72,23.72,79.82
31.31,31.31,42.75,16.17,81.45
31.57,31.57,41.24,21.26,84.27
30.56,30.56,40.84,10.92,82.69
33.20,33.20,40.51,15.48,83.64
33.79,33.79,40.65,19.22,83.20
31.87,31.87,42.04,26.18,82.97
32.82,32.82,41.01,23.86,81.98
31.49,31.49,41.64,20.34,80.70
26.73,26.73,39.80,19.54,80.02
22.24,22.24,38.85,22.12,81.03
22.40,22.40,38.32,21.72,81.37
21.69,21.69,37.18,10.82,81.67
21.28,21.28,35.36,18.98,78.71
22.92,22.92,34.83,21.40,81.89
29.75,29.75,36.84,22.91,82.62
28.78,28.78,35.08,19.26,81.82
30.71,30.71,32.48,15.03,85.19
35.09,35.09,34.05,18.87,82.76
33.16,33.16,32.30,19.00,83.80
29.84,29.84,31.97,22.28,85.45
27.05,27.05,31.53,20.16,86.34
27.94,27.94,31.47,20.58,86.17
29.75,29.75,33.60,21.06,85.52
32.20,32.20,32.50,23.41,87.51
34.36,34.36,32.04,23.98,87.17
33.26,33.26,29.33,25.95,86.31
31.95,31.95,30.67,27.84,88.23
30.59,30.59,31.11,26.81,88.47
27.72,27.72,27.59,25.45,87.50
28.76,28.76,36.33,23.66,86.76
26.64,26.64,39.59,32.22,86.25
25.93,25.93,38.97,31.49,84.31
24.29,24.29,38.91,28.16,83.62
21.55,21.55,39.18,30.66,82.15
24.44,24.44,38.37,27.81,84.34
25.78,25.78,35.76,24.89,83.97
27.32,27.32,36.09,29.50,82.18
33.40,33.40,33.50,26.36,80.45
32.33,32.33,33.39,25.68,79.73
29.76,29.76,35.03,26.91,80.10
31.67,31.67,34.74,30.63,81.26
33.04,33.04,31.45,31.08,79.98
35.06,35.06,35.53,21.50,80.54
37.69,37.69,35.05,24.38,79.43
37.81,37.81,34.23,29.10,78.48
39.68,39.68,37.55,28.06,80.17
37.16,37.16,39.34,25.66,82.30
35.20,35.20,44.97,20.56,81.59
25.33,25.33,45.46,28.15,81.01
18.36,18.36,59.95,28.44,79.26
12.42,12.42,61.43,24.20,77.14
11.50,11.50,59.80,30.53,79.10
10.60,10.60,56.13,27.67,79.52
9.10,9.10,53.07,26.00,81.23
10.11,10.11,50.38,28.69,80.58
11.36,11.36,51.83,25.26,80.96
12.24,12.24,52.58,24.08,79.62
17.20,17.20,52.09,19.02,81.34
18.61,18.61,52.85,25.24,81.94
18.67,18.67,52.70,26.62,81.95
15.55,15.55,52.12,19.98,82.50
15.31,15.31,52.36,19.61,79.68
21.04,21.04,51.83,26.23,81.46
22.07,22.07,52.15,29.06,81.32
24.15,24.15,52.89,28.91,80.04
25.52,25.52,51.69,28.35,83.24
26.83,26.83,49.67,28.36,82.45
24.27,24.27,49.83,27.50,81.30
26.57,26.57,49.86,22.08,82.57
24.59,24.59,51.48,32.18,86.53
19.93,19.93,50.46,28.62,86.75
24.18,24.18,50.16,36.11,87.70
24.45,24.45,48.10,32.14,84.32
26.93,26.93,47.72,33.15,86.45
26.17,26.17,46.10,26.39,82.65
23.10,23.10,45.43,32.54,84.22
22.83,22.83,45.09,27.89,83.20
26.63,26.63,44.54,32.98,83.52
30.11,30.11,43.97,27.49,82.25
30.59,30.59,44.69,32.73,84.22
27.69,27.69,42.68,33.01,82.59
28.43,28.43,43.39,33.04,84.01
30.00,30.00,41.77,28.10,83.24
33.64,33.64,41.11,27.50,83.02
32.61,32.61,41.36,25.59,81.63
30.52,30.52,39.81,29.51,81.93
28.37,28.37,41.10,24.27,78.34
25.05,25.05,39.99,24.69,80.06
20.93,20.93,37.03,25.37,77.32
19.75,19.75,35.89,28.17,81.02
18.71,18.71,34.35,22.00,81.79
19.58,19.58,34.91,15.63,78.41
20.61,20.61,34.64,19.52,84.17
23.79,23.79,32.68,20.95,77.95
26.53,26.53,32.44,20.62,84.98
22.29,22.29,33.39,16.61,80.98
19.50,19.50,30.63,13.17,82.94
20.34,20.34,29.12,23.42,83.25
19.92,19.92,31.04,26.00,80.82
21.66,21.66,30.61,28.03,82.37
20.91,20.91,31.09,21.82,76.19
24.76,24.76,33.24,28.44,78.67
24.92,24.92,34.75,22.61,79.32
29.22,29.22,31.98,19.37,77.14
31.87,31.87,28.62,23.06,79.82
29.06,29.06,30.72,26.56,77.94
24.86,24.86,29.14,23.69,81.14
22.57,22.57,28.76,20.08,76.86
15.90,15.90,32.15,26.29,79.48
10.37,10.37,31.35,20.50,81.39
10.31,10.31,32.75,20.30,78.71
11.84,11.84,33.12,21.63,82.69
11.94,11.94,31.29,18.52,76.96
20.55,20.55,33.94,20.25,81.14
21.44,21.44,32.84,25.53,77.24
19.17,19.17,32.92,23.08,76.90
26.97,26.97,33.72,20.16,77.00
28.33,28.33,34.87,20.81,77.02
24.50,24.50,36.19,15.36,77.40
19.97,19.97,33.14,23.20,77.31
20.94,20.94,32.86,28.16,77.68
24.68,24.68,35.22,26.91,80.03
27.32,27.32,33.15,23.50,78.69
30.02,30.02,36.04,27.83,80.63
36.68,36.68,33.77,20.46,80.54
36.86,36.86,33.98,21.86,78.82
25.57,25.57,36.00,24.74,79.67
17.21,17.21,38.59,24.60,77.71
19.55,19.55,56.50,21.42,82.55
19.35,19.35,61.72,19.47,81.98
18.82,18.82,60.08,17.11,80.79
17.83,17.83,55.02,21.88,81.75
18.77,18.77,53.13,21.97,81.62
16.85,16.85,51.43,22.77,80.66
16.55,16.55,49.65,23.41,81.69
15.60,15.60,49.41,21.17,83.16
16.60,16.60,50.29,20.02,82.50
18.95,18.95,52.53,23.05,83.20
21.72,21.72,53.82,18.13,81.10
17.57,17.57,51.89,22.45,81.36
20.51,20.51,52.65,22.78,81.45
20.33,20.33,52.42,25.85,82.00
18.12,18.12,53.39,17.32,81.89
19.32,19.32,52.27,22.70,82.65
18.34,18.34,52.06,19.99,83.66
19.11,19.11,50.18,22.00,84.21
19.46,19.46,50.21,14.31,83.73
22.52,22.52,48.69,13.45,84.47
25.67,25.67,47.47,17.27,86.07
27.25,27.25,48.34,21.47,82.78
25.54,25.54,48.34,23.87,82.53
21.29,21.29,47.54,23.65,81.80
23.29,23.29,47.00,20.50,81.21
24.69,24.69,47.34,22.48,80.22
25.12,25.12,46.83,23.68,81.56
22.80,22.80,44.84,22.50,80.39
22.18,22.18,46.07,23.59,80.25
23.75,23.75,45.95,19.68,77.53
20.63,20.63,46.83,22.59,76.26
21.78,21.78,45.66,23.07,77.68
21.22,21.22,45.46,23.27,77.19
21.14,21.14,44.87,24.15,77.14
22.24,22.24,44.96,24.19,77.82
23.10,23.10,43.32,27.45,77.81
24.04,24.04,43.21,23.28,77.23
22.68,22.68,40.74,18.07,76.94
23.65,23.65,40.84,11.35,75.55
22.07,22.07,38.93,17.60,76.68
21.16,21.16,40.23,18.50,81.95
21.10,21.10,39.63,13.82,78.73
21.38,21.38,41.00,9.52,83.47
22.99,22.99,38.01,16.11,77.38
24.70,24.70,38.74,21.44,83.52
25.02,25.02,38.65,20.45,82.50
25.06,25.06,37.29,15.59,83.37
23.31,23.31,34.42,18.98,84.69
23.40,23.40,37.09,23.25,83.52
23.73,23.73,35.48,26.97,85.88
23.46,23.46,31.68,24.10,86.79
24.20,24.20,31.39,18.79,85.77
24.43,24.43,31.90,22.34,86.71
26.31,26.31,31.92,20.74,86.88
25.87,25.87,32.00,20.27,87.14
25.80,25.80,29.27,20.92,87.58
25.45,25.45,29.06,25.56,87.79
24.85,24.85,28.34,25.84,88.51
22.59,22.59,29.05,27.16,87.01
25.83,25.83,29.90,27.31,88.55
33.09,33.09,32.84,32.41,86.38
34.53,34.53,32.04,30.94,86.84
34.10,34.10,29.18,26.17,84.83
32.83,32.83,27.39,26.17,83.90
32.79,32.79,27.43,25.02,83.54
29.28,29.28,27.99,24.79,84.52
33.02,33.02,27.93,25.37,82.02
31.47,31.47,26.95,25.86,81.17
35.80,35.80,28.35,23.43,82.53
39.75,39.75,28.86,24.61,80.13
34.56,34.56,27.06,22.48,83.24
31.86,31.86,27.17,23.43,79.12
32.40,32.40,28.74,21.61,83.01
33.72,33.72,30.34,19.53,79.58
35.96,35.96,31.24,25.29,81.14
36.59,36.59,30.32,23.65,80.33
33.88,33.88,30.35,22.87,80.91
34.69,34.69,38.26,21.69,79.25
26.95,26.95,40.50,25.77,78.68
25.98,25.98,52.25,26.08,79.17
25.00,25.00,61.83,23.21,79.19
20.45,20.45,60.82,21.31,79.62
19.78,19.78,55.79,15.71,79.25
21.96,21.96,51.96,18.11,80.23
24.86,24.86,49.06,17.00,79.77
25.12,25.12,48.98,15.04,83.16
25.02,25.02,49.57,20.00,77.68
23.59,23.59,49.78,20.05,82.15
25.05,25.05,53.27,21.91,80.38
24.57,24.57,55.02,17.17,81.99
24.68,24.68,52.61,18.96,83.59
24.27,24.27,51.24,20.22,80.81
24.42,24.42,52.27,26.56,83.87
24.94,24.94,52.00,20.53,82.54
27.29,27.29,50.73,22.79,82.31
28.41,28.41,49.83,22.85,82.56
27.68,27.68,50.00,23.10,82.02
25.37,25.37,47.36,22.71,82.63
23.62,23.62,43.38,26.91,80.79
26.59,26.59,45.24,27.20,83.47
23.86,23.86,44.90,24.00,84.58
23.22,23.22,45.12,30.55,84.86
22.84,22.84,42.98,23.14,85.00
25.08,25.08,43.49,30.43,84.35
24.67,24.67,40.21,32.40,84.04
27.49,27.49,39.45,23.34,83.73
28.62,28.62,38.21,23.18,84.19
29.71,29.71,37.93,15.59,83.50
28.77,28.77,38.05,28.35,83.99
30.65,30.65,39.10,26.96,82.53
29.48,29.48,38.56,27.01,83.40
29.23,29.23,38.33,25.87,80.12
30.43,30.43,37.48,21.97,81.81
30.34,30.34,38.78,22.47,82.82
32.56,32.56,37.90,21.30,81.57
32.21,32.21,36.72,20.49,81.13
32.26,32.26,36.83,22.72,81.50
31.42,31.42,36.06,18.83,80.93
27.75,27.75,33.35,12.74,80.06
26.62,26.62,33.82,24.59,82.50
23.51,23.51,33.92,25.02,82.01
25.35,25.35,33.18,16.28,75.98
26.99,26.99,30.62,15.91,84.07
25.26,25.26,31.02,14.90,79.93
25.79,25.79,29.37,24.59,81.70
24.82,24.82,27.21,18.07,86.00
26.30,26.30,26.22,21.59,79.90
26.62,26.62,25.75,25.61,85.51
27.58,27.58,25.25,19.66,82.43
27.66,27.66,29.14,30.26,82.94
26.87,26.87,24.91,22.87,87.26
31.99,31.99,21.85,13.39,80.02
30.44,30.44,22.68,14.87,86.03
30.99,30.99,23.48,19.91,83.73
34.62,34.62,26.37,19.57,82.88
30.55,30.55,23.05,20.58,85.31
32.51,32.51,24.40,22.11,79.86
27.82,27.82,23.20,22.69,80.00
21.60,21.60,19.38,18.85,79.61
21.57,21.57,22.09,25.24,82.78
17.79,17.79,21.67,22.69,80.79
15.51,15.51,19.84,27.09,80.34
18.35,18.35,22.34,25.50,80.63
20.72,20.72,20.76,34.73,80.83
23.44,23.44,22.50,29.05,76.54
24.91,24.91,24.41,33.78,79.05
21.21,21.21,21.57,31.08,77.73
21.37,21.37,21.03,28.23,78.15
20.87,20.87,23.35,32.97,81.22
23.26,23.26,25.36,33.20,78.29
27.03,27.03,27.45,29.18,79.27
26.61,26.61,25.62,22.03,78.99
27.31,27.31,28.59,25.72,79.35
30.40,30.40,27.52,29.50,83.27
27.15,27.15,27.80,26.48,83.19
25.75,25.75,28.73,25.80,82.12
21.13,21.13,29.97,19.13,82.33
13.21,13.21,36.36,24.59,81.83
13.81,13.81,49.46,28.20,83.63
19.76,19.76,61.74,20.73,86.89
11.18,11.18,58.27,19.59,87.88
13.47,13.47,54.32,24.49,86.04
16.78,16.78,49.37,17.70,87.16
17.28,17.28,46.55,27.30,85.35
18.73,18.73,45.31,18.68,81.95
20.25,20.25,44.33,19.15,82.21
17.51,17.51,45.26,24.32,82.98
13.76,13.76,47.99,18.75,83.20
11.24,11.24,51.01,23.63,83.03
6.78,6.78,48.46,21.43,81.01
8.10,8.10,47.99,27.78,82.62
11.49,11.49,48.55,22.19,85.13
11.79,11.79,48.32,24.06,81.79
15.24,15.24,49.93,25.11,82.07
20.24,20.24,50.25,21.72,84.54
19.35,19.35,48.51,19.18,85.01
18.65,18.65,46.38,23.77,86.77
17.89,17.89,45.16,22.23,85.04
18.22,18.22,44.79,11.83,85.08
16.59,16.59,44.34,20.19,86.50
13.96,13.96,45.66,15.93,85.78
12.78,12.78,44.31,20.36,87.25
9.73,9.73,43.86,16.60,84.96
9.20,9.20,42.55,20.94,87.54
7.30,7.30,42.21,20.22,84.11
6.10,6.10,41.53,24.10,87.87
6.25,6.25,39.33,16.50,85.59
7.41,7.41,40.48,19.30,86.17
9.54,9.54,40.68,19.49,86.24
9.82,9.82,39.75,18.40,84.28
8.95,8.95,40.08,24.44,85.40
9.79,9.79,39.74,19.44,82.72
9.04,9.04,38.07,18.07,84.18
12.21,12.21,40.23,26.04,80.72
14.37,14.37,39.02,23.87,77.77
14.89,14.89,36.15,22.62,79.65
14.47,14.47,36.69,26.24,78.91
12.50,12.50,34.72,22.73,78.59
13.79,13.79,35.55,30.93,83.10
13.04,13.04,35.11,24.41,81.63
13.37,13.37,32.49,31.80,80.67
14.27,14.27,30.34,27.69,82.87
13.29,13.29,30.76,28.77,81.01
12.26,12.26,29.04,32.64,83.54
18.51,18.51,28.86,27.70,83.84
19.30,19.30,28.85,29.86,83.41
15.82,15.82,25.83,28.37,83.22
15.10,15.10,27.05,33.00,83.25
17.26,17.26,27.94,32.84,83.56
23.41,23.41,27.31,29.93,80.73
21.88,21.88,26.31,28.36,83.37
23.44,23.44,25.51,31.16,82.31
26.54,26.54,24.86,32.70,82.25
27.62,27.62,27.79,31.28,78.99
27.48,27.48,26.45,26.56,82.41
27.10,27.10,27.81,27.91,82.07
20.46,20.46,28.59,27.03,79.31
16.56,16.56,27.84,29.42,78.26
28.05,28.05,33.68,34.49,82.34
36.05,36.05,39.28,36.72,76.90
28.94,28.94,36.21,39.33,81.08
23.86,23.86,32.59,36.57,78.63
22.42,22.42,33.08,35.95,79.80
17.10,17.10,30.03,32.72,75.59
21.17,21.17,33.60,30.28,78.08
20.30,20.30,30.22,29.65,77.23
21.19,21.19,28.55,27.37,74.77
26.69,26.69,31.64,27.44,75.03
24.13,24.13,30.70,28.08,74.17
24.87,24.87,30.79,24.18,74.42
28.98,28.98,29.37,27.15,73.67
26.96,26.96,27.97,27.81,75.71
34.95,34.95,30.42,27.02,74.41
34.34,34.34,31.87,31.76,74.18
33.04,33.04,32.74,26.83,74.63
32.00,32.00,38.49,24.21,72.30
21.32,21.32,43.54,21.54,74.46
14.46,14.46,52.66,28.27,74.05
18.84,18.84,63.73,23.68,78.31
13.44,13.44,61.36,23.58,74.72
10.97,10.97,57.63,21.53,76.71
12.46,12.46,53.30,28.02,77.40
14.42,14.42,52.23,25.77,82.19
15.06,15.06,49.98,29.60,79.57
17.36,17.36,49.02,26.11,81.49
18.07,18.07,50.68,28.17,82.01
20.49,20.49,50.87,28.00,83.64
18.82,18.82,52.75,27.45,82.25
16.62,16.62,52.41,28.95,82.23
15.57,15.57,51.73,30.74,82.91
15.96,15.96,51.39,31.18,83.24
19.09,19.09,51.55,28.02,82.52
21.60,21.60,51.26,34.81,82.34
23.12,23.12,51.87,29.72,83.88
22.84,22.84,49.57,30.69,83.22
16.92,16.92,48.56,31.02,83.74
15.72,15.72,48.63,27.47,83.50
20.28,20.28,49.49,29.58,84.11
18.05,18.05,48.83,33.41,85.29
20.31,20.31,48.66,32.04,84.61
20.23,20.23,47.26,29.32,85.39
23.75,23.75,46.76,33.78,88.29
21.01,21.01,44.07,30.01,83.39
19.69,19.69,44.11,29.29,84.83
19.90,19.90,44.60,33.53,83.82
20.20,20.20,43.60,29.52,83.41
20.83,20.83,41.91,29.98,82.00
24.78,24.78,42.02,28.74,83.65
26.98,26.98,42.24,29.52,81.57
27.57,27.57,40.47,30.18,82.22
29.14,29.14,39.65,28.33,81.72
28.80,28.80,37.79,26.19,81.71
31.32,31.32,38.19,28.95,80.97
32.38,32.38,38.37,30.78,77.42
32.54,32.54,38.78,27.88,81.79
33.44,33.44,38.18,26.28,77.89
29.29,29.29,35.77,23.03,79.83
24.40,24.40,33.01,29.31,78.38
21.45,21.45,31.85,20.16,82.75
22.19,22.19,30.31,23.98,79.51
24.48,24.48,29.26,24.39,81.50
27.08,27.08,28.96,24.98,80.00
28.91,28.91,27.80,28.15,81.87
27.84,27.84,29.90,29.65,80.73
28.80,28.80,30.58,20.75,81.20
32.40,32.40,31.14,20.21,80.99
31.99,31.99,33.69,13.81,81.04
30.92,30.92,34.36,22.06,78.09
35.23,35.23,30.98,29.24,76.22
30.49,30.49,32.76,29.75,73.84
31.97,31.97,35.45,28.26,72.28
35.16,35.16,37.37,29.37,76.30
35.13,35.13,30.85,27.09,76.33
38.48,38.48,30.41,25.53,77.79
37.53,37.53,29.85,27.88,79.86
34.92,34.92,27.26,25.96,77.66
30.13,30.13,24.40,21.96,79.26
38.34,38.34,25.94,33.08,76.75
35.82,35.82,26.40,27.02,83.96
30.43,30.43,25.68,25.73,78.69
32.10,32.10,28.79,26.22,84.43
32.75,32.75,29.15,24.80,77.23
32.23,32.23,28.34,30.45,83.55
36.28,36.28,28.54,28.22,77.01
34.39,34.39,29.68,25.22,82.29
32.31,32.31,29.20,28.24,76.40
32.29,32.29,29.65,27.42,80.79
34.36,34.36,30.94,27.35,78.39
34.52,34.52,29.79,26.81,81.65
37.01,37.01,32.55,29.78,79.77
37.30,37.30,31.90,30.78,82.36
38.40,38.40,32.53,28.15,81.22
38.89,38.89,33.86,35.41,81.61
41.43,41.43,34.85,29.99,81.25
40.45,40.45,37.95,29.90,82.67
33.28,33.28,42.41,30.41,79.82
23.39,23.39,45.83,32.55,83.26
21.36,21.36,64.37,29.80,81.71
21.69,21.69,61.81,27.44,83.47
22.53,22.53,56.11,21.66,84.02
25.10,25.10,53.57,23.28,80.24
27.55,27.55,50.51,20.25,81.19
25.49,25.49,50.07,28.58,83.73
24.20,24.20,49.69,20.04,82.90
24.44,24.44,51.30,22.46,79.52
24.13,24.13,52.86,19.87,83.29
22.51,22.51,54.49,28.41,86.14
21.89,21.89,54.36,19.51,78.88
18.99,18.99,53.31,27.03,80.34
19.97,19.97,53.86,25.68,84.81
16.88,16.88,54.63,25.91,82.86
20.16,20.16,52.84,23.72,79.80
18.78,18.78,52.77,28.18,84.91
28.53,28.53,52.89,25.31,80.84
22.85,22.85,50.47,20.86,85.75
23.17,23.17,49.90,21.36,86.67
29.51,29.51,50.03,21.66,83.16
24.82,24.82,51.05,30.91,87.56
13.77,13.77,51.23,32.06,87.46
10.90,10.90,48.98,24.11,86.84
13.11,13.11,48.71,22.74,86.72
11.99,11.99,46.90,23.43,85.70
10.98,10.98,46.94,25.43,82.17
14.29,14.29,45.35,22.42,82.44
15.61,15.61,44.38,21.97,82.67
16.51,16.51,42.55,20.07,85.51
19.14,19.14,42.43,26.79,80.55
21.18,21.18,41.35,23.26,82.40
22.39,22.39,41.31,24.80,81.67
23.00,23.00,40.31,23.59,83.30
22.69,22.69,39.46,24.94,81.07
26.29,26.29,40.81,28.43,80.60
29.10,29.10,41.66,31.51,78.97
30.26,30.26,40.70,22.01,80.68
29.41,29.41,38.73,22.82,77.82
26.84,26.84,37.69,14.65,77.50
24.94,24.94,36.99,26.82,81.32
20.61,20.61,35.38,22.86,81.34
18.99,18.99,34.55,21.68,82.60
18.49,18.49,33.41,20.93,81.83
20.08,20.08,34.36,27.20,80.38
23.90,23.90,35.42,23.57,85.15
24.64,24.64,35.52,24.38,83.01
26.71,26.71,33.55,18.86,85.79
31.09,31.09,33.82,20.32,84.16
28.97,28.97,34.49,28.36,85.08
28.40,28.40,36.14,28.27,86.60
30.50,30.50,32.49,25.26,86.81
30.70,30.70,29.91,21.69,86.11
28.75,28.75,37.29,27.25,86.68
33.05,33.05,36.17,20.30,86.42
33.75,33.75,32.79,23.30,88.01
33.22,33.22,28.92,22.05,86.34
31.45,31.45,34.91,28.19,88.97
32.25,32.25,31.74,23.39,86.88
27.13,27.13,35.20,24.70,87.24
32.73,32.73,36.54,26.04,87.28
42.45,42.45,41.01,28.62,86.22
32.47,32.47,37.22,23.18,84.60
31.57,31.57,33.72,19.32,82.72
30.30,30.30,38.65,25.54,83.07
28.59,28.59,34.48,27.62,83.51
32.33,32.33,33.19,23.82,83.81
32.39,32.39,29.58,18.75,79.59
29.89,29.89,27.68,20.11,82.97
34.59,34.59,28.98,22.85,78.94
33.90,33.90,27.56,23.52,81.31
33.41,33.41,37.07,27.25,80.45
35.05,35.05,35.44,27.77,80.72
37.78,37.78,28.60,22.40,82.35
40.02,40.02,29.18,19.01,77.95
38.61,38.61,34.56,26.44,81.32
39.59,39.59,32.25,27.72,76.51
37.71,37.71,29.22,21.84,79.84
31.01,31.01,37.18,18.72,75.25
24.37,24.37,48.45,28.37,78.50
21.44,21.44,64.21,30.75,74.76
20.09,20.09,62.84,27.21,78.72
15.62,15.62,59.84,24.26,76.44
18.55,18.55,54.54,25.61,79.33
19.61,19.61,52.66,26.36,79.40
18.97,18.97,49.66,29.38,79.83
19.78,19.78,50.34,32.41,81.80
14.58,14.58,50.47,27.32,79.40
12.98,12.98,52.14,27.42,81.25
16.50,16.50,53.98,28.09,81.00
15.95,15.95,53.99,26.40,83.26
13.76,13.76,51.92,26.97,80.64
14.09,14.09,52.58,24.29,82.64
14.05,14.05,54.18,28.28,82.07
11.72,11.72,52.62,29.51,83.38
12.71,12.71,53.13,31.45,82.50
15.35,15.35,52.57,23.97,80.11
14.67,14.67,51.30,29.35,83.82
16.86,16.86,49.93,19.98,81.24
19.32,19.32,48.89,32.40,83.63
19.84,19.84,48.41,32.20,84.26
20.06,20.06,48.06,28.73,83.97
21.43,21.43,46.32,25.08,83.90
22.91,22.91,44.41,28.29,84.58
22.86,22.86,43.30,30.60,84.60
21.35,21.35,42.70,26.69,84.49
24.13,24.13,43.93,25.07,85.13
23.56,23.56,43.63,26.37,83.70
25.03,25.03,43.26,22.78,84.77
26.14,26.14,43.55,21.53,82.91
27.07,27.07,42.94,16.34,82.58
25.23,25.23,43.65,15.02,82.39
25.64,25.64,42.74,16.77,80.72
26.17,26.17,41.90,13.90,82.05
26.12,26.12,43.42,15.59,82.29
25.06,25.06,42.28,15.34,82.19
24.39,24.39,38.87,6.74,80.19
22.52,22.52,38.56,13.31,81.05
20.26,20.26,35.24,14.25,80.21
20.85,20.85,37.01,22.52,79.83
18.65,18.65,40.92,30.03,82.19
19.36,19.36,36.10,25.91,78.31
22.53,22.53,32.92,21.81,80.67
21.96,21.96,32.10,22.12,83.91
22.18,22.18,34.42,27.67,77.74
22.10,22.10,28.20,25.04,85.64
25.11,25.11,28.15,23.86,83.41
26.57,26.57,26.71,26.12,82.66
26.81,26.81,32.15,27.80,86.70
26.90,26.90,34.48,33.49,81.80
27.18,27.18,37.84,30.46,86.99
27.65,27.65,33.77,28.22,83.03
29.06,29.06,31.84,27.52,83.68
32.45,32.45,41.46,36.34,86.97
34.67,34.67,35.85,30.54,81.94
35.01,35.01,34.01,30.90,85.63
35.26,35.26,28.46,23.91,82.71
33.93,33.93,31.02,31.00,79.10
28.02,28.02,27.71,27.60,82.14
29.72,29.72,30.59,29.71,79.41
29.91,29.91,23.65,30.08,80.98
22.72,22.72,20.33,26.26,77.66
25.57,25.57,24.67,25.98,79.49
28.39,28.39,23.04,26.45,79.19
26.37,26.37,27.70,31.69,80.05
31.99,31.99,31.80,33.82,79.18
30.96,30.96,27.03,33.72,78.44
27.56,27.56,28.11,27.98,79.07
26.95,26.95,27.22,30.86,80.28
25.84,25.84,31.04,33.62,80.47
27.53,27.53,27.34,26.92,81.10
27.65,27.65,31.78,31.03,81.31
27.19,27.19,29.16,28.67,79.77
27.59,27.59,28.16,25.82,81.86
28.20,28.20,30.07,31.98,81.58
29.63,29.63,24.20,27.48,80.68
29.99,29.99,30.96,29.48,83.47
26.73,26.73,31.74,28.12,81.67
19.52,19.52,38.60,20.26,82.65
20.97,20.97,60.66,29.59,83.69
15.87,15.87,60.50,24.99,83.00
14.17,14.17,56.23,28.52,86.54
20.57,20.57,52.15,21.94,80.72
21.38,21.38,49.18,24.23,81.79
25.20,25.20,47.68,22.76,83.05
26.04,26.04,46.43,21.53,82.59
26.35,26.35,45.44,21.99,82.74
24.57,24.57,47.40,23.18,79.58
20.73,20.73,50.71,25.65,84.71
17.47,17.47,50.63,26.43,82.24
14.74,14.74,48.54,31.78,78.21
15.59,15.59,48.09,27.58,83.08
16.06,16.06,47.31,25.95,82.68
16.98,16.98,47.67,25.34,78.92
16.95,16.95,47.91,29.23,85.37
18.80,18.80,48.39,28.84,83.82
18.50,18.50,45.92,23.43,84.34
19.26,19.26,45.55,21.26,86.19
20.23,20.23,44.45,22.63,84.25
19.92,19.92,45.28,21.93,86.23
19.92,19.92,45.16,21.30,86.03
19.76,19.76,44.29,29.18,87.09
19.42,19.42,42.98,31.26,86.17
20.64,20.64,41.71,23.44,85.35
19.03,19.03,41.59,25.57,84.09
19.56,19.56,40.64,18.92,82.10
21.34,21.34,40.06,22.50,84.75
22.12,22.12,38.94,22.68,82.07
24.06,24.06,39.21,28.47,81.03
25.53,25.53,37.83,21.43,82.02
28.66,28.66,38.66,29.66,85.14
30.56,30.56,34.07,19.62,82.40
37.97,37.97,32.45,16.11,82.98
41.72,41.72,33.28,25.22,82.82
39.90,39.90,36.63,30.51,82.56
33.72,33.72,34.98,27.09,80.28
29.93,29.93,31.94,21.53,80.04
27.84,27.84,31.09,23.19,79.32
23.20,23.20,32.05,26.87,78.89
20.36,20.36,35.20,31.99,83.18
21.16,21.16,33.83,26.78,82.02
22.60,22.60,31.09,27.98,83.06
24.06,24.06,31.20,25.02,82.65
31.30,31.30,29.63,31.28,82.47
31.97,31.97,32.67,33.41,84.02
32.45,32.45,24.41,29.39,85.08
34.02,34.02,20.41,26.67,84.47
30.44,30.44,23.17,24.34,82.93
29.88,29.88,25.19,24.97,84.24
33.52,33.52,29.52,29.58,82.79
33.40,33.40,27.05,26.24,81.86
34.27,34.27,28.24,28.47,82.78
32.51,32.51,25.63,27.66,82.55
34.93,34.93,29.89,34.94,81.59
34.87,34.87,27.61,29.77,81.21
35.57,35.57,26.56,21.94,82.39
33.84,33.84,28.27,22.58,77.83
31.57,31.57,29.64,25.23,78.69
28.41,28.41,34.16,34.51,78.60
38.57,38.57,35.26,27.50,78.89
34.36,34.36,31.41,22.59,79.60
29.25,29.25,30.49,24.65,70.79
35.28,35.28,27.72,25.41,77.70
34.78,34.78,29.20,27.82,79.44
37.04,37.04,27.69,26.77,76.57
34.59,34.59,24.69,21.30,74.08
32.84,32.84,23.84,25.86,73.52
32.63,32.63,24.65,23.16,78.61
34.21,34.21,27.39,18.39,80.94
35.20,35.20,27.42,25.37,74.86
37.40,37.40,27.23,21.61,75.92
40.58,40.58,28.93,21.34,81.15
41.03,41.03,29.25,24.39,80.39
39.44,39.44,34.62,28.74,72.01
41.19,41.19,32.55,24.12,73.97
39.46,39.46,42.07,20.84,78.86
27.94,27.94,50.78,18.19,78.11
15.11,15.11,58.56,15.97,78.30
10.85,10.85,69.50,14.82,77.26
1.62,1.62,71.14,15.81,77.60
0.59,0.59,74.29,14.95,81.08
6.30,6.30,70.90,17.31,82.49
15.81,15.81,69.33,15.43,81.05
20.78,20.78,67.84,18.16,75.81
18.33,18.33,68.96,19.30,84.18
17.10,17.10,69.02,24.73,84.61
14.57,14.57,71.28,19.77,83.66
15.62,15.62,72.70,28.82,77.74
15.70,15.70,74.29,32.82,83.02
13.31,13.31,74.65,27.67,86.07
10.90,10.90,73.69,31.07,83.16
13.44,13.44,74.60,23.12,83.37
16.04,16.04,72.67,23.52,83.70
17.74,17.74,72.74,28.48,85.24
16.43,16.43,72.87,27.48,83.31
14.48,14.48,72.45,28.95,86.08
11.22,11.22,71.00,20.59,83.85
16.73,16.73,70.96,17.07,86.29
23.15,23.15,77.44,11.63,81.10
23.64,23.64,74.57,7.67,84.27
21.19,21.19,74.58,14.71,89.72
18.80,18.80,76.01,15.07,86.39
13.00,13.00,76.69,13.32,76.76
9.97,9.97,77.25,6.40,87.41
12.65,12.65,72.86,9.74,89.45
13.29,13.29,75.85,6.25,87.26
17.63,17.63,74.48,9.76,81.27
19.92,19.92,74.43,11.00,85.97
17.08,17.08,76.77,13.62,89.10
15.61,15.61,74.28,12.72,85.18
14.87,14.87,74.79,7.53,85.29
17.83,17.83,79.43,12.54,78.93
23.85,23.85,81.68,15.73,87.95
22.22,22.22,84.84,14.99,81.91
11.10,11.10,75.96,18.60,84.25
1.55,1.55,76.31,27.28,81.44
0.01,0.01,75.29,38.57,79.20
0.74,0.74,81.69,51.10,82.96
9.99,9.99,88.87,59.29,79.92
10.01,10.01,85.34,58.29,81.73
4.79,4.79,84.63,61.11,83.95
0.18,0.18,85.76,63.42,82.45
0.11,0.11,83.49,64.16,86.79
0.90,0.90,78.25,64.67,88.32
1.76,1.76,75.72,65.79,87.07
9.46,9.46,82.78,68.48,84.64
14.37,14.37,83.74,71.50,84.27
15.44,15.44,84.26,72.88,80.19
17.04,17.04,83.56,72.47,80.50
14.65,14.65,80.28,71.30,80.41
13.32,13.32,83.97,70.12,79.85
5.20,5.20,90.85,68.21,76.82
3.42,3.42,91.76,69.16,77.46
1.60,1.60,90.65,69.18,79.74
0.28,0.28,86.84,67.23,81.07
0.07,0.07,89.35,63.76,78.24
0.23,0.23,84.45,59.82,82.75
4.76,4.76,72.95,50.59,78.12
11.17,11.17,76.87,41.72,85.43
5.11,5.11,78.22,51.93,84.72
7.98,7.98,73.72,51.82,84.71
5.64,5.64,77.27,48.49,84.28
4.58,4.58,80.60,55.42,83.17
3.68,3.68,79.15,56.63,85.01
3.61,3.61,81.09,58.19,82.44
1.35,1.35,83.92,59.41,83.08
1.66,1.66,87.18,59.32,83.42
11.04,11.04,79.27,56.61,85.50
15.06,15.06,83.65,51.96,83.30
8.22,8.22,79.93,42.85,85.48
7.66,7.66,70.58,42.62,83.02
5.02,5.02,74.88,50.49,82.95
4.83,4.83,73.37,49.37,82.19
4.75,4.75,78.16,55.37,83.98
6.07,6.07,80.97,58.22,81.26
4.06,4.06,78.62,63.88,83.92
4.25,4.25,77.22,66.05,84.30
17.35,17.35,84.60,70.19,83.40
12.98,12.98,82.98,73.32,82.77
12.95,12.95,76.12,74.60,83.52
14.85,14.85,85.61,77.74,84.65
10.87,10.87,77.16,77.27,83.39
7.34,7.34,81.30,75.85,83.46
5.14,5.14,82.29,78.00,83.50
6.85,6.85,72.48,77.89,82.36
6.39,6.39,78.56,75.40,84.80
7.02,7.02,74.61,71.59,83.51
14.22,14.22,70.39,72.59,85.28
14.24,14.24,79.53,75.86,81.65
10.49,10.49,75.23,72.58,83.38
11.69,11.69,72.41,64.91,83.52
10.37,10.37,71.88,59.56,84.29
10.14,10.14,77.43,54.95,83.09
15.30,15.30,71.93,52.13,84.41
15.05,15.05,75.84,54.08,84.67
15.30,15.30,76.38,52.10,84.28
15.51,15.51,75.18,58.07,84.52
22.75,22.75,70.97,57.15,87.13
25.73,25.73,67.28,57.51,88.74
20.80,20.80,68.29,50.71,87.01
13.01,13.01,68.10,52.09,85.99
10.22,10.22,63.97,51.51,84.46
11.62,11.62,61.38,55.28,85.72
12.20,12.20,60.98,55.89,82.78
11.70,11.70,70.05,56.35,85.93
10.14,10.14,67.15,57.89,84.51
11.17,11.17,67.83,57.45,85.36
11.47,11.47,68.97,59.01,83.12
10.63,10.63,62.99,56.31,86.62
9.45,9.45,68.11,59.09,86.32
10.19,10.19,64.25,55.93,83.94
10.82,10.82,69.85,62.15,82.57
12.69,12.69,68.71,63.60,81.76
15.76,15.76,66.35,61.47,85.01
14.74,14.74,63.15,59.07,84.98
9.57,9.57,62.23,54.81,81.36
13.21,13.21,84.63,68.69,81.26
18.10,18.10,85.24,69.87,82.43
15.19,15.19,84.87,71.70,85.44
15.41,15.41,82.75,73.14,85.10
16.12,16.12,80.02,69.37,84.10
14.07,14.07,75.71,67.28,84.59
12.55,12.55,77.01,68.88,83.80
15.11,15.11,79.71,72.09,85.34
14.72,14.72,83.20,74.20,84.60
14.54,14.54,83.58,76.70,86.89
13.42,13.42,82.25,77.30,85.14
15.44,15.44,85.45,76.50,85.84
14.76,14.76,86.27,77.82,83.71
17.74,17.74,83.71,76.12,86.10
20.04,20.04,82.97,73.96,85.81
22.74,22.74,86.80,75.16,85.00
23.63,23.63,84.30,73.59,85.59
21.12,21.12,80.90,77.06,86.63
17.10,17.10,86.95,77.58,85.62
12.80,12.80,83.92,75.71,85.81
9.57,9.57,73.39,69.25,86.02
11.00,11.00,81.97,69.79,84.52
10.99,10.99,75.56,67.82,86.12
15.18,15.18,78.21,64.41,85.81
18.87,18.87,74.12,71.33,84.72
20.26,20.26,86.20,77.99,82.99
21.99,21.99,79.38,78.96,85.39
24.83,24.83,77.35,75.14,82.98
23.38,23.38,73.96,71.73,82.41
18.46,18.46,71.67,69.72,83.45
15.19,15.19,77.83,75.02,81.17
17.00,17.00,78.64,79.66,82.96
18.82,18.82,83.89,81.49,80.40
22.37,22.37,81.72,82.05,83.89
21.53,21.53,86.64,83.43,79.11
23.16,23.16,87.06,82.71,80.96
23.17,23.17,78.70,81.59,82.04
25.33,25.33,85.74,80.36,81.87
23.23,23.23,84.39,76.95,82.18
16.11,16.11,72.33,76.09,83.26
10.14,10.14,81.59,73.43,80.50
12.79,12.79,78.89,66.14,79.93
8.88,8.88,83.28,73.13,81.06
12.97,12.97,82.49,74.61,84.66
7.64,7.64,81.17,74.71,82.88
8.23,8.23,87.30,74.85,82.23
9.28,9.28,77.72,73.87,83.99
11.59,11.59,82.22,75.32,83.42
7.16,7.16,83.59,75.67,83.26
9.55,9.55,78.67,72.76,84.60
10.34,10.34,76.14,72.11,82.19
12.70,12.70,83.08,72.37,83.32
7.14,7.14,76.06,70.28,84.24
8.23,8.23,68.17,62.34,84.51
6.93,6.93,75.81,64.06,85.60
8.93,8.93,74.93,69.22,84.44
8.51,8.51,72.99,67.84,83.90
7.11,7.11,79.76,71.42,85.28
6.88,6.88,79.74,66.70,84.44
7.38,7.38,75.02,65.17,87.02
8.40,8.40,75.64,62.10,84.61
10.35,10.35,71.27,69.97,88.40
7.13,7.13,75.84,73.78,86.81
10.98,10.98,72.45,75.18,86.92
9.27,9.27,73.30,74.37,85.06
8.11,8.11,67.42,71.92,83.34
10.95,10.95,71.00,71.87,84.20
11.16,11.16,68.13,69.05,84.59
13.85,13.85,64.33,63.88,85.26
9.63,9.63,68.71,65.22,84.83
10.09,10.09,66.09,63.59,83.64
10.74,10.74,64.38,64.70,82.63
10.02,10.02,67.14,58.47,83.68
10.50,10.50,66.14,63.14,84.21
10.04,10.04,70.66,67.65,83.80
10.52,10.52,67.18,68.95,82.08
10.84,10.84,66.25,68.20,83.26
8.56,8.56,69.27,69.55,82.60
5.16,5.16,69.62,70.24,80.06
9.33,9.33,81.27,70.46,82.34
8.88,8.88,87.28,74.93,82.47
11.64,11.64,83.29,72.70,81.49
11.11,11.11,83.07,71.62,83.45
11.50,11.50,81.62,71.51,84.18
11.41,11.41,74.07,69.15,85.14
15.36,15.36,72.47,67.39,84.83
18.27,18.27,73.64,69.45,86.19
17.52,17.52,81.56,75.51,86.06
15.51,15.51,78.90,78.43,84.87
11.05,11.05,77.44,79.70,85.44
13.57,13.57,76.47,80.03,85.37
14.02,14.02,79.70,81.83,85.10
16.84,16.84,72.21,82.57,84.67
19.07,19.07,78.72,84.26,84.95
20.08,20.08,82.11,85.54,83.52
21.94,21.94,78.99,84.87,84.11
24.49,24.49,74.63,83.75,84.17
24.68,24.68,82.13,86.00,80.71
22.35,22.35,79.13,85.88,80.54
17.15,17.15,75.99,83.58,81.76
16.93,16.93,66.34,79.41,83.95
14.44,14.44,74.13,74.42,84.40
16.39,16.39,65.79,71.48,83.12
17.02,17.02,69.89,74.17,85.32
17.18,17.18,82.68,77.97,84.73
17.69,17.69,77.63,78.82,83.04
20.31,20.31,69.81,77.86,84.16
21.49,21.49,76.15,77.07,84.35
18.73,18.73,79.18,78.10,84.01
18.51,18.51,76.75,76.76,86.23
15.78,15.78,76.54,74.38,83.73
13.09,13.09,75.71,68.02,81.94
16.74,16.74,63.04,52.55,82.55
18.83,18.83,59.52,54.85,85.77
16.16,16.16,69.83,58.32,83.06
16.90,16.90,67.66,56.41,84.11
18.05,18.05,73.77,60.77,85.09
16.98,16.98,72.31,63.33,83.78
11.42,11.42,76.48,64.61,82.31
19.56,19.56,80.44,66.64,82.75
15.51,15.51,86.52,74.94,82.45
13.39,13.39,76.73,71.82,82.99
13.14,13.14,83.77,75.95,84.72
12.41,12.41,80.23,76.39,83.82
13.95,13.95,76.66,75.56,85.28
13.89,13.89,81.37,75.81,84.00
14.53,14.53,75.96,75.36,84.59
17.23,17.23,75.44,76.19,85.80
17.28,17.28,77.22,76.14,84.49
16.09,16.09,72.88,74.00,86.48
15.09,15.09,73.32,74.79,83.75
16.22,16.22,76.43,75.20,83.66
16.03,16.03,67.63,70.65,85.13
17.04,17.04,63.90,65.84,83.90
18.82,18.82,71.98,65.16,84.36
27.05,27.05,74.43,64.54,87.25
22.66,22.66,70.79,57.24,83.08
16.85,16.85,75.22,63.32,88.08
14.57,14.57,73.72,67.13,84.86
15.03,15.03,70.87,67.39,86.17
17.34,17.34,65.47,63.33,87.94
11.75,11.75,70.44,59.44,86.82
14.02,14.02,65.35,60.30,87.40
12.71,12.71,62.15,62.18,85.27
14.47,14.47,61.59,62.20,86.21
15.75,15.75,59.12,59.01,85.51
17.38,17.38,66.32,62.15,85.39
16.05,16.05,66.52,58.43,84.78
9.53,9.53,64.38,56.15,85.73
13.32,13.32,68.48,61.18,84.78
11.67,11.67,61.02,56.31,81.56
15.07,15.07,63.73,53.10,86.19
16.32,16.32,65.08,58.94,83.99
16.25,16.25,62.69,60.22,83.10
17.16,17.16,63.08,57.02,84.28
18.55,18.55,65.42,63.66,83.79
14.62,14.62,60.93,61.19,82.12
12.16,12.16,65.03,59.93,82.84
12.31,12.31,78.60,62.68,83.69
13.18,13.18,87.26,71.70,81.57
13.28,13.28,84.75,72.72,82.21
13.04,13.04,82.02,70.93,83.62
18.27,18.27,79.96,71.87,82.47
19.73,19.73,71.48,69.05,84.45
19.19,19.19,75.21,71.86,85.51
19.57,19.57,75.51,76.40,84.41
14.88,14.88,82.43,78.59,84.27
9.24,9.24,80.94,80.99,84.84
12.06,12.06,80.95,81.81,85.05
12.83,12.83,85.65,82.39,83.67
13.65,13.65,84.50,81.27,85.84
16.19,16.19,79.63,78.35,85.09
18.69,18.69,79.89,80.15,85.58
20.55,20.55,84.84,81.30,86.16
23.52,23.52,84.43,81.44,86.04
24.34,24.34,78.89,81.06,88.08
21.69,21.69,85.95,80.47,86.82
20.28,20.28,81.16,77.98,88.73
15.96,15.96,76.90,66.76,88.81
15.11,15.11,78.75,67.70,87.47
16.92,16.92,78.15,65.52,86.97
19.20,19.20,78.81,68.98,86.26
24.27,24.27,78.21,69.98,87.57
24.68,24.68,86.93,78.02,83.69
26.23,26.23,79.72,78.29,85.35
25.88,25.88,78.59,77.04,84.02
23.22,23.22,74.32,72.74,85.01
20.07,20.07,79.16,72.39,85.16
15.38,15.38,73.26,73.60,83.58
16.90,16.90,80.40,79.20,82.28
13.77,13.77,81.30,83.37,80.15
15.52,15.52,80.31,84.48,82.33
17.42,17.42,84.65,85.40,80.69
16.93,16.93,85.72,85.59,78.49
19.77,19.77,74.04,83.65,79.84
20.60,20.60,79.76,84.29,78.41
19.52,19.52,84.14,83.65,79.19
15.22,15.22,74.22,80.00,82.72
12.07,12.07,80.54,71.83,83.29
9.35,9.35,83.80,60.32,82.53
8.96,8.96,85.01,52.17,85.11
8.10,8.10,85.14,54.59,85.09
8.83,8.83,82.73,52.89,82.81
16.18,16.18,86.64,55.03,82.40
12.01,12.01,83.14,53.07,84.14
12.57,12.57,79.50,55.83,82.92
13.50,13.50,86.67,61.62,81.50
22.35,22.35,75.65,52.58,82.33
18.81,18.81,79.63,57.56,81.21
14.52,14.52,82.70,62.84,80.90
5.90,5.90,77.21,60.89,80.70
14.34,14.34,70.89,57.56,80.91
7.44,7.44,73.61,62.49,84.71
5.27,5.27,73.47,68.60,81.74
9.13,9.13,79.23,71.19,81.90
16.24,16.24,75.34,73.25,81.08
22.14,22.14,79.22,71.62,84.55
23.36,23.36,78.42,71.74,82.80
19.23,19.23,73.24,68.94,83.41
15.22,15.22,73.98,72.50,87.24
11.93,11.93,72.96,74.90,87.86
13.73,13.73,70.70,76.99,84.30
6.41,6.41,73.70,74.48,87.51
9.16,9.16,70.92,75.57,83.93
14.87,14.87,71.70,75.75,84.10
4.76,4.76,70.89,72.31,84.47
7.25,7.25,66.85,67.00,82.68
4.98,4.98,70.59,63.94,83.48
8.12,8.12,69.54,59.22,83.31
13.70,13.70,70.69,68.09,82.90
12.16,12.16,71.26,63.20,81.87
15.25,15.25,73.10,65.34,83.91
9.48,9.48,71.84,65.43,85.65
13.67,13.67,72.64,73.62,85.00
9.56,9.56,69.09,76.22,82.51
7.01,7.01,70.35,73.26,82.56
2.73,2.73,72.93,70.92,83.09
1.91,1.91,80.00,67.63,85.57
16.53,16.53,86.50,69.05,83.15
16.24,16.24,85.63,70.84,84.42
4.92,4.92,82.86,67.23,84.24
6.80,6.80,81.21,67.12,88.41
8.53,8.53,72.14,62.46,83.45
10.03,10.03,70.82,65.51,82.99
8.74,8.74,77.28,72.35,82.80
9.63,9.63,82.95,76.55,83.49
5.12,5.12,79.14,77.22,83.03
14.17,14.17,78.75,78.93,84.52
14.01,14.01,75.99,81.31,81.25
12.20,12.20,79.08,82.59,81.88
7.90,7.90,79.90,83.17,81.48
9.01,9.01,77.40,83.06,81.96
11.57,11.57,84.59,84.03,80.14
9.83,9.83,83.87,84.94,81.57
9.98,9.98,74.14,85.08,80.19
10.10,10.10,83.16,85.06,83.32
6.97,6.97,82.22,83.79,80.64
7.17,7.17,76.24,79.72,84.09
15.57,15.57,72.71,78.67,85.52
18.46,18.46,72.32,76.03,85.58
16.34,16.34,69.29,71.11,84.22
13.97,13.97,69.02,67.70,87.36
17.37,17.37,79.06,74.60,84.32
15.95,15.95,82.94,76.93,84.23
10.89,10.89,67.96,76.40,83.73
8.22,8.22,77.09,77.10,83.80
8.50,8.50,79.04,77.59,82.53
10.40,10.40,79.12,75.33,83.74
14.39,14.39,74.89,71.76,84.70
15.29,15.29,78.88,69.09,83.23
12.38,12.38,65.72,64.30,85.17
11.50,11.50,61.81,59.17,83.77
11.08,11.08,63.69,61.35,81.17
10.76,10.76,71.17,63.85,82.78
12.63,12.63,69.85,60.92,80.49
13.58,13.58,76.11,62.42,84.03
11.57,11.57,74.68,63.32,83.31
15.38,15.38,78.14,67.71,85.13
11.89,11.89,89.09,74.50,79.58
5.51,5.51,81.02,71.83,83.03
10.68,10.68,84.65,73.67,83.27
11.79,11.79,85.28,75.08,83.38
7.64,7.64,78.33,73.40,83.01
6.71,6.71,86.42,72.19,81.55
9.45,9.45,79.66,73.29,83.47
10.16,10.16,79.22,73.14,82.81
6.02,6.02,80.54,72.06,82.29
8.88,8.88,77.77,67.42,82.81
17.58,17.58,76.78,71.90,81.77
11.42,11.42,77.37,76.06,80.25
8.84,8.84,71.07,70.05,81.40
12.34,12.34,65.17,65.71,82.76
14.93,14.93,75.25,66.73,85.39
15.68,15.68,73.69,65.40,84.48
14.95,14.95,72.76,66.60,83.97
11.80,11.80,72.58,64.50,84.47
13.59,13.59,74.90,71.65,85.83
15.66,15.66,72.82,71.08,86.81
18.93,18.93,65.67,69.01,88.31
14.55,14.55,69.76,64.75,88.19
12.92,12.92,66.59,63.08,85.32
11.86,11.86,58.64,62.70,84.85
17.56,17.56,62.17,62.63,84.84
23.19,23.19,60.77,65.91,83.72
21.52,21.52,62.23,66.89,84.50
22.20,22.20,63.28,66.31,84.88
16.71,16.71,65.04,67.58,85.86
16.21,16.21,69.33,65.97,82.37
18.29,18.29,62.94,65.72,85.92
11.67,11.67,62.43,66.66,85.95
7.99,7.99,67.16,63.13,84.59
9.79,9.79,61.74,64.63,83.40
11.03,11.03,65.05,63.62,81.21
16.09,16.09,63.55,63.91,81.42
17.25,17.25,61.35,58.67,83.48
14.01,14.01,64.22,62.18,83.39
8.45,8.45,75.37,67.60,80.47
9.22,9.22,88.26,75.45,78.87
10.55,10.55,85.17,76.85,82.05
13.95,13.95,83.08,76.70,84.75
15.60,15.60,77.21,70.80,84.98
15.35,15.35,76.33,65.20,83.45
14.05,14.05,71.22,64.80,85.87
16.54,16.54,80.61,74.01,84.35
18.67,18.67,83.47,77.43,85.45
21.86,21.86,83.57,78.09,84.08
21.16,21.16,77.67,78.71,88.01
15.09,15.09,83.62,79.26,85.05
12.97,12.97,84.64,81.76,85.13
11.83,11.83,80.62,81.27,85.50
14.43,14.43,77.63,79.24,86.74
17.35,17.35,83.30,80.19,85.77
20.10,20.10,85.48,80.56,83.57
22.05,22.05,77.78,81.97,85.77
19.98,19.98,84.07,83.35,85.86
17.10,17.10,82.81,82.08,85.91
14.52,14.52,74.91,76.70,86.53
17.53,17.53,72.58,69.14,88.01
18.36,18.36,79.26,66.77,84.01
17.13,17.13,77.32,70.15,86.36
16.97,16.97,74.69,69.34,84.69
17.23,17.23,83.94,79.59,83.20
21.44,21.44,78.04,82.01,83.83
24.28,24.28,82.43,78.08,84.87
24.86,24.86,73.91,73.06,83.66
24.85,24.85,79.73,72.54,84.58
22.21,22.21,73.93,75.25,82.48
20.90,20.90,79.97,79.11,82.34
18.51,18.51,77.08,81.28,82.24
21.35,21.35,80.43,81.19,83.11
22.38,22.38,81.48,83.51,82.06
23.92,23.92,85.26,84.23,81.42
23.30,23.30,84.00,83.90,82.70
24.66,24.66,78.26,82.60,81.83
24.70,24.70,88.38,79.79,82.55
19.64,19.64,77.90,78.27,83.21
17.64,17.64,78.57,74.14,82.39
10.81,10.81,78.43,73.22,79.78
14.60,14.60,83.42,77.97,80.69
9.48,9.48,84.27,78.55,83.90
15.15,15.15,72.47,77.67,83.42
19.43,19.43,81.10,79.22,81.93
16.55,16.55,77.53,78.76,83.77
12.72,12.72,71.93,79.50,82.90
11.72,11.72,84.51,79.80,80.46
5.47,5.47,78.27,79.12,85.13
10.62,10.62,74.74,75.57,81.78
17.30,17.30,79.39,76.22,84.57
12.43,12.43,79.43,76.26,80.72
9.31,9.31,66.84,71.72,83.49
7.37,7.37,76.66,71.88,84.39
9.42,9.42,80.35,72.09,83.50
12.11,12.11,72.65,73.52,82.65
12.32,12.32,70.80,70.68,82.02
7.71,7.71,77.11,69.84,85.37
13.51,13.51,73.15,65.40,84.26
12.33,12.33,73.61,64.07,86.19
21.41,21.41,68.40,63.62,85.96
24.79,24.79,72.34,72.69,86.36
20.07,20.07,73.35,77.04,85.89
12.49,12.49,67.38,77.05,85.21
10.27,10.27,71.45,75.01,84.54
5.88,5.88,69.44,71.70,86.51
4.60,4.60,69.85,71.64,84.25
4.68,4.68,66.42,69.10,84.62
10.65,10.65,66.64,72.08,86.46
2.46,2.46,66.54,67.83,83.70
10.80,10.80,64.32,67.61,83.20
8.08,8.08,64.02,59.93,84.14
9.84,9.84,68.15,62.71,84.95
9.89,9.89,65.90,66.81,84.52
8.47,8.47,66.46,66.80,84.27
7.57,7.57,65.53,70.92,85.34
11.33,11.33,64.14,69.05,82.36
5.11,5.11,70.65,75.99,83.18
10.61,10.61,76.89,73.73,80.68
11.51,11.51,87.32,78.48,81.97
12.89,12.89,83.22,76.89,83.31
7.22,7.22,82.94,75.97,82.62
9.05,9.05,76.17,71.56,83.24
12.71,12.71,73.57,66.42,84.61
14.77,14.77,73.32,66.81,84.78
16.59,16.59,76.12,71.01,84.89
16.59,16.59,80.17,77.29,84.69
14.73,14.73,80.36,79.71,82.34
11.58,11.58,75.02,79.13,84.62
10.30,10.30,71.24,78.90,84.86
8.68,8.68,77.70,79.72,86.22
9.41,9.41,77.99,81.83,85.62
13.31,13.31,73.50,83.38,84.24
16.51,16.51,80.29,84.85,83.16
21.59,21.59,81.36,85.30,82.82
24.93,24.93,76.76,83.97,83.55
22.63,22.63,76.41,85.60,82.23
21.16,21.16,79.95,86.46,80.95
16.49,16.49,72.61,84.90,83.90
13.78,13.78,69.27,81.70,81.72
17.09,17.09,68.08,78.93,84.98
11.76,11.76,70.88,75.49,84.66
13.39,13.39,69.08,75.07,81.93
13.37,13.37,77.25,78.47,85.41
14.19,14.19,81.29,80.10,83.96
15.70,15.70,73.16,79.29,81.17
20.75,20.75,74.07,78.60,85.34
22.69,22.69,74.01,78.47,81.02
16.18,16.18,78.76,78.71,83.30
16.56,16.56,75.57,76.47,84.13
15.44,15.44,76.13,72.40,83.44
12.49,12.49,72.00,62.34,81.91
11.78,11.78,59.73,57.63,84.01
11.50,11.50,61.21,63.12,82.56
14.55,14.55,72.02,65.77,83.59
18.66,18.66,68.68,66.43,83.38
17.42,17.42,77.30,64.91,85.35
15.97,15.97,74.16,66.67,83.46
13.00,13.00,76.86,67.08,83.05
10.66,10.66,87.04,73.59,83.02
9.07,9.07,82.07,66.34,84.35
10.85,10.85,83.46,69.95,85.87
11.92,11.92,83.90,72.27,81.88
13.71,13.71,78.01,68.13,84.44
14.71,14.71,83.87,72.46,83.29
15.12,15.12,81.84,74.22,84.29
16.02,16.02,78.74,74.62,84.07
13.35,13.35,79.36,74.80,84.17
6.49,6.49,74.58,72.07,85.04
6.59,6.59,74.96,75.12,84.13
10.01,10.01,78.74,76.78,82.62
9.58,9.58,72.48,72.98,83.16
12.20,12.20,66.27,66.51,83.54
13.87,13.87,72.53,68.41,82.14
13.86,13.86,75.70,69.20,83.60
15.64,15.64,69.20,62.06,82.04
16.40,16.40,73.93,63.38,83.88
15.57,15.57,75.20,65.37,87.60
15.03,15.03,73.67,69.32,84.54
20.13,20.13,68.17,66.62,85.19
15.56,15.56,67.95,65.03,86.93
15.96,15.96,67.37,66.96,86.68
20.30,20.30,63.41,67.70,85.10
15.20,15.20,61.10,67.88,85.78
15.56,15.56,59.48,68.38,83.88
17.25,17.25,63.89,66.30,85.02
16.43,16.43,64.01,66.31,85.56
17.54,17.54,60.69,66.27,85.65
17.53,17.53,66.78,66.18,85.54
18.64,18.64,62.44,65.33,85.12
16.23,16.23,60.16,62.22,83.13
15.06,15.06,65.69,61.35,84.36
15.48,15.48,58.56,61.38,83.51
15.37,15.37,62.41,61.63,84.44
15.59,15.59,62.08,63.42,82.57
15.97,15.97,60.60,62.79,83.34
14.24,14.24,61.41,61.42,81.09
5.51,5.51,69.11,61.72,79.19
8.75,8.75,88.44,75.30,79.09
10.75,10.75,85.64,78.83,81.45
13.01,13.01,82.27,77.25,83.95
16.65,16.65,78.12,75.36,82.96
17.71,17.71,73.68,66.92,83.63
20.17,20.17,74.50,72.23,84.84
20.55,20.55,79.86,78.60,85.60
19.90,19.90,80.22,79.97,85.31
18.31,18.31,81.95,81.54,83.75
15.72,15.72,75.34,81.92,85.64
12.22,12.22,85.00,83.40,84.14
13.55,13.55,83.42,83.82,83.27
14.59,14.59,71.83,81.31,84.46
18.87,18.87,74.60,80.86,85.72
22.30,22.30,77.69,82.81,84.77
26.51,26.51,83.35,85.09,84.22
29.03,29.03,76.52,84.69,85.82
28.57,28.57,79.44,83.26,85.85
25.43,25.43,82.21,83.20,86.20
24.06,24.06,75.66,78.62,86.69
24.30,24.30,70.48,70.79,86.68
21.38,21.38,78.49,70.58,86.47
18.36,18.36,76.09,73.42,84.74
19.67,19.67,78.87,71.96,86.00
20.54,20.54,81.86,80.96,84.30
21.85,21.85,79.21,81.59,83.65
23.66,23.66,80.43,80.47,85.22
23.68,23.68,70.99,77.33,85.10
22.79,22.79,77.01,77.10,84.28
18.51,18.51,75.63,78.28,84.16
19.71,19.71,79.24,78.72,82.33
20.62,20.62,71.07,83.46,82.54
19.59,19.59,75.93,84.50,83.83
23.09,23.09,74.77,85.30,84.00
23.05,23.05,83.72,86.52,81.78
23.78,23.78,83.13,85.09,80.93
25.22,25.22,74.78,86.11,82.98
21.85,21.85,82.90,86.29,82.40
17.06,17.06,84.36,83.92,81.15
11.59,11.59,78.76,78.72,81.01
15.14,15.14,81.62,71.45,82.03
8.51,8.51,86.00,67.01,82.95
2.31,2.31,87.52,66.75,82.30
11.28,11.28,81.50,64.51,84.60
11.31,11.31,84.06,70.01,81.07
12.60,12.60,84.55,73.03,82.69
17.69,17.69,78.14,69.50,81.08
9.44,9.44,86.92,71.81,80.44
15.12,15.12,81.13,72.70,81.86
16.54,16.54,77.54,67.92,80.42
14.87,14.87,76.97,70.07,82.17
9.49,9.49,82.78,72.20,82.33
10.60,10.60,71.84,66.60,83.03
9.41,9.41,72.86,64.00,80.48
6.87,6.87,83.03,73.59,84.33
7.92,7.92,74.82,74.60,83.04
11.91,11.91,69.98,73.33,82.58
11.32,11.32,74.23,74.24,84.05
10.25,10.25,75.12,70.62,84.05
13.02,13.02,73.08,66.01,84.79
19.39,19.39,74.67,65.34,85.60
19.19,19.19,73.70,66.68,87.46
29.94,29.94,73.64,70.78,86.16
30.71,30.71,71.49,74.24,85.43
17.13,17.13,75.93,72.24,84.79
13.27,13.27,69.85,73.15,82.53
12.29,12.29,70.62,72.15,84.83
9.59,9.59,67.03,69.24,81.77
8.19,8.19,68.93,71.67,82.82
8.05,8.05,72.17,74.33,81.15
15.52,15.52,70.13,69.61,82.32
5.78,5.78,68.02,66.16,81.65
11.89,11.89,69.46,65.67,85.00
7.93,7.93,68.38,69.93,85.10
9.04,9.04,71.31,72.26,80.88
8.11,8.11,66.94,76.89,84.02
3.57,3.57,66.30,76.28,81.95
3.13,3.13,72.02,72.58,82.34
3.39,3.39,76.25,72.01,83.13
7.20,7.20,87.15,75.48,82.32
16.41,16.41,86.95,77.53,82.49
6.31,6.31,81.86,74.32,84.14
6.59,6.59,75.80,73.22,84.03
5.54,5.54,69.63,66.28,87.72
8.47,8.47,73.65,69.76,83.13
12.03,12.03,77.33,74.85,84.84
7.08,7.08,79.48,77.99,83.19
3.61,3.61,80.07,78.66,82.42
7.72,7.72,72.31,78.86,85.25
13.39,13.39,75.14,80.53,83.31
13.66,13.66,77.53,83.19,81.65
9.71,9.71,80.36,84.88,81.13
11.01,11.01,72.57,84.81,82.24
5.98,5.98,80.61,85.82,81.24
9.68,9.68,82.24,86.65,82.46
13.66,13.66,79.27,86.91,82.33
15.86,15.86,78.56,87.14,81.00
17.34,17.34,80.45,86.64,83.03
18.15,18.15,72.41,83.64,82.62
17.83,17.83,72.77,84.68,84.37
17.90,17.90,74.79,84.10,84.48
20.92,20.92,70.34,80.26,85.34
16.45,16.45,67.97,75.70,84.30
15.23,15.23,71.20,75.50,84.79
14.81,14.81,79.72,81.54,84.54
16.76,16.76,76.79,82.39,81.93
17.24,17.24,76.44,82.02,82.06
15.09,15.09,74.02,81.45,82.72
12.85,12.85,77.49,78.96,81.94
14.33,14.33,77.74,74.09,81.96
16.89,16.89,79.14,74.78,82.18
10.42,10.42,77.46,75.89,83.63
11.28,11.28,65.56,71.04,83.35
11.38,11.38,73.09,73.62,84.26
14.67,14.67,71.63,71.54,81.16
16.68,16.68,69.54,75.38,83.12
14.41,14.41,72.89,76.47,82.51
10.88,10.88,76.01,68.38,82.10
12.51,12.51,71.17,68.18,81.63
18.80,18.80,85.51,72.45,83.30
13.07,13.07,86.55,66.01,80.90
10.69,10.69,84.21,66.98,81.71
12.06,12.06,87.19,68.57,82.93
11.37,11.37,80.01,66.88,83.32
11.80,11.80,86.49,65.72,83.46
14.79,14.79,84.76,65.34,83.61
17.06,17.06,81.75,69.52,83.11
17.96,17.96,83.91,67.78,83.24
12.07,12.07,81.81,67.76,85.43
13.29,13.29,78.86,66.92,83.66
10.89,10.89,81.28,69.84,82.42
11.66,11.66,78.99,66.11,82.25
7.78,7.78,75.16,65.26,83.05
11.37,11.37,76.53,60.63,81.36
13.08,13.08,77.45,62.84,82.00
16.82,16.82,74.19,63.51,85.31
16.54,16.54,73.84,66.46,86.97
10.74,10.74,68.54,66.69,85.04
10.27,10.27,78.23,68.05,84.51
9.80,9.80,68.11,65.57,85.73
14.05,14.05,66.00,64.55,84.48
11.38,11.38,68.24,57.22,85.22
13.46,13.46,65.15,54.98,85.01
15.66,15.66,67.89,62.51,84.89
18.45,18.45,69.20,67.23,84.12
18.39,18.39,68.09,69.01,84.44
16.88,16.88,67.31,68.76,85.19
15.01,15.01,63.14,70.07,84.27
12.39,12.39,67.61,72.16,81.65
16.37,16.37,66.19,71.11,83.60
17.04,17.04,62.22,70.87,83.33
15.79,15.79,67.20,70.91,84.44
15.40,15.40,61.43,70.41,83.52
14.94,14.94,65.65,71.83,83.15
19.38,19.38,63.91,70.36,81.37
21.12,21.12,62.11,68.75,79.66
17.14,17.14,65.68,66.99,81.73
13.07,13.07,70.45,66.25,82.69
10.30,10.30,86.73,74.58,82.08
13.16,13.16,85.51,79.84,81.52
14.19,14.19,82.86,80.85,81.09
12.16,12.16,74.26,73.35,87.38
13.81,13.81,74.19,70.97,85.57
12.59,12.59,73.67,71.31,86.68
13.41,13.41,79.46,75.32,85.77
15.57,15.57,82.02,79.06,85.39
12.42,12.42,81.72,80.37,84.80
10.16,10.16,74.34,80.96,87.01
10.02,10.02,83.18,80.29,84.20
17.18,17.18,84.89,83.54,84.88
11.33,11.33,75.86,83.53,85.25
11.71,11.71,68.84,81.89,86.60
15.86,15.86,78.22,83.48,83.98
15.99,15.99,85.27,84.99,83.40
21.00,21.00,79.88,83.20,85.60
21.51,21.51,78.26,83.46,84.89
18.63,18.63,82.58,84.41,85.79
12.87,12.87,73.99,82.38,85.44
8.87,8.87,76.77,74.92,87.55
19.09,19.09,77.62,68.32,85.98
19.18,19.18,76.42,68.45,85.20
19.26,19.26,78.90,69.73,85.47
14.33,14.33,78.81,75.78,86.65
12.15,12.15,82.84,81.35,81.98
13.18,13.18,75.21,77.66,83.52
15.87,15.87,74.60,74.06,80.94
15.24,15.24,78.67,75.15,81.56
14.91,14.91,77.96,76.09,83.02
17.19,17.19,79.27,78.48,82.78
12.39,12.39,70.79,80.79,82.72
9.55,9.55,78.19,81.82,80.49
13.17,13.17,72.20,84.28,83.34
13.04,13.04,80.37,86.32,78.82
14.50,14.50,84.53,86.78,81.01
17.23,17.23,74.38,86.18,80.13
16.76,16.76,84.88,84.83,80.95
14.83,14.83,85.20,83.71,80.44
8.44,8.44,77.57,80.36,81.46
12.28,12.28,81.41,74.15,80.47
13.89,13.89,85.53,69.55,80.16
18.02,18.02,87.79,68.28,83.15
8.93,8.93,83.49,62.42,82.76
9.05,9.05,83.88,71.19,80.14
6.42,6.42,87.94,69.49,79.55
11.74,11.74,73.97,68.18,81.13
13.96,13.96,86.90,74.95,79.77
12.67,12.67,83.90,76.87,81.96
8.81,8.81,74.99,61.21,82.56
10.52,10.52,75.81,73.32,83.48
13.59,13.59,84.08,78.45,81.19
14.63,14.63,74.52,73.55,81.93
13.56,13.56,68.69,71.62,82.74
5.96,5.96,80.19,75.00,83.47
10.38,10.38,73.52,77.80,81.50
12.14,12.14,69.97,72.61,80.62
4.25,4.25,70.70,75.28,81.63
1.27,1.27,79.66,73.74,81.91
5.41,5.41,75.65,71.60,83.91
13.79,13.79,71.53,69.84,82.81
13.35,13.35,71.37,73.40,86.55
12.74,12.74,71.01,75.04,85.71
12.89,12.89,69.40,75.01,86.68
13.05,13.05,72.49,72.88,85.96
13.73,13.73,71.98,71.28,85.97
11.52,11.52,74.02,73.51,85.12
6.92,6.92,63.65,69.65,84.58
9.50,9.50,64.66,68.10,84.68
6.98,6.98,69.42,73.28,85.59
14.03,14.03,68.91,72.32,83.78
7.66,7.66,65.23,67.79,83.85
13.20,13.20,69.13,68.58,83.18
12.08,12.08,68.46,70.14,83.21
6.77,6.77,67.83,66.05,83.49
7.21,7.21,63.27,63.67,84.57
9.40,9.40,67.86,62.29,82.84
5.45,5.45,69.91,67.51,83.37
2.39,2.39,72.61,69.82,81.53
9.30,9.30,85.27,76.39,82.51
13.62,13.62,82.89,80.27,83.60
17.23,17.23,81.69,80.19,81.28
20.05,20.05,73.33,75.15,84.16
19.01,19.01,71.33,70.84,84.13
20.49,20.49,75.26,68.21,83.17
14.89,14.89,78.25,74.14,85.26
14.35,14.35,77.49,77.51,85.58
14.82,14.82,79.68,80.08,85.46
16.66,16.66,71.08,79.02,85.56
16.88,16.88,74.35,77.62,84.31
20.55,20.55,73.27,80.46,85.49
18.25,18.25,77.93,83.50,85.42
15.67,15.67,71.36,84.41,82.80
18.42,18.42,78.46,85.70,82.70
15.32,15.32,79.53,86.18,81.36
16.57,16.57,78.22,85.51,80.74
20.89,20.89,75.60,85.51,82.21
21.27,21.27,80.21,87.37,79.19
20.42,20.42,68.94,87.21,80.05
20.26,20.26,67.05,85.71,81.84
23.07,23.07,64.60,84.09,85.53
21.21,21.21,70.94,83.75,85.24
21.44,21.44,64.05,83.19,82.64
20.86,20.86,65.21,83.55,84.65
21.01,21.01,81.32,84.74,81.59
21.12,21.12,74.84,84.47,81.78
28.16,28.16,73.64,84.62,83.58
30.85,30.85,75.16,83.35,84.67
26.70,26.70,78.09,78.95,81.68
20.91,20.91,75.83,75.60,85.19
12.66,12.66,81.82,76.70,82.38
6.73,6.73,74.37,76.27,82.24
8.13,8.13,74.35,77.17,81.96
9.40,9.40,73.73,78.62,81.64
12.31,12.31,75.84,78.03,83.26
13.72,13.72,70.45,73.71,82.19
14.82,14.82,71.22,73.88,84.37
13.77,13.77,72.03,73.66,82.66
10.32,10.32,75.50,75.29,83.17
17.45,17.45,81.81,74.53,84.60
12.75,12.75,86.71,72.09,84.30
16.93,16.93,84.61,70.84,86.72
21.61,21.61,83.64,70.80,83.50
24.02,24.02,81.57,69.15,83.81
13.63,13.63,85.21,71.06,84.66
11.88,11.88,84.12,70.37,85.07
12.56,12.56,81.50,71.16,83.70
10.77,10.77,81.37,73.72,83.05
9.02,9.02,79.84,74.64,84.83
14.34,14.34,81.53,73.48,84.17
17.28,17.28,76.27,74.15,82.66
15.41,15.41,78.73,73.04,83.81
15.11,15.11,77.86,69.77,82.88
15.01,15.01,66.74,68.63,81.91
17.70,17.70,73.79,69.99,83.23
20.59,20.59,70.89,71.94,84.18
19.29,19.29,71.92,71.96,84.20
20.30,20.30,71.68,70.86,86.82
17.38,17.38,74.32,71.37,84.85
16.48,16.48,68.81,70.64,85.62
18.75,18.75,66.72,72.40,85.92
22.71,22.71,64.08,72.21,85.50
20.76,20.76,64.37,72.78,86.51
13.45,13.45,64.30,72.98,85.77
19.25,19.25,68.30,72.51,86.71
22.31,22.31,60.27,72.39,85.08
20.64,20.64,68.82,72.93,87.12
19.25,19.25,64.73,73.84,85.97
15.21,15.21,67.14,73.39,83.81
14.69,14.69,68.06,72.61,84.90
17.23,17.23,64.36,72.56,82.38
15.10,15.10,64.56,69.88,84.04
14.71,14.71,63.98,70.78,84.77
16.62,16.62,62.20,67.42,83.34
17.86,17.86,63.89,65.49,82.04
16.40,16.40,59.42,65.49,84.65
14.85,14.85,61.02,64.39,84.10
12.80,12.80,68.66,65.07,84.95
8.32,8.32,82.46,75.19,80.84
11.77,11.77,86.18,80.56,81.77
15.56,15.56,82.10,79.35,82.23
11.43,11.43,75.26,76.72,84.53
12.36,12.36,76.28,69.68,85.08
10.47,10.47,72.71,63.02,84.27
9.47,9.47,80.78,75.46,86.30
12.79,12.79,80.76,77.24,84.22
15.22,15.22,84.22,78.91,85.56
13.01,13.01,76.37,79.89,84.18
13.82,13.82,79.79,82.99,84.56
12.43,12.43,84.55,84.63,81.69
12.94,12.94,81.45,81.37,82.47
11.56,11.56,67.40,79.47,84.29
9.55,9.55,77.36,81.01,82.33
11.60,11.60,84.76,83.57,80.88
14.59,14.59,83.92,84.27,80.34
14.97,14.97,75.59,83.57,83.09
9.85,9.85,85.54,81.27,80.08
9.28,9.28,80.84,81.27,79.29
7.28,7.28,79.67,79.00,82.42
12.34,12.34,77.29,71.05,84.45
14.89,14.89,79.71,71.37,83.53
11.23,11.23,79.98,74.39,84.46
10.04,10.04,75.46,76.55,82.16
7.40,7.40,85.57,79.61,82.09
10.12,10.12,74.53,78.40,81.90
27.62,27.62,77.30,68.48,80.78
36.45,36.45,76.50,75.26,80.64
36.28,36.28,78.23,78.91,83.18
27.78,27.78,75.44,78.20,80.83
17.78,17.78,70.22,81.31,84.06
14.44,14.44,72.59,82.02,83.98
13.39,13.39,68.36,83.92,83.16
16.13,16.13,80.24,84.97,80.57
14.97,14.97,85.12,84.94,80.70
16.10,16.10,73.33,85.29,82.73
13.42,13.42,82.23,84.37,81.05
10.99,10.99,84.74,83.56,78.71
10.34,10.34,75.03,79.92,80.31
10.57,10.57,80.45,72.72,81.88
9.57,9.57,81.61,74.56,84.77
5.42,5.42,84.07,79.82,83.80
18.22,18.22,80.33,79.28,85.65
21.59,21.59,74.56,79.90,85.23
15.19,15.19,84.08,80.46,85.86
12.48,12.48,73.22,79.35,84.06
14.62,14.62,78.42,80.21,84.46
24.06,24.06,83.48,79.03,84.50
30.84,30.84,76.75,79.31,85.87
29.63,29.63,75.53,77.69,85.49
19.54,19.54,81.80,76.67,84.16
6.46,6.46,76.70,75.76,85.00
9.11,9.11,74.14,70.99,85.14
5.71,5.71,76.95,73.77,85.97
1.50,1.50,73.04,73.16,83.37
5.33,5.33,72.73,74.10,85.13
9.10,9.10,77.90,72.67,84.73
8.77,8.77,79.50,72.75,84.63
8.67,8.67,77.03,69.30,82.04
14.67,14.67,75.05,64.08,84.43
13.18,13.18,73.14,70.63,86.93
10.76,10.76,71.18,76.27,85.17
8.44,8.44,73.44,76.55,85.90
13.40,13.40,70.15,74.62,87.47
15.49,15.49,70.73,74.20,84.50
12.29,12.29,70.59,76.36,84.81
5.88,5.88,70.00,73.26,86.96
11.44,11.44,67.63,70.75,84.25
9.01,9.01,68.74,68.09,84.83
16.69,16.69,69.38,63.26,85.01
16.70,16.70,68.69,70.74,84.16
5.93,5.93,69.83,62.82,82.51
1.45,1.45,69.95,69.42,84.06
1.32,1.32,70.37,66.02,81.92
5.93,5.93,71.37,74.79,85.60
7.57,7.57,68.07,74.93,83.12
10.18,10.18,68.41,72.82,83.73
9.04,9.04,74.07,69.03,79.90
4.49,4.49,81.05,73.44,81.47
6.35,6.35,86.10,75.63,84.60
12.96,12.96,81.67,76.82,84.07
14.53,14.53,77.34,73.98,84.49
15.40,15.40,68.94,65.61,87.51
10.40,10.40,72.95,62.80,85.18
9.17,9.17,76.80,75.09,85.43
8.49,8.49,77.23,79.77,85.33
10.89,10.89,82.57,79.29,83.82
3.52,3.52,73.74,77.17,84.77
3.19,3.19,76.38,79.59,84.96
17.92,17.92,76.54,82.26,82.90
17.45,17.45,80.09,84.00,82.47
9.26,9.26,75.54,83.91,83.54
8.25,8.25,77.99,83.11,80.86
10.75,10.75,82.36,84.44,83.59
15.51,15.51,83.88,85.40,81.12
23.11,23.11,74.68,86.22,82.93
23.42,23.42,83.79,86.01,81.37
16.69,16.69,80.24,83.40,83.69
13.59,13.59,71.78,83.69,82.10
14.89,14.89,76.09,83.32,83.17
14.01,14.01,77.32,81.06,86.06
21.83,21.83,69.10,77.11,84.71
33.70,33.70,67.41,73.97,86.71
36.37,36.37,79.89,77.65,83.91
28.45,28.45,81.18,79.24,83.06
24.81,24.81,71.32,81.11,85.66
23.37,23.37,77.85,81.17,83.71
15.55,15.55,78.71,78.33,82.26
8.85,8.85,79.26,76.34,84.80
11.68,11.68,79.17,70.24,84.78
14.92,14.92,80.80,73.72,84.24
14.04,14.04,67.41,73.33,85.30
9.06,9.06,68.91,71.69,83.88
9.10,9.10,74.09,70.15,83.60
13.17,13.17,71.83,67.04,82.59
15.24,15.24,71.93,72.98,80.27
12.85,12.85,75.95,70.55,83.73
18.41,18.41,75.72,63.03,83.24
23.12,23.12,72.99,71.36,85.29
16.93,16.93,86.84,77.71,81.97
16.48,16.48,81.73,76.92,84.05
15.64,15.64,84.02,73.75,83.72
11.71,11.71,77.40,74.38,83.68
12.35,12.35,82.02,77.30,83.67
13.83,13.83,82.72,78.26,82.49
22.15,22.15,76.34,78.23,84.99
13.97,13.97,80.22,78.98,83.22
9.88,9.88,79.27,77.14,83.58
14.98,14.98,72.48,75.04,83.32
13.70,13.70,75.66,76.92,82.76
16.05,16.05,76.60,79.53,81.60
18.49,18.49,71.20,75.28,85.53
15.94,15.94,70.80,72.42,83.35
5.42,5.42,74.02,74.33,84.65
12.56,12.56,71.88,71.98,83.71
8.75,8.75,69.14,70.84,82.32
8.37,8.37,70.03,71.04,85.57
9.29,9.29,74.16,72.56,85.04
13.00,13.00,71.08,66.08,83.74
6.11,6.11,67.70,65.56,89.35
3.77,3.77,67.38,67.56,88.43
5.64,5.64,68.26,70.67,85.68
6.48,6.48,64.76,70.95,85.60
5.92,5.92,65.76,68.66,84.53
6.38,6.38,67.18,68.09,83.39
6.66,6.66,65.85,72.14,84.26
4.34,4.34,63.49,69.04,85.83
2.21,2.21,64.25,69.96,85.24
12.69,12.69,65.58,68.11,82.81
12.42,12.42,63.88,70.91,84.64
6.76,6.76,64.06,66.89,84.50
0.44,0.44,65.78,62.21,85.18
1.75,1.75,64.10,67.90,82.00
7.18,7.18,63.88,64.09,81.39
10.78,10.78,61.75,64.86,83.32
11.72,11.72,67.24,63.35,84.08
5.64,5.64,68.50,66.43,81.22
4.13,4.13,82.20,72.11,81.81
9.78,9.78,84.57,81.00,80.79
10.16,10.16,80.56,83.63,84.42
9.62,9.62,73.39,78.34,86.24
11.23,11.23,76.09,70.16,85.43
12.58,12.58,74.42,70.39,85.06
12.95,12.95,77.25,75.37,86.25
13.19,13.19,81.24,80.03,84.49
10.73,10.73,81.47,80.70,86.32
12.60,12.60,75.27,80.74,86.03
15.19,15.19,76.66,80.88,86.80
15.66,15.66,83.54,83.72,84.51
11.46,11.46,80.27,83.83,85.69
12.51,12.51,72.29,80.76,86.23
15.90,15.90,70.43,81.51,86.25
18.73,18.73,82.33,83.67,85.48
20.99,20.99,83.72,82.66,82.40
23.34,23.34,74.90,82.91,83.70
22.48,22.48,82.36,83.03,85.05
20.21,20.21,79.08,82.64,86.41
17.80,17.80,76.90,80.32,87.28
19.50,19.50,75.11,73.81,87.62
19.08,19.08,77.28,72.37,85.96
23.78,23.78,80.50,72.50,86.40
27.34,27.34,75.62,73.64,86.06
32.14,32.14,85.43,81.63,81.51
28.45,28.45,73.89,79.38,83.26
24.06,24.06,79.36,74.37,83.16
25.34,25.34,80.00,77.47,82.53
23.65,23.65,78.65,78.11,85.48
18.91,18.91,77.27,78.22,82.70
15.88,15.88,75.04,79.02,81.66
16.17,16.17,69.16,79.15,83.48
20.46,20.46,76.84,81.27,84.83
20.64,20.64,74.27,84.62,81.82
16.71,16.71,83.81,86.60,80.28
18.98,18.98,81.74,85.91,82.68
19.74,19.74,76.11,84.38,82.26
16.41,16.41,87.41,82.68,81.92
13.14,13.14,77.14,81.11,82.46
12.57,12.57,77.26,78.04,82.73
13.29,13.29,81.66,75.17,81.64
11.28,11.28,83.19,79.23,82.19
15.66,15.66,82.54,77.21,84.70
17.32,17.32,75.76,79.19,84.53
16.72,16.72,85.74,81.09,81.84
16.08,16.08,77.24,81.79,82.97
11.73,11.73,75.92,82.07,84.24
16.52,16.52,82.61,81.03,79.50
19.94,19.94,77.43,79.25,86.14
21.52,21.52,73.74,78.58,85.43
17.36,17.36,80.59,80.78,82.80
10.35,10.35,75.08,78.11,83.32
9.60,9.60,70.65,74.68,82.67
3.93,3.93,77.88,71.78,84.94
2.44,2.44,82.53,74.95,83.47
10.98,10.98,71.96,73.70,83.21
7.64,7.64,69.50,67.24,83.21
7.30,7.30,71.71,70.89,83.44
6.77,6.77,71.91,68.25,81.58
8.35,8.35,73.41,70.22,84.38
13.27,13.27,73.32,63.69,85.57
6.60,6.60,71.39,64.44,87.70
5.19,5.19,78.76,67.91,85.64
7.08,7.08,73.91,70.27,86.98
7.08,7.08,74.94,66.29,86.19
10.05,10.05,71.88,67.32,86.01
11.88,11.88,67.05,72.02,85.72
6.28,6.28,66.84,69.83,85.44
9.22,9.22,70.43,75.35,83.65
6.34,6.34,74.37,72.77,82.70
11.24,11.24,69.91,70.06,81.12
7.26,7.26,66.02,66.20,80.56
5.28,5.28,69.34,69.96,80.92
7.66,7.66,69.39,69.56,80.39
11.01,11.01,69.93,66.72,82.45
9.74,9.74,67.95,69.44,85.23
12.91,12.91,68.04,61.80,81.88
7.14,7.14,74.19,71.08,81.98
9.48,9.48,81.33,72.50,82.04
15.97,15.97,84.65,76.98,84.21
11.89,11.89,82.18,78.25,82.11
9.81,9.81,73.43,76.44,82.41
10.28,10.28,75.79,65.56,83.89
15.38,15.38,72.81,69.65,85.17
17.80,17.80,78.00,73.91,85.23
18.40,18.40,75.56,74.99,85.76
18.56,18.56,78.37,79.61,85.98
17.96,17.96,72.37,80.09,83.23
16.76,16.76,68.83,78.85,83.76
16.13,16.13,72.24,79.11,82.83
18.69,18.69,76.80,82.22,86.04
20.20,20.20,76.05,83.05,85.16
21.46,21.46,74.07,84.12,85.05
21.62,21.62,78.84,84.86,83.55
20.50,20.50,81.61,84.92,81.98
21.69,21.69,77.36,83.98,84.84
21.51,21.51,79.08,86.33,81.97
21.50,21.50,79.83,86.76,81.19
20.11,20.11,71.07,85.70,81.35
22.41,22.41,70.84,84.90,81.85
21.47,21.47,74.15,82.96,82.87
16.75,16.75,72.67,80.55,83.90
17.74,17.74,67.12,78.59,84.17
20.81,20.81,78.02,79.80,84.19
27.08,27.08,81.53,81.84,82.71
32.21,32.21,74.11,81.71,83.53
30.09,30.09,74.36,82.02,85.89
24.42,24.42,74.89,78.94,85.41
22.05,22.05,80.47,76.95,84.36
21.81,21.81,77.66,73.89,85.27
17.93,17.93,78.28,74.87,82.43
17.94,17.94,72.10,76.97,84.71
20.67,20.67,68.19,73.30,84.45
23.10,23.10,72.65,69.17,83.68
24.09,24.09,74.18,69.85,83.15
25.40,25.40,66.36,70.27,84.40
20.28,20.28,77.05,69.83,83.88
15.05,15.05,72.18,66.15,86.31
10.66,10.66,73.92,69.41,86.41
7.83,7.83,86.39,76.38,82.31
11.31,11.31,80.24,71.07,82.54
17.14,17.14,84.16,72.55,86.93
16.11,16.11,76.37,73.44,82.68
15.10,15.10,80.08,76.70,82.33
9.98,9.98,81.01,77.82,84.54
15.47,15.47,76.29,78.85,84.41
8.48,8.48,75.55,79.97,82.96
8.74,8.74,77.36,79.86,82.47
21.92,21.92,70.56,79.82,84.30
24.01,24.01,70.93,79.36,84.53
16.79,16.79,74.04,80.23,80.89
12.18,12.18,69.70,76.06,83.47
14.33,14.33,67.72,73.51,85.49
21.57,21.57,71.79,75.38,85.11
26.79,26.79,67.40,73.64,85.30
27.44,27.44,69.00,70.18,85.33
28.67,28.67,69.12,71.90,86.93
21.00,21.00,69.09,70.06,86.11
30.95,30.95,69.57,72.50,82.82
28.92,28.92,67.21,66.88,87.56
17.77,17.77,66.89,61.35,88.24
9.76,9.76,67.48,67.47,86.42
12.00,12.00,66.12,68.31,87.03
15.05,15.05,65.44,72.54,86.17
20.06,20.06,67.73,71.40,83.46
23.76,23.76,68.02,69.87,83.07
19.61,19.61,64.57,68.64,84.14
9.89,9.89,66.14,76.28,83.27
8.22,8.22,64.83,77.61,85.20
13.23,13.23,65.30,73.33,84.28
8.95,8.95,65.47,71.45,85.18
5.50,5.50,63.38,74.32,84.21
7.41,7.41,64.97,70.18,82.74
6.54,6.54,62.63,68.02,84.27
11.40,11.40,62.03,67.28,83.42
9.09,9.09,64.53,64.87,81.79
6.08,6.08,68.26,68.01,82.88
6.66,6.66,75.87,71.63,83.50
7.55,7.55,85.95,82.68,82.28
8.19,8.19,80.43,81.55,85.52
14.75,14.75,74.78,79.45,83.34
17.17,17.17,74.97,69.78,85.62
15.68,15.68,72.62,66.79,85.52
17.59,17.59,77.71,77.10,83.99
19.89,19.89,76.35,80.15,85.59
19.38,19.38,79.19,80.67,84.95
18.50,18.50,78.55,81.18,83.04
18.29,18.29,72.55,84.32,83.40
17.85,17.85,82.52,86.43,81.99
14.96,14.96,82.85,83.86,80.43
15.33,15.33,73.87,81.32,81.73
23.38,23.38,73.40,81.80,83.15
23.54,23.54,80.59,85.43,80.88
20.71,20.71,85.20,86.90,79.17
22.19,22.19,75.71,86.04,80.97
23.72,23.72,79.06,84.04,81.30
22.62,22.62,83.80,83.44,79.01
19.77,19.77,77.12,82.09,78.76
16.27,16.27,77.74,78.20,79.29
17.86,17.86,76.64,70.46,80.92
21.75,21.75,82.21,77.47,80.48
22.98,22.98,71.97,74.27,81.70
21.67,21.67,83.08,78.12,81.03
22.60,22.60,77.99,79.19,82.29
24.58,24.58,81.46,70.75,81.73
24.01,24.01,78.38,75.75,81.33
24.44,24.44,78.72,80.78,81.35
19.70,19.70,72.35,79.41,81.30
17.32,17.32,76.09,79.95,83.40
16.16,16.16,69.89,79.94,82.78
19.14,19.14,73.64,82.17,80.87
21.95,21.95,70.56,83.36,84.88
23.26,23.26,82.00,85.30,82.38
23.52,23.52,83.86,85.26,80.36
25.26,25.26,77.45,85.62,81.50
24.33,24.33,83.90,84.53,79.39
20.42,20.42,85.44,83.66,82.05
13.07,13.07,74.80,80.89,82.28
10.44,10.44,79.74,78.29,79.32
8.04,8.04,80.98,82.27,82.04
10.68,10.68,80.58,79.37,84.42
10.16,10.16,75.52,79.17,86.24
9.84,9.84,81.28,79.62,85.06
8.56,8.56,78.76,78.75,83.98
11.31,11.31,75.08,79.73,85.55
11.57,11.57,83.75,81.47,84.89
13.25,13.25,76.57,78.99,86.30
14.65,14.65,82.42,77.95,82.44
20.12,20.12,76.72,75.50,86.24
22.51,22.51,77.50,74.35,85.77
21.29,21.29,76.37,73.17,84.81
11.71,11.71,75.93,69.50,86.19
9.40,9.40,77.09,74.98,84.44
8.16,8.16,80.45,73.64,86.15
13.79,13.79,75.49,73.03,85.55
20.16,20.16,79.28,67.17,83.42
17.60,17.60,77.62,73.11,84.41
17.52,17.52,71.05,66.20,82.78
17.59,17.59,74.46,73.14,81.98
29.29,29.29,71.83,75.85,82.71
35.65,35.65,72.65,77.70,86.64
34.98,34.98,72.68,77.60,87.28
30.50,30.50,75.19,75.42,82.80
30.05,30.05,76.06,75.74,84.34
27.35,27.35,72.23,75.66,88.64
16.95,16.95,71.95,72.32,86.88
21.19,21.19,74.35,69.25,83.09
17.12,17.12,73.73,65.23,82.96
18.34,18.34,75.72,64.72,85.45
17.00,17.00,73.98,68.20,84.68
23.33,23.33,76.42,68.99,82.89
21.67,21.67,73.36,63.18,82.21
10.59,10.59,80.21,69.49,81.83
11.57,11.57,75.35,66.25,82.48
13.40,13.40,73.42,70.89,80.83
6.92,6.92,75.21,72.12,82.77
13.09,13.09,78.15,73.92,82.42
12.13,12.13,82.03,77.88,82.45
13.86,13.86,79.72,81.93,82.02
13.45,13.45,78.20,81.85,81.99
9.24,9.24,78.87,81.17,84.48
12.28,12.28,82.51,75.51,84.68
12.87,12.87,80.23,73.34,83.69
14.10,14.10,76.42,77.20,84.70
12.78,12.78,74.25,78.95,80.82
12.74,12.74,82.77,81.19,82.38
9.86,9.86,76.39,80.10,83.69
8.41,8.41,78.65,81.72,80.39
9.44,9.44,77.81,82.06,81.35
15.98,15.98,79.15,81.95,83.84
21.22,21.22,74.64,82.94,79.82
23.88,23.88,84.39,84.98,80.50
23.82,23.82,85.03,86.05,78.71
22.79,22.79,85.62,86.62,79.56
29.11,29.11,84.11,85.28,78.94
28.47,28.47,85.27,83.82,80.31
23.46,23.46,79.17,81.85,81.42
21.62,21.62,72.55,80.77,81.05
23.92,23.92,76.11,81.18,83.89
24.20,24.20,72.78,81.88,81.80
22.80,22.80,71.82,80.47,83.20
21.96,21.96,81.26,81.70,82.43
25.10,25.10,81.74,82.13,80.54
28.32,28.32,73.50,83.55,79.80
27.29,27.29,81.45,83.93,81.11
24.75,24.75,80.98,82.35,79.89
26.32,26.32,80.98,81.55,78.49
26.87,26.87,74.05,81.36,83.32
24.49,24.49,80.58,79.59,79.14
18.69,18.69,78.24,77.11,83.93
18.00,18.00,79.66,78.02,80.40
18.18,18.18,82.64,77.19,83.76
20.44,20.44,77.90,77.96,80.79
21.10,21.10,73.03,72.98,84.64
24.55,24.55,70.57,64.70,79.93
21.54,21.54,80.40,69.05,83.73
19.12,19.12,79.39,65.14,79.55
23.35,23.35,76.03,68.04,83.81
21.14,21.14,72.48,64.49,78.60
19.22,19.22,78.62,68.33,79.44
17.57,17.57,79.71,68.92,77.98
17.19,17.19,78.20,66.21,79.89
15.83,15.83,76.84,61.91,79.42
15.44,15.44,75.80,61.31,79.77
13.99,13.99,70.21,59.47,80.91
17.25,17.25,63.39,63.99,80.47
21.76,21.76,69.13,61.32,79.56
22.67,22.67,73.42,65.29,81.47
20.43,20.43,73.15,62.92,80.99
16.68,16.68,70.91,64.60,82.49
14.72,14.72,73.67,63.89,81.62
16.26,16.26,69.51,67.00,82.56
16.29,16.29,63.45,66.01,82.05
16.40,16.40,58.55,65.84,82.62
17.10,17.10,69.34,67.72,84.64
16.28,16.28,75.07,65.40,81.81
12.71,12.71,59.30,68.80,82.88
17.75,17.75,65.71,65.47,85.63
16.74,16.74,69.41,68.30,86.40
12.97,12.97,60.30,64.55,85.88
12.28,12.28,66.19,68.39,86.19
13.12,13.12,66.51,61.93,85.32
16.06,16.06,69.69,66.35,82.64
12.82,12.82,69.91,58.99,82.55
13.58,13.58,68.81,63.71,80.63
15.78,15.78,70.67,54.74,79.82
17.59,17.59,71.33,62.55,78.94
16.26,16.26,67.61,59.40,81.64
13.51,13.51,68.47,60.93,81.12
12.41,12.41,69.33,58.59,83.33
15.07,15.07,58.20,60.56,82.92
20.20,20.20,70.85,59.73,80.90
18.30,18.30,69.46,58.19,79.75
16.04,16.04,65.77,59.96,80.88
15.82,15.82,65.33,59.40,80.34
13.52,13.52,67.36,57.69,79.05
13.44,13.44,64.48,57.41,79.23
12.37,12.37,66.56,51.42,82.38
13.56,13.56,51.16,50.89,80.87
13.68,13.68,59.78,54.04,84.63
12.28,12.28,59.46,48.19,81.39
17.24,17.24,60.23,50.99,84.28
15.55,15.55,58.70,50.35,84.04
17.00,17.00,61.33,48.91,84.54
20.26,20.26,61.07,49.43,85.65
17.47,17.47,63.06,43.49,84.42
18.60,18.60,58.49,42.96,86.27
17.03,17.03,63.90,45.21,85.77
17.78,17.78,66.49,47.02,87.02
13.69,13.69,60.64,48.61,86.55
15.69,15.69,63.80,46.39,84.92
18.12,18.12,64.90,44.54,86.89
22.05,22.05,60.14,42.31,85.91
24.51,24.51,63.86,46.47,87.04
24.35,24.35,64.25,47.77,87.39
21.67,21.67,65.25,49.08,84.83
22.41,22.41,64.69,49.51,87.87
25.31,25.31,56.33,46.34,85.59
21.65,21.65,59.42,45.58,85.43
16.92,16.92,60.67,47.39,82.59
10.93,10.93,51.01,45.67,85.05
14.04,14.04,50.68,44.69,83.73
14.86,14.86,44.78,45.01,83.40
16.25,16.25,57.26,46.64,83.36
14.81,14.81,57.49,44.30,82.70
10.80,10.80,51.90,46.29,83.89
13.28,13.28,51.60,43.71,79.87
12.13,12.13,58.05,48.96,84.89
16.02,16.02,57.07,46.90,80.94
16.63,16.63,58.06,48.14,84.34
15.43,15.43,57.23,44.30,81.56
16.01,16.01,56.23,47.37,85.25
16.79,16.79,53.29,45.83,82.98
20.04,20.04,46.13,44.41,82.72
19.48,19.48,39.13,44.63,81.65
17.58,17.58,50.64,46.15,83.00
19.50,19.50,47.69,46.28,80.30
20.15,20.15,51.96,46.10,82.57
14.13,14.13,46.29,48.72,83.17
13.45,13.45,45.85,46.11,81.90
11.85,11.85,43.59,48.82,82.53
13.03,13.03,42.18,48.84,82.83
13.71,13.71,35.51,51.08,82.92
12.89,12.89,37.97,49.75,81.56
16.67,16.67,49.28,51.34,83.69
12.13,12.13,50.58,50.21,83.71
11.38,11.38,39.97,50.21,83.34
16.09,16.09,37.37,51.56,82.14
11.17,11.17,39.81,52.86,83.18
10.73,10.73,50.29,53.75,83.58
9.99,9.99,44.10,54.28,83.58
15.12,15.12,38.34,55.69,84.69
15.14,15.14,46.76,54.05,84.49
15.20,15.20,44.96,55.43,86.09
11.06,11.06,46.38,54.99,84.59
19.82,19.82,40.32,52.44,85.51
27.72,27.72,46.26,49.41,82.85
32.75,32.75,48.39,45.54,85.07
25.64,25.64,40.73,45.20,86.07
21.40,21.40,43.72,44.70,85.31
16.50,16.50,47.92,45.61,86.27
14.01,14.01,48.31,44.06,85.73
14.91,14.91,47.26,44.19,84.81
11.97,11.97,49.16,45.51,86.16
9.49,9.49,45.27,46.14,84.57
8.67,8.67,44.71,46.78,86.34
10.54,10.54,42.13,46.29,84.61
14.40,14.40,47.03,47.93,84.07
17.37,17.37,46.09,46.75,84.57
17.11,17.11,44.98,47.60,83.51
12.96,12.96,41.42,47.95,81.83
6.66,6.66,36.13,49.20,83.01
7.51,7.51,41.75,50.21,82.25
9.23,9.23,35.34,49.70,80.40
9.46,9.46,37.34,49.72,80.64
9.00,9.00,35.07,43.71,80.01
9.32,9.32,46.06,40.89,84.74
11.52,11.52,27.17,42.19,84.77
10.69,10.69,30.32,36.26,82.00
10.48,10.48,27.55,44.31,86.22
11.29,11.29,33.25,39.38,83.79
8.56,8.56,26.11,42.09,85.68
6.72,6.72,22.86,46.42,85.77
9.24,9.24,20.18,39.83,84.47
8.88,8.88,20.11,47.62,86.58
13.08,13.08,20.17,42.37,85.63
13.18,13.18,27.57,46.49,86.34
8.84,8.84,29.13,46.03,86.72
7.61,7.61,26.36,41.03,82.58
8.57,8.57,24.19,44.52,87.47
12.20,12.20,24.90,42.38,84.39
19.59,19.59,23.01,41.67,84.57
15.55,15.55,19.07,45.01,83.88
18.68,18.68,25.72,43.11,80.13
15.85,15.85,17.43,42.30,80.61
22.12,22.12,22.92,42.37,79.97
34.22,34.22,28.33,36.13,81.65
23.88,23.88,25.71,38.34,81.48
16.29,16.29,21.32,34.25,80.58
13.13,13.13,23.67,37.11,81.62
14.61,14.61,24.41,41.78,81.57
19.79,19.79,24.66,43.43,80.30
23.68,23.68,27.15,47.77,82.09
23.83,23.83,22.17,43.99,81.18
15.21,15.21,20.65,43.68,82.32
10.74,10.74,25.60,41.72,83.19
11.50,11.50,22.37,38.94,82.86
13.74,13.74,20.85,38.33,81.81
9.74,9.74,21.53,37.54,83.78
9.04,9.04,22.18,34.56,82.19
8.73,8.73,28.25,34.53,84.45
7.74,7.74,25.62,32.60,83.66
11.63,11.63,19.82,33.04,82.44
14.42,14.42,25.63,27.05,85.44
14.11,14.11,22.54,26.02,84.19
7.39,7.39,26.50,33.58,83.95
10.89,10.89,20.54,35.29,82.80
10.30,10.30,20.87,27.22,84.70
7.92,7.92,23.70,27.64,85.27
11.74,11.74,16.73,24.27,82.69
11.78,11.78,22.31,33.93,85.47
9.59,9.59,21.26,30.09,84.95
5.00,5.00,11.51,27.86,85.42
8.52,8.52,15.41,28.34,81.94
6.51,6.51,17.74,26.68,85.84
5.64,5.64,23.92,31.94,85.34
6.24,6.24,16.60,28.40,81.69
8.61,8.61,19.45,27.23,83.79
5.95,5.95,20.25,26.92,85.66
2.54,2.54,22.25,27.86,81.76
2.65,2.65,16.42,30.07,85.82
2.20,2.20,22.71,28.48,85.47
1.84,1.84,20.07,28.20,85.08
1.93,1.93,13.93,21.18,87.09
7.20,7.20,20.07,22.73,85.03
22.02,22.02,26.76,22.87,86.05
16.73,16.73,25.30,24.25,87.95
14.98,14.98,25.24,27.75,87.39
10.49,10.49,26.04,29.24,86.66
6.88,6.88,20.27,28.68,85.87
9.59,9.59,22.55,24.54,85.23
6.07,6.07,21.35,25.79,81.81
5.00,5.00,15.32,23.82,83.09
7.54,7.54,21.18,30.67,84.78
11.53,11.53,17.23,28.58,83.05
10.71,10.71,18.51,24.33,82.72
8.80,8.80,21.55,30.78,83.86
5.37,5.37,29.33,35.43,85.85
5.38,5.38,20.19,24.14,82.80
12.34,12.34,21.12,19.58,82.63
12.09,12.09,20.83,20.05,84.00
7.99,7.99,21.65,24.42,80.68
5.83,5.83,22.53,24.64,80.07
10.01,10.01,15.77,21.69,81.35
12.31,12.31,14.89,17.05,80.93
9.58,9.58,16.48,28.61,82.40
8.76,8.76,16.21,34.45,83.61
9.93,9.93,16.56,30.62,82.97
9.82,9.82,17.74,29.18,84.02
14.60,14.60,17.41,33.87,84.07
15.41,15.41,13.96,33.45,82.94
13.64,13.64,13.29,27.56,84.72
13.71,13.71,19.37,31.94,86.37
12.48,12.48,17.11,28.84,84.69
12.03,12.03,15.49,22.89,86.41
10.29,10.29,16.98,25.13,84.36
12.61,12.61,26.14,30.54,86.53
19.85,19.85,25.80,29.57,86.09
20.37,20.37,22.39,28.52,85.64
17.50,17.50,22.86,28.31,85.88
14.29,14.29,25.62,30.12,85.72
11.16,11.16,31.76,31.03,86.51
9.13,9.13,31.51,30.87,87.30
9.21,9.21,23.81,25.18,87.03
11.97,11.97,31.09,35.05,86.39
21.12,21.12,22.53,30.82,87.38
17.08,17.08,12.67,29.91,86.89
16.13,16.13,7.95,24.70,84.33
10.38,10.38,12.08,27.43,85.29
15.99,15.99,18.69,34.74,83.85
15.88,15.88,17.35,28.89,82.84
18.73,18.73,13.59,29.91,82.70
12.45,12.45,14.47,20.73,80.91
11.98,11.98,17.75,23.92,80.99
11.58,11.58,21.91,19.30,82.51
14.25,14.25,19.77,19.62,83.17
17.83,17.83,22.54,18.77,83.48
18.67,18.67,17.02,21.62,82.54
14.35,14.35,25.79,24.62,82.05
12.42,12.42,25.96,23.14,80.99
15.44,15.44,28.34,27.15,80.48
18.66,18.66,26.03,26.99,78.54
16.25,16.25,23.43,24.29,80.17
13.50,13.50,21.90,24.61,79.84
27.39,27.39,17.47,22.82,79.57
39.04,39.04,22.91,25.58,83.64
28.65,28.65,21.68,26.75,81.68
29.48,29.48,22.71,26.81,81.93
24.65,24.65,25.01,33.44,85.06
18.11,18.11,22.56,33.48,83.61
23.08,23.08,27.09,31.61,84.61
16.37,16.37,24.08,32.99,85.90
16.25,16.25,23.14,23.51,83.45
14.67,14.67,24.14,29.61,84.81
14.44,14.44,22.37,26.06,85.85
13.57,13.57,18.77,26.07,83.11
12.25,12.25,20.37,29.17,84.41
14.30,14.30,21.40,26.70,83.22
13.78,13.78,24.53,23.55,84.90
16.89,16.89,23.59,26.89,84.17
19.69,19.69,20.53,19.51,82.72
15.68,15.68,24.23,27.94,83.94
15.25,15.25,22.67,25.45,85.05
14.65,14.65,20.14,23.05,85.02
21.80,21.80,20.49,19.12,85.83
22.43,22.43,24.88,28.79,87.34
19.44,19.44,23.51,25.24,86.24
15.01,15.01,23.63,26.89,85.53
15.23,15.23,23.09,27.37,84.42
22.87,22.87,21.74,26.47,82.78
20.48,20.48,21.93,28.57,83.29
20.48,20.48,19.22,20.09,80.77
18.46,18.46,21.45,18.17,82.41
21.88,21.88,20.26,15.59,79.24
19.92,19.92,22.00,23.97,80.12
17.31,17.31,21.87,22.35,81.09
14.01,14.01,19.99,22.10,82.17
15.81,15.81,21.02,22.41,80.52
23.08,23.08,21.49,28.47,82.89
25.52,25.52,23.59,31.11,80.49
23.32,23.32,20.79,26.35,79.21
17.46,17.46,13.19,22.79,78.28
17.00,17.00,12.16,13.35,78.50
15.64,15.64,13.62,19.63,78.45
14.79,14.79,15.66,25.41,81.66
15.54,15.54,14.22,24.07,85.41
12.13,12.13,12.23,20.94,81.07
9.23,9.23,13.97,23.64,85.44
15.83,15.83,14.79,27.20,81.92
14.97,14.97,21.50,29.32,83.49
8.47,8.47,24.08,24.78,82.24
7.47,7.47,27.00,19.16,81.47
7.83,7.83,27.40,22.67,84.72
8.76,8.76,26.55,20.22,80.01
10.95,10.95,26.44,20.09,80.93
10.53,10.53,20.58,26.56,78.63
12.44,12.44,16.77,23.14,77.67
8.91,8.91,24.52,26.53,78.16
9.79,9.79,26.01,26.40,78.56
11.52,11.52,21.65,27.22,79.88
10.57,10.57,16.65,22.12,81.40
10.92,10.92,15.89,25.08,79.55
13.17,13.17,14.75,32.17,83.28
12.80,12.80,7.26,27.01,81.36
19.06,19.06,11.23,36.49,82.48
15.60,15.60,10.99,31.23,83.55
15.73,15.73,14.87,25.19,81.85
15.08,15.08,20.04,33.34,84.57
15.00,15.00,18.12,27.35,80.34
15.34,15.34,13.21,23.99,83.29
16.68,16.68,17.37,28.75,81.95
16.22,16.22,22.64,28.12,84.05
21.41,21.41,26.77,31.90,80.92
26.89,26.89,22.05,30.52,82.83
25.14,25.14,17.30,35.56,82.45
22.48,22.48,17.85,34.17,84.10
21.15,21.15,17.20,35.90,82.33
19.50,19.50,24.64,36.48,83.99
18.89,18.89,24.55,40.38,83.10
16.65,16.65,25.69,39.28,84.95
16.64,16.64,23.42,34.43,81.37
16.67,16.67,22.42,34.35,84.54
17.05,17.05,20.45,31.24,81.91
19.12,19.12,21.84,33.68,84.59
25.39,25.39,27.99,26.82,79.31
26.08,26.08,29.70,27.22,83.52
18.21,18.21,29.08,26.12,77.70
19.36,19.36,27.68,26.74,80.24
19.65,19.65,27.79,26.01,78.64
20.87,20.87,24.87,21.16,80.28
17.61,17.61,25.93,21.87,80.03
14.92,14.92,28.40,24.54,81.22
15.56,15.56,30.27,24.80,81.65
18.07,18.07,31.65,22.10,81.10
19.42,19.42,32.37,25.71,83.04
17.27,17.27,25.91,28.38,81.65
15.45,15.45,26.56,32.91,82.68
16.02,16.02,31.27,29.20,81.90
15.78,15.78,29.72,29.93,83.65
18.53,18.53,25.53,24.17,83.56
15.87,15.87,33.43,31.42,84.27
17.76,17.76,26.91,29.37,83.80
17.82,17.82,19.38,30.30,84.14
21.00,21.00,24.85,30.11,84.70
17.33,17.33,23.60,35.27,87.36
17.30,17.30,22.71,29.35,87.15
18.79,18.79,23.69,34.85,86.45
16.38,16.38,22.16,32.17,86.88
17.37,17.37,21.85,30.21,84.90
15.13,15.13,21.84,33.12,81.59
12.53,12.53,21.56,37.45,83.09
13.21,13.21,23.64,40.87,81.36
14.82,14.82,18.56,41.48,80.31
14.65,14.65,22.98,41.25,81.02
13.61,13.61,24.21,38.76,82.32
13.22,13.22,21.81,36.74,81.04
14.28,14.28,20.18,36.55,83.26
17.69,17.69,22.62,36.40,81.52
23.18,23.18,22.47,35.18,80.57
19.88,19.88,24.55,35.87,81.55
17.83,17.83,25.45,30.51,78.05
19.29,19.29,21.05,26.45,79.87
17.73,17.73,15.01,22.58,77.43
18.06,18.06,17.39,29.97,81.94
17.73,17.73,13.88,32.02,79.98
17.19,17.19,12.22,30.98,82.26
14.39,14.39,12.94,29.59,82.27
15.90,15.90,15.13,30.92,81.36
17.33,17.33,15.60,35.11,84.79
15.98,15.98,16.76,34.01,84.23
17.12,17.12,14.78,33.59,85.29
18.52,18.52,16.45,36.72,85.51
15.61,15.61,18.05,31.12,84.15
15.50,15.50,22.65,39.14,86.89
15.33,15.33,22.05,36.22,85.67
13.18,13.18,15.57,31.79,87.13
13.65,13.65,22.77,36.47,85.84
15.94,15.94,21.25,34.71,86.00
19.12,19.12,20.85,35.67,85.88
23.05,23.05,19.96,38.60,85.22
23.55,23.55,22.81,42.57,87.06
19.84,19.84,17.68,41.52,85.86
16.55,16.55,13.86,28.94,86.59
23.16,23.16,14.28,42.22,85.90
22.61,22.61,13.56,37.95,84.86
16.83,16.83,19.31,35.87,84.52
13.29,13.29,18.09,39.54,84.21
12.82,12.82,23.11,36.88,84.86
13.04,13.04,27.49,35.19,82.35
13.86,13.86,19.90,38.08,84.15
13.51,13.51,24.07,34.43,82.78
16.27,16.27,34.58,33.92,83.56
17.98,17.98,36.69,37.01,81.17
18.21,18.21,32.75,39.29,82.33
17.12,17.12,29.78,35.86,82.94
16.75,16.75,34.30,23.82,82.57
19.06,19.06,32.99,34.06,84.32
17.62,17.62,28.92,35.18,83.49
15.39,15.39,25.85,36.34,83.55
16.56,16.56,25.26,35.22,82.18
17.62,17.62,28.12,35.32,82.84
15.59,15.59,22.82,32.23,82.79
12.99,12.99,17.59,32.90,81.36
24.18,24.18,25.85,36.22,81.84
14.72,14.72,23.14,35.56,83.34
15.43,15.43,24.47,28.74,82.10
12.37,12.37,22.21,33.50,82.68
12.48,12.48,25.46,33.09,83.27
15.15,15.15,27.16,41.72,82.72
8.54,8.54,20.62,38.45,83.71
13.22,13.22,21.81,33.05,82.51
10.25,10.25,20.13,29.66,83.93
13.61,13.61,23.23,34.11,83.37
16.88,16.88,24.80,29.76,84.16
13.59,13.59,17.45,32.63,81.73
13.16,13.16,18.72,36.07,84.63
12.06,12.06,18.73,32.71,83.93
16.28,16.28,21.72,31.20,83.57
18.82,18.82,23.32,30.28,84.36
16.13,16.13,21.39,40.63,86.09
13.70,13.70,20.91,40.44,85.07
13.68,13.68,23.62,36.91,85.03
19.81,19.81,26.46,39.27,85.60
30.12,30.12,28.22,37.18,85.15
28.07,28.07,28.31,43.27,83.87
22.05,22.05,22.28,30.77,85.43
18.38,18.38,22.14,40.11,85.49
16.94,16.94,21.05,32.40,86.48
14.52,14.52,21.06,41.06,84.91
12.33,12.33,19.53,34.70,86.63
10.70,10.70,20.46,41.29,84.26
9.12,9.12,21.92,38.90,85.01
8.21,8.21,26.46,35.34,85.02
9.79,9.79,26.88,37.15,84.10
8.56,8.56,26.26,41.96,83.04
12.36,12.36,21.43,33.84,83.92
8.25,8.25,22.96,35.80,82.04
7.06,7.06,21.52,31.90,81.24
7.33,7.33,22.50,24.70,82.29
7.84,7.84,18.10,33.82,81.43
7.88,7.88,18.71,34.68,79.64
9.44,9.44,17.41,29.35,80.97
11.36,11.36,15.39,37.07,82.23
14.78,14.78,20.78,34.37,84.08
12.36,12.36,18.50,31.20,82.57
11.21,11.21,17.66,25.35,85.06
9.40,9.40,16.32,38.09,86.11
8.86,8.86,14.31,30.82,82.08
12.01,12.01,13.05,33.09,87.80
13.72,13.72,15.05,33.45,83.95
13.13,13.13,16.49,39.11,85.39
15.09,15.09,17.21,35.51,86.57
14.38,14.38,14.71,38.71,83.97
10.51,10.51,15.50,32.37,87.81
9.70,9.70,13.60,32.14,84.01
12.41,12.41,15.86,36.18,85.57
13.11,13.11,17.39,33.60,87.27
12.13,12.13,17.80,34.08,83.31
11.70,11.70,18.96,29.18,86.13
12.36,12.36,20.01,40.56,82.48
9.68,9.68,17.86,38.43,80.89
14.01,14.01,17.60,32.90,80.69
19.20,19.20,20.05,44.82,81.25
19.25,19.25,21.93,42.38,81.50
14.43,14.43,18.34,38.52,82.66
12.15,12.15,18.73,40.13,81.71
9.39,9.39,16.68,36.47,80.84
7.95,7.95,16.44,39.38,80.43
8.13,8.13,20.48,43.34,81.28
10.46,10.46,22.73,40.02,80.47
7.65,7.65,20.24,37.91,82.32
6.43,6.43,18.46,35.88,83.52
6.47,6.47,18.23,40.61,82.84
6.60,6.60,17.37,34.72,82.56
5.40,5.40,16.03,40.07,82.98
5.42,5.42,14.54,35.71,82.57
5.20,5.20,13.31,40.07,84.29
5.72,5.72,15.41,42.18,83.81
5.34,5.34,16.24,36.01,84.84
5.79,5.79,15.36,41.48,85.07
5.95,5.95,12.85,40.87,82.49
6.56,6.56,15.48,44.87,85.43
14.38,14.38,16.52,43.46,84.13
16.29,16.29,20.85,45.64,84.70
14.08,14.08,18.33,45.97,88.99
11.56,11.56,14.16,35.12,83.79
7.61,7.61,11.60,37.63,83.77
7.79,7.79,13.81,48.47,85.95
9.24,9.24,15.12,45.70,85.50
10.12,10.12,12.28,42.50,83.86
9.24,9.24,13.67,39.30,83.89
14.63,14.63,14.80,33.13,84.96
13.31,13.31,12.51,41.41,83.17
10.31,10.31,10.85,42.29,82.38
8.12,8.12,13.36,36.99,84.32
11.24,11.24,14.27,38.93,83.15
9.63,9.63,13.89,40.11,82.59
9.45,9.45,12.87,38.01,86.20
12.53,12.53,15.68,42.22,83.40
17.34,17.34,17.85,37.84,86.37
20.95,20.95,19.80,36.10,86.23
16.83,16.83,20.26,41.51,83.60
13.08,13.08,20.21,41.42,85.92
12.38,12.38,21.22,37.13,86.19
18.23,18.23,22.81,33.26,87.11
21.57,21.57,22.66,40.35,85.02
16.23,16.23,21.71,37.62,85.99
14.12,14.12,21.24,29.53,82.85
8.02,8.02,22.04,25.61,82.71
4.19,4.19,19.05,41.17,84.01
3.30,3.30,13.89,37.51,80.50
5.66,5.66,12.38,37.78,80.32
3.52,3.52,10.51,30.39,83.75
4.71,4.71,14.12,42.82,84.69
5.03,5.03,14.12,37.54,83.49
4.86,4.86,12.01,30.59,82.07
3.70,3.70,9.21,43.13,83.58
13.40,13.40,9.74,38.34,80.74
12.02,12.02,10.01,38.42,82.04
9.20,9.20,10.65,33.81,80.11
8.04,8.04,11.12,34.60,81.06
5.89,5.89,9.62,45.48,81.37
6.17,6.17,11.89,42.07,81.08
7.10,7.10,14.81,37.47,84.04
7.25,7.25,15.29,38.81,81.31
6.69,6.69,12.82,34.38,84.40
5.99,5.99,13.11,44.49,83.54
4.32,4.32,12.40,43.36,83.31
5.62,5.62,12.35,36.89,86.68
8.07,8.07,15.06,32.74,82.83
6.75,6.75,15.02,42.34,85.08
5.39,5.39,13.71,43.62,85.66
7.28,7.28,15.94,44.82,85.81
9.90,9.90,16.86,32.30,86.19
8.43,8.43,18.01,44.41,85.30
11.32,11.32,16.15,35.97,86.87
9.81,9.81,14.34,39.10,85.89
9.48,9.48,14.82,38.45,85.90
7.63,7.63,17.01,40.16,87.92
7.92,7.92,11.92,39.20,87.93
9.44,9.44,13.44,41.31,86.20
18.80,18.80,21.37,40.49,84.45
17.67,17.67,25.79,46.04,86.44
17.69,17.69,26.00,40.28,83.41
13.08,13.08,21.56,37.56,84.52
14.03,14.03,23.50,42.26,82.98
14.86,14.86,24.09,37.67,81.49
14.10,14.10,25.01,40.25,81.38
11.39,11.39,26.24,40.20,81.23
7.22,7.22,26.25,36.48,80.84
5.15,5.15,23.68,38.23,79.61
6.54,6.54,20.81,33.21,79.42
7.09,7.09,22.25,40.11,80.75
6.66,6.66,21.05,41.01,82.28
6.39,6.39,24.32,37.49,81.70
5.49,5.49,23.12,38.85,80.58
8.63,8.63,22.86,40.12,79.97
8.36,8.36,25.10,41.31,79.69
3.86,3.86,21.56,37.74,81.99
6.90,6.90,23.49,36.37,81.15
7.11,7.11,20.32,45.84,78.34
15.91,15.91,21.40,44.40,79.26
22.57,22.57,26.87,36.67,82.27
15.31,15.31,22.92,41.23,81.18
13.13,13.13,21.01,37.86,83.68
7.46,7.46,20.20,36.11,82.47
8.87,8.87,21.64,36.38,82.70
6.58,6.58,20.89,40.70,82.79
7.93,7.93,20.84,41.04,83.16
6.15,6.15,21.89,41.21,83.06
10.23,10.23,21.20,40.79,83.63
12.52,12.52,21.79,43.92,83.07
7.48,7.48,21.69,42.16,82.60
6.75,6.75,18.98,39.61,81.98
9.11,9.11,19.78,39.93,81.62
12.69,12.69,25.28,40.34,81.57
14.00,14.00,20.97,39.15,81.13
11.67,11.67,24.17,38.88,82.65
9.72,9.72,26.72,41.04,83.80
10.11,10.11,17.04,43.19,83.75
15.81,15.81,14.92,42.37,83.27
24.79,24.79,15.26,49.36,87.47
19.08,19.08,16.38,48.15,86.59
18.68,18.68,17.70,45.42,87.04
13.63,13.63,18.02,48.02,85.61
15.56,15.56,17.63,46.83,86.48
15.04,15.04,21.57,46.46,84.47
15.50,15.50,26.13,38.66,84.28
15.51,15.51,24.24,36.59,83.69
15.62,15.62,27.06,41.85,84.34
15.00,15.00,25.64,42.20,83.24
12.88,12.88,23.56,42.45,84.11
13.47,13.47,25.85,38.86,82.03
13.72,13.72,21.24,40.65,83.19
14.38,14.38,19.99,35.70,82.46
15.22,15.22,21.80,44.89,82.91
16.05,16.05,21.89,41.55,81.59
14.29,14.29,20.28,36.86,81.49
13.85,13.85,18.66,35.68,80.73
15.28,15.28,14.36,37.33,80.00
16.63,16.63,14.33,41.85,80.03
18.38,18.38,16.31,41.45,83.35
14.03,14.03,16.41,34.20,85.01
12.03,12.03,16.53,38.77,82.50
9.85,9.85,17.82,37.65,86.89
10.29,10.29,16.54,40.53,80.58
8.44,8.44,16.04,39.35,85.80
8.16,8.16,24.01,35.99,82.05
5.46,5.46,25.06,36.86,84.16
4.08,4.08,23.73,34.91,83.22
4.96,4.96,25.79,40.21,81.06
5.19,5.19,24.64,44.63,82.51
14.20,14.20,19.98,36.29,78.42
25.71,25.71,23.61,41.98,78.14
26.92,26.92,28.80,40.04,80.78
20.81,20.81,28.35,41.15,78.95
14.59,14.59,21.89,40.27,82.69
9.69,9.69,28.16,40.81,80.37
9.24,9.24,20.86,40.54,82.75
7.53,7.53,25.33,40.80,81.43
9.04,9.04,28.65,45.60,81.16
10.84,10.84,25.55,43.09,82.63
11.12,11.12,22.41,43.59,81.81
12.22,12.22,20.87,43.11,82.60
12.35,12.35,21.74,44.71,79.63
12.91,12.91,16.48,42.07,82.67
13.78,13.78,23.35,37.80,81.67
12.03,12.03,27.07,39.75,80.99
13.10,13.10,30.18,39.88,82.95
13.49,13.49,33.59,41.34,83.01
13.32,13.32,31.35,40.91,83.20
13.07,13.07,28.67,40.84,83.27
12.99,12.99,32.91,40.13,83.87
13.80,13.80,35.04,36.21,84.61
14.35,14.35,30.40,38.00,82.36
16.47,16.47,29.77,43.05,82.04
17.46,17.46,29.53,37.27,82.96
13.28,13.28,23.99,38.93,82.68
11.57,11.57,22.27,39.45,80.59
10.11,10.11,24.96,37.30,81.03
22.47,22.47,32.61,38.63,82.63
20.22,20.22,30.45,31.30,80.22
21.82,21.82,35.53,38.70,83.22
23.00,23.00,31.77,40.58,81.90
25.54,25.54,32.37,43.43,83.94
24.74,24.74,32.81,40.85,82.69
20.91,20.91,27.18,33.99,84.25
18.91,18.91,30.00,39.73,82.89
18.16,18.16,27.82,39.32,86.23
20.09,20.09,27.45,36.78,83.68
19.15,19.15,33.17,39.87,82.91
19.07,19.07,32.79,39.02,84.12
18.86,18.86,24.51,33.51,85.22
14.80,14.80,28.30,28.22,82.79
18.87,18.87,31.24,34.35,83.93
20.45,20.45,30.37,42.29,84.62
21.52,21.52,29.23,41.42,84.73
22.44,22.44,31.70,39.76,85.01
20.01,20.01,31.00,37.09,85.27
23.05,23.05,26.53,38.05,84.07
23.31,23.31,27.63,38.61,84.31
25.90,25.90,32.03,39.18,83.75
25.10,25.10,27.14,35.78,82.45
23.55,23.55,24.75,36.50,81.93
28.44,28.44,20.65,39.17,83.77
23.92,23.92,24.55,41.82,80.28
20.60,20.60,22.88,36.20,80.72
26.30,26.30,26.38,35.77,78.50
23.66,23.66,28.08,34.62,79.07
22.55,22.55,29.61,39.47,77.16
25.58,25.58,32.70,38.38,77.15
26.14,26.14,33.03,38.97,77.28
26.62,26.62,32.36,38.24,77.53
26.97,26.97,32.55,40.63,78.15
24.89,24.89,30.40,40.85,77.58
22.11,22.11,28.38,40.28,78.31
23.02,23.02,29.24,38.91,79.74
22.30,22.30,25.98,38.96,76.94
23.45,23.45,23.02,31.91,78.54
22.92,22.92,22.72,42.69,78.80
25.96,25.96,28.35,40.75,82.23
23.98,23.98,29.32,37.35,79.80
22.81,22.81,28.22,41.14,84.16
23.48,23.48,25.19,39.86,80.95
24.92,24.92,28.98,41.57,84.09
23.74,23.74,29.81,41.78,84.36
22.11,22.11,29.19,38.81,83.77
16.67,16.67,23.86,37.48,85.07
19.47,19.47,28.01,43.70,83.49
16.36,16.36,23.10,41.03,86.06
16.29,16.29,20.47,41.36,86.02
15.69,15.69,21.60,41.24,86.03
15.90,15.90,24.30,44.80,86.32
15.12,15.12,25.34,43.11,83.93
16.87,16.87,22.02,37.21,85.79
19.53,19.53,20.57,40.40,86.24
20.47,20.47,19.20,41.34,86.92
19.82,19.82,19.35,42.26,86.66
17.58,17.58,18.82,43.30,85.26
25.74,25.74,23.76,45.82,86.60
30.78,30.78,33.20,48.01,85.16
30.84,30.84,34.15,50.03,86.55
28.91,28.91,32.61,43.26,83.85
25.08,25.08,28.89,48.06,85.06
23.75,23.75,30.91,43.28,80.96
21.93,21.93,28.06,43.36,84.29
25.80,25.80,31.54,45.64,82.77
23.61,23.61,29.60,41.93,82.05
27.44,27.44,32.84,40.01,82.72
29.35,29.35,34.87,43.53,81.29
25.54,25.54,27.95,42.47,82.97
29.90,29.90,28.94,43.54,79.94
28.70,28.70,28.68,43.69,83.25
30.06,30.06,30.16,37.28,82.49
30.45,30.45,31.87,42.38,81.09
29.98,29.98,32.96,44.04,80.11
28.83,28.83,29.71,42.76,79.21
32.41,32.41,33.81,41.62,79.30
25.10,25.10,29.59,44.22,78.89
25.73,25.73,30.16,41.88,79.71
25.66,25.66,29.54,43.00,80.69
25.47,25.47,30.23,44.55,80.79
22.97,22.97,28.88,41.55,79.64
19.84,19.84,26.19,44.85,81.51
18.66,18.66,26.83,42.26,79.37
17.97,17.97,27.74,43.50,82.63
23.39,23.39,28.89,43.10,79.50
26.59,26.59,26.14,45.63,82.69
30.70,30.70,29.11,45.80,81.21
30.68,30.68,30.17,44.30,82.13
29.37,29.37,28.72,45.12,81.95
27.01,27.01,28.56,45.76,82.12
26.76,26.76,30.15,47.05,82.35
25.08,25.08,29.84,44.55,81.54
23.48,23.48,27.54,45.03,82.81
25.08,25.08,28.74,44.56,82.74
22.39,22.39,27.65,44.89,82.63
19.44,19.44,23.35,43.87,82.49
19.38,19.38,22.44,44.41,81.79
24.78,24.78,27.64,48.15,84.11
26.57,26.57,31.17,43.89,85.33
24.46,24.46,29.93,46.67,86.45
22.47,22.47,25.82,42.81,85.90
19.54,19.54,26.22,47.30,86.75
19.91,19.91,26.87,46.62,85.45
18.95,18.95,24.43,46.58,85.55
17.21,17.21,24.51,45.61,86.17
18.06,18.06,25.75,43.53,85.31
23.63,23.63,29.25,43.17,84.00
18.95,18.95,32.94,47.47,83.70
19.73,19.73,32.41,45.20,83.07
19.39,19.39,32.78,41.20,82.44
18.42,18.42,33.50,41.79,81.93
14.40,14.40,35.52,44.92,82.01
13.50,13.50,31.98,41.87,81.65
16.56,16.56,32.07,44.03,81.70
16.25,16.25,23.15,45.11,80.07
12.10,12.10,22.77,40.59,80.98
11.48,11.48,20.72,48.52,79.01
12.82,12.82,19.22,51.23,85.47
14.74,14.74,21.20,42.17,85.06
13.64,13.64,20.64,43.10,80.71
10.09,10.09,20.76,42.96,86.61
10.53,10.53,20.63,47.66,84.19
10.04,10.04,18.94,45.71,85.86
8.02,8.02,17.58,41.36,86.25
8.04,8.04,15.68,40.49,84.38
10.27,10.27,17.04,44.43,87.11
11.60,11.60,18.75,42.27,84.85
9.74,9.74,18.88,44.19,85.57
6.32,6.32,15.97,42.35,87.25
5.06,5.06,14.78,40.75,82.40
4.55,4.55,16.06,40.87,88.00
5.23,5.23,17.51,43.86,84.09
10.39,10.39,24.16,44.22,84.97
7.77,7.77,16.27,47.32,84.15
12.83,12.83,21.03,44.13,79.37
7.86,7.86,16.37,48.58,80.67
9.99,9.99,17.35,50.25,78.96
12.02,12.02,22.55,48.10,82.09
12.44,12.44,20.68,43.54,81.73
12.94,12.94,20.46,43.77,79.38
8.51,8.51,20.03,42.22,80.31
6.07,6.07,20.92,44.91,80.67
6.56,6.56,23.39,41.38,80.91
6.72,6.72,19.14,43.15,82.17
7.76,7.76,13.51,40.35,82.35
5.20,5.20,15.57,40.47,82.04
3.54,3.54,16.63,45.47,83.29
4.61,4.61,18.09,44.42,80.71
3.31,3.31,13.89,44.44,82.00
1.85,1.85,12.59,42.51,81.43
1.92,1.92,13.37,43.02,82.42
2.73,2.73,12.55,46.68,83.36
2.22,2.22,14.10,43.74,82.61
2.00,2.00,16.15,44.53,84.57
3.35,3.35,15.24,45.18,82.95
7.58,7.58,14.98,45.45,81.75
11.26,11.26,21.55,50.37,84.18
10.79,10.79,22.21,44.98,86.33
10.98,10.98,18.19,45.84,86.06
15.28,15.28,16.83,46.54,82.77
21.18,21.18,14.91,45.51,86.96
19.11,19.11,14.03,49.55,86.33
16.81,16.81,14.42,45.93,84.48
6.60,6.60,12.44,47.03,82.47
7.90,7.90,12.25,48.91,84.65
9.21,9.21,10.88,49.54,85.49
12.31,12.31,10.20,48.65,83.95
11.76,11.76,9.39,50.70,83.73
12.32,12.32,12.21,47.25,84.65
7.53,7.53,12.27,43.27,85.67
10.10,10.10,8.66,47.14,84.13
6.63,6.63,9.67,48.91,85.45
7.40,7.40,12.94,47.31,85.43
4.17,4.17,11.59,45.10,86.34
2.24,2.24,10.29,46.73,86.80
2.15,2.15,12.17,46.61,85.39
6.91,6.91,22.75,48.40,84.92
8.41,8.41,29.26,48.02,87.40
7.41,7.41,29.91,43.75,85.91
6.73,6.73,23.61,46.47,86.55
3.91,3.91,18.97,44.72,86.53
3.35,3.35,20.27,48.37,87.64
2.20,2.20,20.83,48.07,83.84
2.33,2.33,23.65,48.22,88.40
1.11,1.11,21.55,43.75,85.59
0.99,0.99,17.70,43.07,84.75
1.05,1.05,16.81,42.76,84.46
1.55,1.55,16.51,42.37,85.05
2.47,2.47,19.56,43.40,85.50
2.19,2.19,18.21,45.46,82.63
3.89,3.89,16.09,44.60,85.08
7.54,7.54,19.51,46.85,79.70
8.63,8.63,19.40,45.04,79.94
4.12,4.12,16.23,47.53,82.30
6.29,6.29,17.73,47.08,83.40
7.15,7.15,15.42,45.65,80.21
16.02,16.02,20.33,45.89,82.80
13.58,13.58,18.08,46.40,82.59
13.22,13.22,24.62,42.79,82.35
8.16,8.16,21.14,48.84,81.60
5.74,5.74,15.57,44.75,80.74
4.36,4.36,22.01,46.44,83.50
5.29,5.29,16.98,50.58,82.92
5.71,5.71,19.23,47.31,81.88
6.23,6.23,21.22,46.66,83.99
5.56,5.56,17.65,49.38,79.86
8.51,8.51,18.31,49.12,84.20
8.75,8.75,15.54,51.19,80.94
7.72,7.72,14.93,52.72,82.54
8.69,8.69,19.28,48.29,81.59
6.91,6.91,16.95,53.38,79.97
6.83,6.83,16.10,53.00,79.04
6.19,6.19,16.51,55.12,81.60
9.30,9.30,16.41,52.57,82.54
14.68,14.68,18.44,52.27,77.74
19.76,19.76,22.82,52.49,78.22
31.56,31.56,36.82,53.87,84.49
27.09,27.09,35.92,50.30,83.25
18.94,18.94,31.53,52.69,81.77
16.88,16.88,25.87,48.38,80.22
21.97,21.97,30.22,52.50,79.24
19.77,19.77,27.10,48.11,74.46
21.06,21.06,27.02,50.17,75.51
15.76,15.76,24.57,47.67,77.96
16.29,16.29,22.66,45.95,76.06
19.06,19.06,23.24,46.41,78.95
19.05,19.05,20.38,47.33,77.59
21.15,21.15,20.97,46.13,78.09
19.72,19.72,18.09,46.45,78.07
18.37,18.37,16.39,44.80,79.54
23.68,23.68,18.41,46.01,79.41
23.51,23.51,20.14,47.36,78.19
20.76,20.76,19.11,45.43,81.13
19.72,19.72,17.41,44.39,78.98
15.57,15.57,16.97,45.48,81.59
21.42,21.42,26.48,40.84,79.81
25.61,25.61,36.45,46.66,85.61
17.95,17.95,27.11,41.81,80.33
11.40,11.40,28.52,43.38,84.18
7.92,7.92,20.23,48.98,85.01
9.17,9.17,26.86,44.85,84.66
9.50,9.50,24.88,49.41,83.78
5.99,5.99,22.05,49.62,84.71
6.64,6.64,21.72,48.11,85.92
7.54,7.54,20.55,47.47,87.00
10.32,10.32,21.25,50.26,85.92
8.53,8.53,22.22,49.32,85.04
2.84,2.84,20.06,47.17,84.90
2.46,2.46,24.48,45.69,84.23
3.45,3.45,25.52,45.24,83.72
7.54,7.54,24.89,46.35,84.24
17.30,17.30,27.11,49.35,85.34
18.46,18.46,24.24,47.81,84.08
14.33,14.33,27.76,46.85,85.07
10.49,10.49,22.93,45.95,84.63
13.08,13.08,31.09,46.04,84.40
14.55,14.55,37.11,47.04,86.01
12.54,12.54,35.33,42.57,84.96
11.30,11.30,25.50,41.11,85.36
11.01,11.01,30.40,44.92,87.92
8.36,8.36,27.17,46.04,80.92
11.08,11.08,30.22,43.61,84.56
13.51,13.51,30.94,45.73,83.51
12.83,12.83,21.06,41.58,80.92
19.65,19.65,25.17,45.40,78.56
19.48,19.48,21.79,43.89,79.60
17.39,17.39,24.68,43.66,80.73
16.69,16.69,25.23,44.66,78.61
17.64,17.64,20.40,43.64,80.85
18.95,18.95,23.68,40.28,77.31
20.46,20.46,26.41,47.18,77.01
17.35,17.35,25.29,43.49,74.49
14.24,14.24,21.49,43.14,77.14
22.33,22.33,22.21,41.88,76.98
21.76,21.76,22.45,43.20,75.77
17.59,17.59,21.90,45.35,80.08
15.29,15.29,21.81,44.01,83.44
13.35,13.35,22.31,48.28,82.08
11.72,11.72,18.80,48.56,84.18
9.53,9.53,19.70,46.19,83.86
10.18,10.18,19.24,46.23,83.83
10.09,10.09,16.20,47.67,83.96
12.35,12.35,19.06,47.99,81.51
15.03,15.03,20.53,47.24,81.65
15.97,15.97,21.32,47.46,79.66
16.00,16.00,21.16,47.25,79.46
16.38,16.38,21.40,46.75,78.84
14.55,14.55,21.55,43.37,77.24
14.00,14.00,18.76,41.81,80.47
17.33,17.33,22.45,46.19,78.63
19.65,19.65,20.86,43.82,82.06
20.19,20.19,22.68,43.61,79.41
23.37,23.37,23.77,46.99,81.56
19.27,19.27,21.12,47.25,80.62
15.67,15.67,15.23,47.09,80.79
24.79,24.79,30.58,48.61,79.08
18.74,18.74,27.35,43.54,84.26
12.26,12.26,22.57,41.69,78.88
12.90,12.90,18.83,41.70,83.84
18.01,18.01,20.18,42.94,79.25
19.96,19.96,22.90,42.19,84.38
19.10,19.10,22.74,41.47,80.82
16.75,16.75,19.60,41.59,83.98
13.39,13.39,20.39,42.73,81.81
14.64,14.64,18.79,45.96,85.41
13.15,13.15,24.85,42.36,81.76
13.63,13.63,21.72,44.94,84.81
20.02,20.02,19.86,43.92,83.01
18.06,18.06,20.90,43.27,85.41
14.17,14.17,21.02,47.27,83.58
14.89,14.89,22.45,44.31,85.73
16.29,16.29,21.17,42.93,81.79
16.44,16.44,20.51,43.03,84.86
15.91,15.91,21.08,43.55,80.13
17.75,17.75,25.79,45.39,85.89
19.27,19.27,32.73,45.07,82.27
15.73,15.73,28.30,43.17,86.50
21.86,21.86,30.48,43.74,83.95
18.05,18.05,23.04,43.42,80.66
14.32,14.32,19.18,44.14,84.95
14.65,14.65,21.36,46.00,84.55
17.35,17.35,22.91,41.55,82.92
17.51,17.51,18.34,42.77,81.44
17.02,17.02,18.06,43.62,86.73
16.50,16.50,23.13,43.60,85.96
15.41,15.41,21.23,42.56,82.67
18.65,18.65,26.14,45.13,80.72
18.51,18.51,20.96,42.53,84.57
19.40,19.40,23.11,42.49,84.49
14.73,14.73,20.64,44.33,84.55
17.76,17.76,22.30,41.22,84.59
20.17,20.17,30.48,42.48,83.10
20.30,20.30,26.59,38.47,86.86
31.26,31.26,27.15,39.98,86.14
33.66,33.66,30.66,47.15,85.28
27.17,27.17,41.26,43.93,89.41
10.88,10.88,39.72,44.55,88.65
5.63,5.63,26.76,42.83,87.50
7.44,7.44,32.56,43.23,86.73
9.74,9.74,29.70,42.31,86.10
11.95,11.95,31.52,38.66,81.90
15.08,15.08,31.95,38.93,83.18
13.60,13.60,21.22,39.64,83.07
16.27,16.27,26.97,40.39,83.83
14.83,14.83,22.74,40.63,81.34
16.82,16.82,27.61,41.67,83.79
19.04,19.04,24.53,42.73,83.17
17.76,17.76,20.18,41.21,83.35
14.92,14.92,21.97,39.99,83.76
15.78,15.78,23.43,45.30,80.51
16.67,16.67,21.57,40.59,82.42
15.58,15.58,16.78,42.09,81.64
16.57,16.57,14.99,43.04,80.47
16.26,16.26,17.55,44.04,79.22
16.38,16.38,19.11,48.51,83.53
14.56,14.56,17.62,45.46,81.62
12.71,12.71,20.35,47.22,84.04
13.71,13.71,18.69,46.66,82.60
14.32,14.32,17.21,44.72,82.89
15.51,15.51,18.68,45.49,85.70
13.06,13.06,14.29,44.10,84.87
12.67,12.67,14.35,45.19,85.39
12.68,12.68,15.52,47.39,86.02
11.15,11.15,13.59,48.74,84.47
11.17,11.17,16.68,48.35,86.84
12.39,12.39,19.70,46.78,84.82
12.43,12.43,18.39,45.82,86.91
14.12,14.12,25.09,48.52,84.61
13.40,13.40,21.04,47.47,85.68
13.95,13.95,27.66,46.86,86.31
14.97,14.97,25.89,48.69,84.52
15.59,15.59,31.39,47.34,86.62
13.72,13.72,27.10,49.05,86.61
15.45,15.45,25.92,47.36,85.99
34.18,34.18,35.62,49.92,86.21
28.67,28.67,35.44,48.75,84.02
14.76,14.76,31.49,48.89,84.91
14.91,14.91,28.04,48.92,83.14
19.74,19.74,31.66,47.44,84.92
18.89,18.89,29.54,49.34,82.11
21.04,21.04,31.64,48.48,83.46
16.83,16.83,27.68,48.27,80.00
19.29,19.29,26.26,48.18,81.85
22.23,22.23,28.11,47.50,80.57
20.96,20.96,31.64,47.64,81.53
20.60,20.60,39.99,49.82,80.86
17.38,17.38,35.87,47.99,80.10
16.67,16.67,36.64,46.76,82.22
20.14,20.14,32.50,47.33,78.29
17.87,17.87,45.20,48.25,80.46
19.34,19.34,41.25,47.44,78.29
15.18,15.18,29.59,47.60,81.02
17.49,17.49,26.08,48.56,78.45
17.58,17.58,26.89,44.05,79.78
25.83,25.83,31.80,46.23,83.18
17.94,17.94,31.40,45.53,85.19
15.65,15.65,29.42,47.49,81.99
11.94,11.94,27.13,46.83,85.87
10.82,10.82,26.18,46.44,80.57
12.80,12.80,23.10,44.79,82.46
13.94,13.94,20.60,47.75,85.70
13.06,13.06,21.13,47.14,81.42
12.98,12.98,18.27,46.50,83.40
10.97,10.97,19.79,45.03,85.23
7.14,7.14,24.71,45.67,84.12
7.17,7.17,23.74,46.56,82.71
10.57,10.57,25.57,44.57,82.61
13.36,13.36,24.16,46.32,82.72
13.75,13.75,28.89,45.75,83.56
9.82,9.82,31.02,45.61,83.52
7.51,7.51,30.22,44.77,80.85
11.85,11.85,32.08,45.19,83.65
6.17,6.17,26.53,45.81,80.73
9.37,9.37,31.98,46.33,83.60
19.41,19.41,34.64,44.19,85.93
19.76,19.76,34.97,46.37,87.48
15.93,15.93,30.80,45.65,86.68
15.49,15.49,37.46,47.27,86.04
10.32,10.32,40.43,46.38,86.83
9.22,9.22,40.44,43.99,85.03
6.97,6.97,42.40,44.16,86.54
8.81,8.81,39.63,45.19,85.59
8.80,8.80,40.46,45.03,84.34
10.05,10.05,35.34,45.16,82.98
7.54,7.54,33.53,46.45,82.40
4.70,4.70,41.42,45.07,81.44
4.63,4.63,39.71,44.05,80.72
2.98,2.98,38.83,44.66,81.23
4.84,4.84,40.09,46.77,81.46
10.14,10.14,40.02,46.04,79.51
12.86,12.86,34.39,43.98,78.92
7.75,7.75,31.81,42.82,80.79
1.81,1.81,26.73,40.06,80.63
1.69,1.69,24.99,41.91,82.85
5.83,5.83,21.46,37.24,85.13
8.27,8.27,24.25,37.04,82.34
5.96,5.96,21.02,37.41,85.17
4.51,4.51,22.26,38.86,85.82
7.04,7.04,23.65,41.58,83.87
7.50,7.50,21.59,36.69,86.99
6.23,6.23,21.56,38.02,84.85
5.27,5.27,23.12,40.46,85.26
5.91,5.91,25.13,41.67,86.39
6.38,6.38,24.24,43.22,82.84
6.83,6.83,26.71,42.66,86.64
8.39,8.39,22.56,41.86,84.00
7.98,7.98,21.70,39.81,86.08
6.52,6.52,23.93,44.13,86.14
10.65,10.65,23.95,40.88,83.45
14.73,14.73,24.71,41.22,86.37
13.49,13.49,21.97,39.60,82.56
15.01,15.01,25.28,45.90,80.34
8.84,8.84,20.23,37.86,80.52
9.62,9.62,29.35,43.82,80.57
11.56,11.56,29.47,38.54,80.21
6.51,6.51,22.62,39.18,79.94
5.10,5.10,21.54,34.70,80.68
8.16,8.16,21.29,41.44,81.16
15.33,15.33,23.30,40.24,81.58
15.06,15.06,21.41,39.70,82.29
8.62,8.62,13.92,39.66,85.05
5.98,5.98,14.55,38.30,82.31
5.03,5.03,15.03,39.04,84.42
7.41,7.41,17.27,41.21,83.18
9.38,9.38,16.55,38.09,83.78
6.77,6.77,13.08,38.19,85.19
7.65,7.65,15.03,38.48,83.30
10.29,10.29,18.39,35.05,86.21
13.46,13.46,22.19,39.55,81.98
7.54,7.54,19.32,38.77,84.92
8.96,8.96,15.96,43.12,85.62
6.48,6.48,15.47,38.47,86.33
5.91,5.91,14.96,40.59,86.78
5.10,5.10,21.43,41.89,85.80
13.77,13.77,18.83,37.73,86.00
18.81,18.81,18.05,43.10,87.23
19.14,19.14,16.41,40.00,81.72
17.75,17.75,16.04,43.49,80.81
4.81,4.81,14.71,42.01,85.03
2.68,2.68,14.91,43.16,85.30
2.68,2.68,10.80,41.93,83.83
2.93,2.93,11.68,45.04,83.46
2.13,2.13,14.24,44.85,87.65
2.81,2.81,13.34,40.08,83.67
2.13,2.13,13.91,42.40,81.87
1.98,1.98,15.03,42.59,84.58
1.25,1.25,14.80,43.09,83.93
1.42,1.42,12.52,44.46,82.21
5.88,5.88,13.59,44.50,86.62
3.90,3.90,14.56,42.88,84.04
5.04,5.04,14.97,43.90,86.18
2.22,2.22,14.47,42.56,86.89
5.59,5.59,22.16,46.36,83.61
9.74,9.74,37.36,45.73,88.24
8.11,8.11,34.26,47.70,88.10
4.02,4.02,24.45,43.02,87.08
1.08,1.08,27.28,44.51,85.16
0.27,0.27,24.50,43.68,86.74
0.32,0.32,30.46,38.97,82.46
1.29,1.29,27.43,37.95,83.32
2.37,2.37,19.98,42.48,85.05
2.04,2.04,21.49,41.02,81.33
1.24,1.24,19.60,40.21,82.82
0.77,0.77,23.68,37.73,85.69
0.77,0.77,22.14,39.85,85.12
1.13,1.13,17.79,38.47,83.46
0.66,0.66,17.21,42.46,81.46
1.35,1.35,19.14,43.62,84.16
0.64,0.64,18.69,39.83,81.26
0.49,0.49,14.61,38.69,79.90
2.54,2.54,14.36,37.46,80.15
5.72,5.72,14.48,39.20,79.25
8.30,8.30,16.72,42.30,80.43
12.49,12.49,20.33,37.02,85.97
12.69,12.69,22.42,38.04,83.21
8.49,8.49,20.66,41.05,84.18
9.28,9.28,17.13,37.55,84.74
13.40,13.40,20.50,40.80,82.15
11.36,11.36,19.01,38.59,85.24
8.74,8.74,18.72,39.36,85.02
4.77,4.77,19.63,38.94,82.35
3.00,3.00,14.57,38.67,82.53
6.42,6.42,16.77,37.79,84.53
6.08,6.08,18.85,41.15,82.83
4.36,4.36,18.22,45.25,81.67
2.09,2.09,17.34,44.08,82.85
2.86,2.86,17.55,45.56,82.53
5.39,5.39,18.08,48.44,81.08
10.85,10.85,17.34,41.87,81.00
12.98,12.98,20.12,44.79,83.27
8.47,8.47,18.97,42.80,78.31
8.99,8.99,17.11,39.37,78.28
3.53,3.53,23.76,41.53,79.82
3.28,3.28,23.94,40.79,81.67
4.10,4.10,22.26,39.84,79.28
3.24,3.24,22.60,38.82,79.08
2.61,2.61,20.65,39.19,79.16
2.98,2.98,20.93,43.41,79.07
4.04,4.04,19.07,36.79,81.11
6.80,6.80,20.24,34.54,79.71
9.57,9.57,19.16,34.72,79.91
10.01,10.01,18.69,36.92,83.05
5.21,5.21,16.67,34.66,83.95
5.74,5.74,13.88,37.62,80.22
6.16,6.16,15.69,36.40,81.46
5.99,5.99,16.34,37.77,84.86
6.12,6.12,17.51,39.81,82.14
6.77,6.77,15.76,41.82,80.63
8.30,8.30,17.15,39.53,80.70
9.16,9.16,17.44,34.18,81.94
10.63,10.63,18.62,41.98,79.81
11.88,11.88,16.89,37.91,82.30
20.35,20.35,34.23,40.64,82.05
20.73,20.73,34.87,39.19,83.09
21.44,21.44,26.64,42.64,84.11
22.01,22.01,29.93,42.07,86.99
21.64,21.64,24.85,38.99,85.55
20.73,20.73,29.20,39.43,82.01
23.78,23.78,29.42,41.45,85.88
31.54,31.54,19.85,47.11,88.57
31.97,31.97,25.29,41.25,87.65
24.03,24.03,20.87,37.04,82.91
16.29,16.29,23.67,40.59,86.44
17.86,17.86,23.92,41.23,89.03
23.30,23.30,16.23,44.20,86.26
10.01,10.01,16.67,43.32,88.02
11.95,11.95,20.31,42.99,84.30
12.75,12.75,16.66,48.60,88.49
13.02,13.02,17.84,45.87,87.63
11.99,11.99,14.36,40.49,87.27
15.17,15.17,14.38,41.29,86.14
13.37,13.37,19.30,44.51,87.27
17.71,17.71,20.36,39.06,80.03
23.21,23.21,21.70,40.97,83.99
26.00,26.00,19.49,42.34,90.19
24.52,24.52,17.49,40.01,86.42
32.25,32.25,21.11,39.20,80.25
21.60,21.60,18.71,40.31,84.04
18.23,18.23,17.09,43.90,90.15
31.00,31.00,21.23,41.17,85.87
21.23,21.23,19.33,38.06,81.59
16.86,16.86,16.99,40.22,83.63
20.20,20.20,16.40,36.05,86.57
23.73,23.73,19.55,38.66,85.41
22.68,22.68,20.65,34.35,81.38
16.27,16.27,19.27,34.01,82.80
17.97,17.97,23.18,39.09,84.92
12.30,12.30,20.91,35.15,81.81
15.70,15.70,23.13,31.58,78.29
15.26,15.26,23.73,37.96,81.09
15.77,15.77,25.03,37.46,81.22
12.01,12.01,24.22,35.91,80.84
12.37,12.37,22.01,36.91,81.83
13.23,13.23,21.42,37.64,80.50
16.33,16.33,21.82,37.33,83.20
19.61,19.61,26.55,40.51,84.57
23.94,23.94,25.87,36.95,80.42
18.87,18.87,20.44,38.32,82.62
13.13,13.13,22.30,39.81,81.20
14.27,14.27,22.94,33.76,81.83
10.36,10.36,20.98,33.34,83.98
14.08,14.08,19.92,36.38,77.63
13.30,13.30,21.64,36.94,78.53
10.88,10.88,21.87,32.13,79.82
15.78,15.78,23.65,37.52,78.39
16.75,16.75,25.04,31.31,77.61
18.41,18.41,26.53,34.79,77.68
18.29,18.29,22.40,37.76,77.22
19.74,19.74,22.18,34.61,76.24
22.51,22.51,23.77,33.91,75.27
18.77,18.77,22.63,40.53,75.44
21.31,21.31,24.14,33.65,77.67
19.11,19.11,24.05,38.39,75.31
14.11,14.11,26.23,34.95,76.22
14.39,14.39,24.40,27.90,76.26
9.94,9.94,27.85,35.02,74.36
13.82,13.82,24.45,32.37,73.87
12.48,12.48,24.78,34.02,75.48
9.01,9.01,23.19,31.23,75.72
15.75,15.75,22.37,32.09,74.12
15.90,15.90,19.06,29.08,71.91
11.98,11.98,19.87,33.96,73.46
18.74,18.74,23.32,34.74,72.88
17.27,17.27,23.97,32.77,73.50
13.65,13.65,24.43,31.23,74.01
15.73,15.73,25.10,35.47,73.82
17.72,17.72,23.11,34.44,76.28
13.58,13.58,22.43,37.56,73.67
16.03,16.03,23.60,36.01,70.49
23.27,23.27,23.70,35.21,71.50
20.21,20.21,22.21,29.20,72.74
19.19,19.19,20.00,35.24,73.17
15.57,15.57,21.73,34.26,70.39
22.33,22.33,23.75,33.13,70.81
25.42,25.42,24.77,32.82,73.88
18.23,18.23,25.59,34.51,73.23
20.78,20.78,32.48,32.40,68.39
16.03,16.03,28.28,31.05,72.10
16.66,16.66,23.72,27.89,70.51
16.90,16.90,31.28,31.80,68.97
15.52,15.52,27.94,34.90,67.37
19.13,19.13,27.96,34.52,71.92
21.02,21.02,32.99,34.60,67.95
21.13,21.13,28.77,31.18,67.89
17.52,17.52,31.89,27.92,71.50
16.74,16.74,28.91,34.90,67.55
15.20,15.20,34.75,32.14,67.89
17.31,17.31,32.00,37.84,67.98
20.34,20.34,30.78,37.40,68.64
17.07,17.07,29.51,30.42,68.33
13.84,13.84,26.35,30.72,69.27
18.21,18.21,31.30,27.49,69.19
18.85,18.85,25.31,30.22,65.22
14.64,14.64,26.38,30.73,69.66
13.82,13.82,26.31,26.65,68.36
15.92,15.92,28.02,28.57,66.65
21.12,21.12,29.44,33.86,66.71
18.55,18.55,28.23,32.19,67.01
16.89,16.89,31.79,32.35,66.83
18.24,18.24,28.08,26.65,63.04
21.42,21.42,25.77,28.36,63.35
22.09,22.09,27.83,31.56,65.76
22.52,22.52,28.88,32.93,66.47
19.90,19.90,28.58,26.39,62.12
18.59,18.59,29.33,28.16,62.11
17.30,17.30,29.57,25.92,63.01
18.59,18.59,29.52,30.42,62.35
15.79,15.79,27.65,30.14,62.37
18.25,18.25,27.05,25.71,64.49
20.91,20.91,24.75,25.20,63.72
20.04,20.04,26.36,26.43,64.67
20.88,20.88,26.52,26.94,64.11
18.10,18.10,27.12,24.92,63.98
16.62,16.62,27.90,24.38,63.52
16.67,16.67,28.99,24.36,64.46
20.23,20.23,30.07,25.31,65.28
20.76,20.76,28.24,25.45,63.00
20.57,20.57,26.03,22.71,63.11
22.41,22.41,29.17,27.58,63.69
22.69,22.69,30.00,22.48,61.13
24.58,24.58,30.13,23.44,62.40
20.11,20.11,30.29,25.52,61.32
16.76,16.76,30.32,25.60,64.04
18.68,18.68,31.52,27.59,62.61
19.34,19.34,32.28,24.02,63.08
19.81,19.81,28.44,24.26,60.34
15.35,15.35,27.20,23.39,62.91
16.86,16.86,27.01,23.33,65.03
18.41,18.41,29.08,19.12,61.81
13.19,13.19,27.46,19.88,64.53
13.70,13.70,25.81,20.65,63.97
10.69,10.69,25.56,21.88,63.92
13.65,13.65,29.57,22.04,60.42
14.67,14.67,28.18,22.48,62.45
10.42,10.42,28.19,24.14,63.88
11.55,11.55,26.16,19.70,58.96
12.96,12.96,26.54,19.89,55.05
11.71,11.71,25.25,19.63,61.14
14.88,14.88,24.14,21.79,63.36
16.10,16.10,25.04,20.96,59.86
13.68,13.68,27.44,22.86,57.77
14.74,14.74,29.06,19.09,59.78
14.63,14.63,29.00,21.19,61.83
13.14,13.14,23.88,21.80,53.68
14.32,14.32,23.61,21.97,58.95
14.57,14.57,25.59,24.09,59.14
15.19,15.19,23.78,21.19,56.11
16.44,16.44,26.91,23.03,58.53
15.07,15.07,28.41,23.24,53.83
14.24,14.24,29.16,26.10,55.86
15.68,15.68,28.38,30.08,59.67
16.90,16.90,30.27,30.84,56.35
20.34,20.34,31.18,25.68,55.60
21.02,21.02,30.46,32.35,58.79
20.20,20.20,32.08,31.44,56.34
20.68,20.68,28.83,25.51,57.01
15.50,15.50,29.28,29.03,53.78
16.72,16.72,28.89,34.88,56.77
17.56,17.56,30.74,30.81,54.51
17.56,17.56,31.57,27.89,53.75
18.98,18.98,32.98,36.97,55.73
17.30,17.30,30.14,35.40,51.93
18.22,18.22,30.00,32.59,53.37
22.15,22.15,30.84,34.87,51.43
19.78,19.78,28.72,36.23,51.77
19.91,19.91,28.50,37.01,50.92
19.56,19.56,27.44,33.62,51.10
18.98,18.98,27.98,32.97,50.26
16.77,16.77,29.06,35.32,49.13
17.74,17.74,29.39,36.26,49.40
19.51,19.51,29.78,34.61,49.52
16.88,16.88,29.36,34.90,50.27
16.89,16.89,30.82,35.19,50.10
18.13,18.13,33.15,37.61,48.52
20.16,20.16,32.50,36.87,44.95
21.43,21.43,33.08,37.00,43.53
21.16,21.16,33.92,38.00,46.38
19.97,19.97,33.06,38.86,45.13
18.20,18.20,31.96,35.58,44.80
19.52,19.52,32.88,38.13,43.29
20.04,20.04,34.47,34.62,42.79
22.19,22.19,36.37,36.12,44.53
19.66,19.66,34.34,39.54,43.74
17.06,17.06,33.18,32.91,45.40
16.23,16.23,35.98,39.36,44.13
13.78,13.78,33.91,34.74,42.18
16.27,16.27,33.29,35.98,44.28
18.03,18.03,34.59,37.08,44.24
14.89,14.89,34.72,34.06,46.02
16.35,16.35,34.65,36.69,45.35
15.56,15.56,32.61,34.35,43.34
17.71,17.71,33.36,33.83,42.23
20.00,20.00,34.88,37.24,42.72
18.26,18.26,33.03,35.92,43.10
17.80,17.80,37.60,36.89,45.35
18.38,18.38,36.81,40.94,44.69
18.61,18.61,36.73,37.80,43.33
18.97,18.97,37.03,42.15,42.66
19.32,19.32,35.74,40.47,39.79
19.23,19.23,36.81,38.34,41.26
17.93,17.93,37.65,42.57,39.98
20.23,20.23,36.41,37.10,40.31
21.71,21.71,38.42,39.23,40.88
21.41,21.41,37.39,38.10,39.61
21.87,21.87,37.28,34.69,38.10
22.04,22.04,36.58,36.17,36.13
23.73,23.73,35.81,33.77,36.04
25.24,25.24,38.29,32.71,36.71
25.56,25.56,37.68,35.79,36.08
24.09,24.09,35.34,32.17,34.09
22.81,22.81,35.22,32.37,31.83
21.50,21.50,35.84,34.98,30.78
24.88,24.88,36.78,28.22,32.55
26.63,26.63,36.84,25.37,33.38
26.68,26.68,36.28,31.63,31.81
26.46,26.46,36.10,22.70,30.71
24.81,24.81,34.20,21.45,29.34
23.08,23.08,33.03,23.73,27.20
22.88,22.88,34.04,19.30,26.56
23.79,23.79,32.57,17.04,27.08
24.10,24.10,33.06,23.79,27.86
23.29,23.29,33.28,24.91,27.45
22.71,22.71,32.25,26.67,26.25
21.39,21.39,31.01,23.93,24.72
18.72,18.72,29.78,27.25,21.73
17.18,17.18,25.85,21.50,19.53
16.93,16.93,25.49,21.98,17.94
15.29,15.29,24.91,23.77,15.67
14.80,14.80,22.60,20.82,12.72
13.85,13.85,24.22,22.17,11.44
13.34,13.34,23.87,17.33,10.54
13.70,13.70,27.39,25.95,14.84
14.50,14.50,31.24,26.02,14.76
15.11,15.11,31.14,26.24,17.78
14.64,14.64,28.33,23.12,18.16
13.12,13.12,29.58,25.95,15.71
11.65,11.65,29.02,27.25,16.83
10.56,10.56,24.83,16.01,14.69
11.03,11.03,26.74,24.13,11.50
11.20,11.20,27.24,21.84,11.27
11.06,11.06,28.46,23.49,11.93
8.77,8.77,27.92,24.17,10.87
8.01,8.01,26.82,23.20,10.19
6.77,6.77,26.12,20.33,8.95
7.44,7.44,27.12,22.95,11.15
6.55,6.55,28.66,23.50,12.52
8.17,8.17,28.92,24.80,11.90
9.25,9.25,29.08,24.86,12.90
11.35,11.35,28.48,22.52,12.00
13.05,13.05,28.17,26.05,10.58
13.58,13.58,23.41,15.59,7.73
12.30,12.30,23.39,18.08,9.14
10.77,10.77,22.91,20.27,9.90
9.64,9.64,18.74,13.44,8.45
11.42,11.42,22.73,18.41,7.51
11.20,11.20,23.68,19.99,6.35
9.96,9.96,18.82,10.02,5.07
9.27,9.27,24.00,18.24,6.16
8.60,8.60,23.98,20.33,7.04
7.86,7.86,22.50,16.33,8.08
6.16,6.16,25.65,21.00,11.15
5.81,5.81,23.33,18.07,11.35
6.72,6.72,24.11,20.98,11.31
8.14,8.14,22.46,15.75,10.75
10.66,10.66,19.86,12.60,9.15
12.01,12.01,20.23,11.17,8.41
10.84,10.84,16.13,13.01,6.63
8.50,8.50,17.23,14.18,4.26
6.87,6.87,14.94,14.75,3.55
7.97,7.97,14.56,14.13,1.74
10.28,10.28,15.14,11.96,1.83
12.18,12.18,17.05,10.74,2.58
11.80,11.80,16.42,12.60,2.46
8.79,8.79,16.08,16.92,2.05
5.04,5.04,13.33,16.13,1.48
4.51,4.51,17.01,17.38,4.09
5.54,5.54,16.78,17.09,6.57
7.49,7.49,15.08,17.39,6.54
7.51,7.51,17.75,18.24,5.44
6.12,6.12,18.18,17.64,4.61
3.52,3.52,16.77,16.77,2.90
3.66,3.66,19.47,16.22,3.23
2.85,2.85,16.45,14.09,4.01
2.82,2.82,17.14,15.01,3.32
3.99,3.99,18.73,16.11,2.92
3.21,3.21,17.26,15.94,2.81
2.82,2.82,17.93,16.14,2.99
3.29,3.29,17.55,14.75,3.47
1.89,1.89,16.65,13.25,2.84
2.29,2.29,17.80,14.76,1.73
1.58,1.58,14.92,10.69,1.07
1.30,1.30,16.95,11.33,0.82
0.81,0.81,13.93,6.71,0.82
0.47,0.47,13.54,3.77,0.82
0.28,0.28,14.46,3.78,0.82
-0.00,-0.00,11.70,2.45,0.82
0.00,0.00,12.40,1.72,0.82
-0.00,-0.00,13.01,2.63,0.82
0.00,0.00,10.44,4.51,0.82
0.00,0.00,14.31,4.05,0.93
0.02,0.02,11.99,7.87,0.99
-0.00,-0.00,14.23,9.52,1.43
0.02,0.02,18.11,11.03,1.65
-0.00,-0.00,15.39,10.43,1.39
0.13,0.13,17.50,12.79,1.05
0.16,0.16,14.94,7.64,0.82
0.11,0.11,13.97,10.62,0.82
0.35,0.35,16.16,8.62,0.82
0.05,0.05,11.77,7.80,0.82
0.19,0.19,13.35,7.70,0.82
0.03,0.03,11.51,4.54,0.82
0.01,0.01,10.05,6.03,0.82
0.02,0.02,11.95,6.72,0.82
0.02,0.02,6.53,2.07,0.82
0.09,0.09,8.83,3.20,0.82
0.12,0.12,11.76,6.43,0.82
0.00,0.00,7.91,4.24,0.82
0.06,0.06,10.02,4.43,0.82
0.05,0.05,8.72,3.13,0.82
0.02,0.02,6.47,2.80,0.82
0.01,0.01,9.12,3.39,0.82
-0.00,-0.00,4.39,0.42,0.82
-0.00,-0.00,5.17,0.65,0.82
-0.00,-0.00,5.89,0.34,0.82
-0.00,-0.00,1.92,-0.00,0.82
-0.00,-0.00,3.23,-0.00,0.82
-0.00,-0.00,1.96,-0.00,0.82
-0.00,-0.00,1.15,-0.00,0.82
-0.00,-0.00,2.46,-0.00,0.82
-0.00,-0.00,0.46,-0.00,0.82
-0.00,-0.00,1.34,-0.00,0.82
-0.00,-0.00,0.88,-0.00,0.82
-0.00,-0.00,0.18,-0.00,0.82
-0.00,-0.00,0.16,-0.00,0.82
-0.00,-0.00,0.00,-0.00,0.82
-0.00,-0.00,0.00,-0.00,0.82
-0.00,-0.00,-0.00,-0.00,0.82
-0.00,-0.00,-0.00,-0.00,0.82
-0.00,-0.00,0.12,-0.00,0.82
0.26,0.26,2.51,1.05,0.82
1.56,1.56,6.65,4.89,0.82
1.78,1.78,4.47,0.57,0.82
1.85,1.85,6.85,4.36,0.82
2.25,2.25,5.70,2.61,0.82
1.98,1.98,5.01,2.62,0.82
2.53,2.53,4.29,0.05,0.82
2.12,2.12,4.44,0.63,0.82
1.70,1.70,5.83,3.39,0.82
0.91,0.91,3.59,1.27,0.82
1.32,1.32,4.21,0.75,0.82
1.71,1.71,4.31,0.99,0.82
2.04,2.04,5.54,3.38,0.82
2.31,2.31,4.73,2.51,0.82
1.79,1.79,3.97,0.94,0.82
1.32,1.32,3.30,0.31,0.82
2.02,2.02,6.48,4.18,0.82
1.44,1.44,4.39,1.68,0.82
1.53,1.53,3.43,0.22,0.82
1.37,1.37,3.45,0.34,0.82
1.62,1.62,3.59,0.43,0.82
1.46,1.46,3.12,0.39,0.82
1.58,1.58,3.79,0.40,0.82
0.94,0.94,2.41,-0.00,0.82
0.61,0.61,1.76,-0.00,0.82
0.27,0.27,2.01,0.08,0.82
0.08,0.08,1.18,-0.00,0.82
0.03,0.03,0.89,-0.00,0.82
0.17,0.17,1.36,0.01,0.82
0.16,0.16,1.10,-0.00,0.82
0.18,0.18,1.44,0.07,0.82
0.07,0.07,2.10,0.37,0.82
0.02,0.02,1.42,0.11,0.82
0.00,0.00,0.34,-0.00,0.82
0.00,0.00,0.98,-0.00,0.82
-0.00,-0.00,0.62,-0.00,0.82
-0.00,-0.00,0.01,-0.00,0.82
-0.00,-0.00,0.44,-0.00,0.82
-0.00,-0.00,0.65,0.04,0.82
-0.00,-0.00,0.29,-0.00,0.82
-0.00,-0.00,0.10,-0.00,0.82
-0.00,-0.00,0.48,-0.00,0.82
-0.00,-0.00,0.06,-0.00,0.82
-0.00,-0.00,0.01,-0.00,0.82
-0.00,-0.00,-0.00,-0.00,0.82
-0.00,-0.00,-0.00,-0.00,0.82
-0.00,-0.00,-0.00,-0.00,0.82
-0.00,-0.00,-0.00,-0.00,0.82
-0.00,-0.00,-0.00,-0.00,0.82
-0.00,-0.00,-0.00,-0.00,0.82
-0.00,-0.00,-0.00,-0.00,0.82
-0.00,-0.00,-0.00,-0.00,0.82
-0.00,-0.00,-0.00,-0.00,0.82
-0.00,-0.00,-0.00,-0.00,0.82
-0.00,-0.00,-0.00,-0.00,0.82
-0.00,-0.00,-0.00,-0.00,0.82
-0.00,-0.00,-0.00,-0.00,0.82
-0.00,-0.00,-0.00,-0.00,0.82
-0.00,-0.00,-0.00,-0.00,0.82
-0.00,-0.00,-0.00,-0.00,0.82
-0.00,-0.00,-0.00,-0.00,0.82
-0.00,-0.00,-0.00,-0.00,0.82
-0.00,-0.00,-0.00,-0.00,0.82
-0.00,-0.00,-0.00,-0.00,0.82
-0.00,-0.00,-0.00,-0.00,0.82
-0.00,-0.00,-0.00,-0.00,0.82
-0.00,-0.00,-0.00,-0.00,0.82
-0.00,-0.00,-0.00,-0.00,0.82
-0.00,-0.00,-0.00,-0.00,0.82
-0.00,-0.00,-0.00,-0.00,0.82
-0.00,-0.00,-0.00,-0.00,0.82
-0.00,-0.00,-0.00,-0.00,0.82
-0.00,-0.00,-0.00,-0.00,0.82
-0.00,-0.00,-0.00,-0.00,0.82
-0.00,-0.00,-0.00,-0.00,0.82
-0.00,-0.00,-0.00,-0.00,0.82
-0.00,-0.00,-0.00,-0.00,0.82
-0.00,-0.00,-0.00,-0.00,0.82
-0.00,-0.00,-0.00,-0.00,0.82
-0.00,-0.00,-0.00,-0.00,0.82
-0.00,-0.00,-0.00,-0.00,0.82
-0.00,-0.00,-0.00,-0.00,0.82
-0.00,-0.00,-0.00,-0.00,0.82
-0.00,-0.00,-0.00,-0.00,0.82
-0.00,-0.00,-0.00,-0.00,0.82
-0.00,-0.00,-0.00,-0.00,0.82
-0.00,-0.00,-0.00,-0.00,0.82
-0.00,-0.00,-0.00,-0.00,0.82
-0.00,-0.00,-0.00,-0.00,0.82
-0.00,-0.00,-0.00,-0.00,0.82
-0.00,-0.00,-0.00,-0.00,0.82
-0.00,-0.00,-0.00,-0.00,0.82
-0.00,-0.00,-0.00,-0.00,0.82
-0.00,-0.00,-0.00,-0.00,0.82
-0.00,-0.00,-0.00,-0.00,0.82
-0.00,-0.00,-0.00,-0.00,0.82
-0.00,-0.00,-0.00,-0.00,0.82
-0.00,-0.00,-0.00,-0.00,0.82
-0.00,-0.00,-0.00,-0.00,0.82
-0.00,-0.00,-0.00,-0.00,0.82
-0.00,-0.00,-0.00,-0.00,0.82
-0.00,-0.00,-0.00,-0.00,0.82
-0.00,-0.00,-0.00,-0.00,0.82
-0.00,-0.00,-0.00,-0.00,0.82
-0.00,-0.00,-0.00,-0.00,0.82
-0.00,-0.00,-0.00,-0.00,0.82
-0.00,-0.00,-0.00,-0.00,0.82
-0.00,-0.00,-0.00,-0.00,0.82
-0.00,-0.00,-0.00,-0.00,0.82
